<COLLADA xmlns="http://www.collada.org/2005/11/COLLADASchema" version="1.4.1">
  <asset>
    <contributor/>
    <created>2025-05-28T23:07:14.160701</created>
    <modified>2025-05-28T23:07:14.160703</modified>
    <unit name="meter" meter="1.0"/>
    <up_axis>Z_UP</up_axis>
  </asset>
  <library_effects>
    <effect id="effect_Body001" name="effect_Body001">
      <profile_COMMON>
        <technique sid="common">
          <phong>
            <emission>
              <color>0.0 0.0 0.0 1.0</color>
            </emission>
            <ambient>
              <color>0.0 0.0 0.0 1.0</color>
            </ambient>
            <diffuse>
              <color>0.0 1.0 1.0 1.0</color>
            </diffuse>
            <specular>
              <color>1 1 1 1.0</color>
            </specular>
            <shininess>
              <float>0.0</float>
            </shininess>
            <reflective>
              <color>0.0 0.0 0.0 1.0</color>
            </reflective>
            <reflectivity>
              <float>0.0</float>
            </reflectivity>
            <transparent>
              <color>0.0 0.0 0.0 1.0</color>
            </transparent>
            <transparency>
              <float>1.0</float>
            </transparency>
          </phong>
        </technique>
        <extra>
          <technique profile="GOOGLEEARTH">
            <double_sided>0</double_sided>
          </technique>
        </extra>
      </profile_COMMON>
    </effect>
  </library_effects>
  <library_geometries>
    <geometry id="geometry0" name="Body001">
      <mesh>
        <source id="cubeverts-array0">
          <float_array count="8874" id="cubeverts-array0-array">-0.02 0.02645751 -0.015 -0.02 0.03625 -0.015 -0.02 0.02645751 0.015 -0.02 0.03625 0.015 -0.065 -0.035 -0.015 -0.06 -0.035 -0.015 -0.065 -0.042 -0.015 -0.055 -0.035 -0.015 -0.02 -0.035 -0.015 -0.01 -0.042 -0.015 -0.01 -0.04 -0.015 -0.02344713 -0.02454564 -0.015 -0.0233763 -0.02461528 -0.015 -0.02351319 -0.02447147 -0.015 -0.02330101 -0.02468007 -0.015 -0.02357421 -0.02439309 -0.015 -0.02322161 -0.02473974 -0.015 -0.0236299 -0.02431084 -0.015 -0.02313842 -0.02479403 -0.015 -0.02368002 -0.02422509 -0.015 -0.02305183 -0.02484269 -0.015 -0.02372436 -0.02413621 -0.015 -0.02296221 -0.02488552 -0.015 -0.02286995 -0.02492231 -0.015 -0.02277545 -0.02495292 -0.015 -0.02267914 -0.02497721 -0.015 -0.02376272 -0.02404458 -0.015 -0.02569836 -0.02106397 -0.015 -0.02379494 -0.02395062 -0.015 -0.02576645 -0.02099166 -0.015 -0.02562562 -0.02113161 -0.015 -0.02382086 -0.02385474 -0.015 -0.02582962 -0.020915 -0.015 -0.02554857 -0.0211943 -0.015 -0.02384038 -0.02375735 -0.015 -0.02588757 -0.02083433 -0.015 -0.02546754 -0.02125174 -0.015 -0.02385341 -0.02365887 -0.015 -0.02594005 -0.02075 -0.015 -0.02538288 -0.0213037 -0.015 -0.0238599 -0.02355976 -0.015 -0.02598684 -0.02066238 -0.015 -0.02529497 -0.02134994 -0.015 -0.02385981 -0.02346043 -0.015 -0.02602773 -0.02057186 -0.015 -0.0252042 -0.02139026 -0.015 -0.02385315 -0.02336133 -0.015 -0.02606254 -0.02047883 -0.015 -0.02511095 -0.02142449 -0.015 -0.02383995 -0.02326288 -0.015 -0.02501564 -0.02145247 -0.015 -0.02382026 -0.02316552 -0.015 -0.02 -0.02645751 -0.015 -0.02258143 -0.02499508 -0.015 -0.02248275 -0.02500643 -0.015 -0.02491869 -0.02147407 -0.015 -0.02379416 -0.02306968 -0.015 -0.02238354 -0.02501124 -0.015 -0.0204965 -0.02588365 -0.015 -0.02228423 -0.02500946 -0.015 -0.02218525 -0.02500112 -0.015 -0.02482053 -0.02148922 -0.015 -0.02376179 -0.02297578 -0.015 -0.02098203 -0.02530047 -0.015 -0.02208704 -0.02498624 -0.015 -0.02199003 -0.0249649 -0.015 -0.02189465 -0.02493718 -0.015 -0.02180131 -0.02490321 -0.015 -0.02171043 -0.02486314 -0.015 -0.02162239 -0.02481714 -0.015 -0.02153759 -0.02476541 -0.015 -0.02472157 -0.02149784 -0.015 -0.02372326 -0.02288422 -0.015 -0.0214564 -0.02470819 -0.015 -0.02462226 -0.02149988 -0.015 -0.02367877 -0.02279542 -0.015 -0.02452304 -0.02149535 -0.015 -0.02442433 -0.02148427 -0.015 -0.02362849 -0.02270975 -0.015 -0.02432657 -0.02146667 -0.015 -0.02357266 -0.0226276 -0.015 -0.02329896 -0.0223411 -0.015 -0.02343852 -0.02195144 -0.015 -0.02321945 -0.02228157 -0.015 -0.02337436 -0.02240576 -0.015 -0.02344531 -0.02247528 -0.015 -0.02351151 -0.02254933 -0.015 -0.0242302 -0.02144265 -0.015 -0.0236543 -0.02161915 -0.015 -0.02413562 -0.02141229 -0.015 -0.02404326 -0.02137575 -0.015 -0.02395352 -0.02133317 -0.015 -0.02386679 -0.02128475 -0.015 -0.02612909 -0.02018882 -0.015 -0.02756924 -0.01736236 -0.015 -0.02613832 -0.02008992 -0.015 -0.02611333 -0.02028689 -0.015 -0.02763932 -0.01729196 -0.015 -0.02749466 -0.01742796 -0.015 -0.02614099 -0.01999063 -0.015 -0.02609111 -0.0203837 -0.015 -0.02770458 -0.01721708 -0.015 -0.02741589 -0.01748848 -0.015 -0.02613708 -0.01989137 -0.015 -0.02776475 -0.01713805 -0.015 -0.0273333 -0.01754366 -0.015 -0.02612661 -0.0197926 -0.015 -0.02781955 -0.01705521 -0.015 -0.02724723 -0.01759324 -0.015 -0.02610962 -0.01969473 -0.015 -0.02786875 -0.01696893 -0.015 -0.02715808 -0.01763703 -0.015 -0.0260862 -0.01959821 -0.015 -0.02791214 -0.01687957 -0.015 -0.02706622 -0.01767481 -0.015 -0.02605644 -0.01950344 -0.015 -0.02794951 -0.01678754 -0.015 -0.02697206 -0.01770644 -0.015 -0.02602047 -0.01941085 -0.015 -0.02798071 -0.01669324 -0.015 -0.02687601 -0.01773176 -0.015 -0.02597846 -0.01932085 -0.015 -0.0267785 -0.01775068 -0.015 -0.02593058 -0.01923382 -0.015 -0.02667995 -0.01776309 -0.015 -0.02587704 -0.01915015 -0.015 -0.0265808 -0.01776896 -0.015 -0.02648147 -0.01776825 -0.015 -0.02581809 -0.01907021 -0.015 -0.02638241 -0.01776097 -0.015 -0.02575397 -0.01899435 -0.015 -0.02545183 -0.01873802 -0.015 -0.02554989 -0.01833591 -0.015 -0.02536653 -0.01868713 -0.015 -0.02553357 -0.01879445 -0.015 -0.0256114 -0.01885616 -0.015 -0.02568497 -0.0189229 -0.015 -0.02572976 -0.01798289 -0.015 -0.02628405 -0.01774715 -0.015 -0.02618681 -0.01772685 -0.015 -0.02609114 -0.01770016 -0.015 -0.02599744 -0.0176672 -0.015 -0.02590613 -0.0176281 -0.015 -0.02804147 -0.0163017 -0.015 -0.02911097 -0.01341323 -0.015 -0.02804032 -0.01620238 -0.015 -0.02903897 -0.01348165 -0.015 -0.02803259 -0.01610335 -0.015 -0.02803605 -0.01640088 -0.015 -0.02917829 -0.01334019 -0.015 -0.02896259 -0.01354516 -0.015 -0.02801833 -0.01600505 -0.015 -0.02802408 -0.01649949 -0.015 -0.02924063 -0.01326286 -0.015 -0.02888219 -0.01360347 -0.015 -0.02799759 -0.01590791 -0.015 -0.02929771 -0.01318157 -0.015 -0.0280056 -0.01659708 -0.015 -0.02879809 -0.01365633 -0.015 -0.02797047 -0.01581236 -0.015 -0.02934928 -0.01309668 -0.015 -0.02871069 -0.01370352 -0.015 -0.02793709 -0.01571881 -0.015 -0.02939513 -0.01300856 -0.015 -0.02862035 -0.01374481 -0.015 -0.02789758 -0.01562767 -0.015 -0.02943504 -0.0129176 -0.015 -0.02852748 -0.01378003 -0.015 -0.02785214 -0.01553935 -0.015 -0.02946885 -0.01282421 -0.015 -0.02843247 -0.01380904 -0.015 -0.02780094 -0.01545423 -0.015 -0.0294964 -0.01272877 -0.015 -0.02833576 -0.01383169 -0.015 -0.02774423 -0.01537269 -0.015 -0.02951757 -0.01263173 -0.015 -0.02768224 -0.01529508 -0.015 -0.02823776 -0.01384789 -0.015 -0.02761525 -0.01522174 -0.015 -0.02813891 -0.01385756 -0.015 -0.02754356 -0.01515299 -0.015 -0.02803963 -0.01386068 -0.015 -0.02721627 -0.01492965 -0.015 -0.02727177 -0.01451949 -0.015 -0.02712612 -0.01488795 -0.015 -0.02730347 -0.01497722 -0.015 -0.02738732 -0.01503047 -0.015 -0.02746747 -0.01508914 -0.015 -0.02794036 -0.01385721 -0.015 -0.02741375 -0.0141496 -0.015 -0.02784154 -0.01384719 -0.015 -0.0277436 -0.01383065 -0.015 -0.02764697 -0.01380766 -0.015 -0.02755207 -0.01377832 -0.015 -0.02948305 -0.01194338 -0.015 -0.03016501 -0.009398254 -0.015 -0.02945227 -0.01184894 -0.015 -0.03023433 -0.009327111 -0.015 -0.0295075 -0.01203965 -0.015 -0.03009114 -0.009464653 -0.015 -0.02941531 -0.01175674 -0.015 -0.02952554 -0.01213733 -0.015 -0.03029878 -0.009251537 -0.015 -0.03001303 -0.009526017 -0.015 -0.02937233 -0.01166719 -0.015 -0.02953707 -0.01223598 -0.015 -0.0303581 -0.009171863 -0.015 -0.02993103 -0.009582078 -0.015 -0.02932351 -0.01158069 -0.015 -0.03041201 -0.009088438 -0.015 -0.02954204 -0.01233519 -0.015 -0.0298455 -0.009632588 -0.015 -0.02926908 -0.0114976 -0.015 -0.03046028 -0.009001627 -0.015 -0.02954044 -0.0124345 -0.015 -0.02975682 -0.009677328 -0.015 -0.02920927 -0.0114183 -0.015 -0.0305027 -0.008911813 -0.015 -0.02953227 -0.01253349 -0.015 -0.02966537 -0.009716101 -0.015 -0.02914434 -0.01134313 -0.015 -0.03053908 -0.008819387 -0.015 -0.02957156 -0.009748735 -0.015 -0.02907458 -0.01127242 -0.015 -0.03056927 -0.008724756 -0.015 -0.02947579 -0.00977509 -0.015 -0.03059313 -0.008628336 -0.015 -0.02937849 -0.009795049 -0.015 -0.0290003 -0.01120648 -0.015 -0.03061055 -0.008530547 -0.015 -0.02857297 -0.0109577 -0.015 -0.02858529 -0.01054399 -0.015 -0.02847896 -0.01092565 -0.015 -0.02866466 -0.0109959 -0.015 -0.02875362 -0.01104009 -0.015 -0.02883946 -0.01109006 -0.015 -0.02892181 -0.01114561 -0.015 -0.02928008 -0.009808524 -0.015 -0.055 0.01417893 -0.015 -0.03062146 -0.00843182 -0.015 -0.02868783 -0.01016128 -0.015 -0.02918099 -0.009815456 -0.015 -0.02908167 -0.009815816 -0.015 -0.02898253 -0.0098096 -0.015 -0.02888403 -0.009796838 -0.015 -0.02878658 -0.009777584 -0.015 -0.03051517 -0.007750849 -0.015 -0.03086084 -0.00522214 -0.015 -0.0304747 -0.007660143 -0.015 -0.03078957 -0.005291333 -0.015 -0.0304283 -0.007572316 -0.015 -0.03054956 -0.007844035 -0.015 -0.03092737 -0.005148383 -0.015 -0.03071389 -0.005355657 -0.015 -0.0303762 -0.007487751 -0.015 -0.03098887 -0.005070385 -0.015 -0.03057771 -0.007939292 -0.015 -0.03063411 -0.005414831 -0.015 -0.03031861 -0.00740682 -0.015 -0.03059949 -0.008036203 -0.015 -0.03104507 -0.004988487 -0.015 -0.03055059 -0.005468596 -0.015 -0.03025579 -0.007329878 -0.015 -0.03109573 -0.004903049 -0.015 -0.03061481 -0.008134344 -0.015 -0.03046369 -0.005516714 -0.015 -0.03018802 -0.007257263 -0.015 -0.0306236 -0.008233283 -0.015 -0.03114063 -0.004814445 -0.015 -0.0303738 -0.005558977 -0.015 -0.03011559 -0.007189291 -0.015 -0.02950706 -0.006865702 -0.015 -0.02947606 -0.006452965 -0.015 -0.02941021 -0.006843657 -0.015 -0.02960224 -0.006894109 -0.015 -0.02969533 -0.006928752 -0.015 -0.02978592 -0.006969481 -0.015 -0.02987362 -0.007016116 -0.015 -0.03062582 -0.008332587 -0.015 -0.03117956 -0.004723065 -0.015 -0.03003882 -0.007126263 -0.015 -0.03028131 -0.005595197 -0.015 -0.02995804 -0.007068453 -0.015 -0.03121236 -0.004629308 -0.015 -0.03018663 -0.005625217 -0.015 -0.03123888 -0.004533586 -0.015 -0.03009017 -0.005648905 -0.015 -0.03125901 -0.004436318 -0.015 -0.03127266 -0.004337932 -0.015 -0.02999235 -0.005666157 -0.015 -0.02953804 -0.00606164 -0.015 -0.0298936 -0.005676897 -0.015 -0.03127976 -0.004238858 -0.015 -0.02979436 -0.005681078 -0.015 -0.0312803 -0.004139531 -0.015 -0.02969506 -0.005678682 -0.015 -0.02959614 -0.00566972 -0.015 -0.0300083 -0.002698479 -0.015 -0.02993432 -0.002291243 -0.015 -0.02990967 -0.002686678 -0.015 -0.03010592 -0.002716781 -0.015 -0.03020213 -0.002741504 -0.015 -0.03029648 -0.00277254 -0.015 -0.03038857 -0.002809752 -0.015 -0.03093769 -0.003226271 -0.015 -0.03105067 -0.001070558 -0.015 -0.03087196 -0.003151803 -0.015 -0.03111922 -0.0009986743 -0.015 -0.03099835 -0.003304926 -0.015 -0.03097751 -0.001137747 -0.015 -0.03080145 -0.003081849 -0.015 -0.03118286 -0.0009224119 -0.015 -0.03105367 -0.003387423 -0.015 -0.03090007 -0.001199947 -0.015 -0.03072645 -0.003016715 -0.015 -0.03124131 -0.0008421046 -0.015 -0.03110341 -0.0034734 -0.015 -0.03081868 -0.001256885 -0.015 -0.03064732 -0.002956687 -0.015 -0.03129432 -0.0007581047 -0.015 -0.03114735 -0.003562481 -0.015 -0.0307337 -0.001308312 -0.015 -0.03056438 -0.002902028 -0.015 -0.03134166 -0.0006707807 -0.015 -0.0311853 -0.003654275 -0.015 -0.03064551 -0.001354002 -0.015 -0.03138311 -0.0005805152 -0.015 -0.03121709 -0.003748379 -0.015 -0.03055448 -0.001393755 -0.015 -0.030478 -0.002852978 -0.015 -0.0314185 -0.0004877042 -0.015 -0.03124258 -0.00384438 -0.015 -0.03046102 -0.001427396 -0.015 -0.02995506 -0.001895583 -0.015 -0.03144767 -0.0003927547 -0.015 -0.03126167 -0.003941858 -0.015 -0.03036554 -0.001454778 -0.015 -0.03147049 -0.0002960829 -0.015 -0.03127426 -0.004040386 -0.015 -0.03026846 -0.001475781 -0.015 -0.03148686 -0.0001981129 -0.015 -0.0301702 -0.001490313 -0.015 -0.03149671 -9.92741e-05 -0.015 -0.03007119 -0.001498309 -0.015 -0.0315 -1.814704e-18 -0.015 -0.02997187 -0.001499736 -0.015 -0.03149671 9.92741e-05 -0.015 -0.03148686 0.0001981129 -0.015 -0.03147049 0.0002960829 -0.015 -0.03007119 0.001498309 -0.015 -0.02995506 0.001895583 -0.015 -0.02997187 0.001499736 -0.015 -0.0301702 0.001490313 -0.015 -0.03026846 0.001475781 -0.015 -0.03036554 0.001454778 -0.015 -0.03046102 0.001427396 -0.015 -0.03105067 0.001070558 -0.015 -0.03087196 0.003151803 -0.015 -0.03097751 0.001137747 -0.015 -0.03080145 0.003081849 -0.015 -0.03090007 0.001199947 -0.015 -0.03111922 0.0009986743 -0.015 -0.03093769 0.003226271 -0.015 -0.03072645 0.003016715 -0.015 -0.03081868 0.001256885 -0.015 -0.03118286 0.0009224119 -0.015 -0.03099835 0.003304926 -0.015 -0.03064732 0.002956687 -0.015 -0.0307337 0.001308312 -0.015 -0.03105367 0.003387423 -0.015 -0.03124131 0.0008421046 -0.015 -0.03064551 0.001354002 -0.015 -0.03056438 0.002902028 -0.015 -0.03055448 0.001393755 -0.015 -0.03129432 0.0007581047 -0.015 -0.03110341 0.0034734 -0.015 -0.030478 0.002852978 -0.015 -0.03114735 0.003562481 -0.015 -0.03134166 0.0006707807 -0.015 -0.03038857 0.002809752 -0.015 -0.02993432 0.002291243 -0.015 -0.03138311 0.0005805152 -0.015 -0.0311853 0.003654275 -0.015 -0.03029648 0.00277254 -0.015 -0.03121709 0.003748379 -0.015 -0.0314185 0.0004877042 -0.015 -0.03020213 0.002741504 -0.015 -0.03144767 0.0003927547 -0.015 -0.03124258 0.00384438 -0.015 -0.03010592 0.002716781 -0.015 -0.03126167 0.003941858 -0.015 -0.0300083 0.002698479 -0.015 -0.03127426 0.004040386 -0.015 -0.02990967 0.002686678 -0.015 -0.0312803 0.004139531 -0.015 -0.03127976 0.004238858 -0.015 -0.03127266 0.004337932 -0.015 -0.03125901 0.004436318 -0.015 -0.03123888 0.004533586 -0.015 -0.03121236 0.004629308 -0.015 -0.02969506 0.005678682 -0.015 -0.02953804 0.00606164 -0.015 -0.02959614 0.00566972 -0.015 -0.02979436 0.005681078 -0.015 -0.0298936 0.005676897 -0.015 -0.02999235 0.005666157 -0.015 -0.03009017 0.005648905 -0.015 -0.02947606 0.006452965 -0.015 -0.03046369 0.005516714 -0.015 -0.03018802 0.007257263 -0.015 -0.0303738 0.005558977 -0.015 -0.03011559 0.007189291 -0.015 -0.03028131 0.005595197 -0.015 -0.03055059 0.005468596 -0.015 -0.03025579 0.007329878 -0.015 -0.03003882 0.007126263 -0.015 -0.03031861 0.00740682 -0.015 -0.03063411 0.005414831 -0.015 -0.02995804 0.007068453 -0.015 -0.03018663 0.005625217 -0.015 -0.03071389 0.005355657 -0.015 -0.0303762 0.007487751 -0.015 -0.02987362 0.007016116 -0.015 -0.0304283 0.007572316 -0.015 -0.03078957 0.005291333 -0.015 -0.02978592 0.006969481 -0.015 -0.0304747 0.007660143 -0.015 -0.03086084 0.00522214 -0.015 -0.02969533 0.006928752 -0.015 -0.03051517 0.007750849 -0.015 -0.03092737 0.005148383 -0.015 -0.02960224 0.006894109 -0.015 -0.03054956 0.007844035 -0.015 -0.03098887 0.005070385 -0.015 -0.02950706 0.006865702 -0.015 -0.03057771 0.007939292 -0.015 -0.03104507 0.004988487 -0.015 -0.02941021 0.006843657 -0.015 -0.03059949 0.008036203 -0.015 -0.03109573 0.004903049 -0.015 -0.03061481 0.008134344 -0.015 -0.03114063 0.004814445 -0.015 -0.0306236 0.008233283 -0.015 -0.03117956 0.004723065 -0.015 -0.03062582 0.008332587 -0.015 -0.03062146 0.00843182 -0.015 -0.03061055 0.008530547 -0.015 -0.03059313 0.008628336 -0.015 -0.03056927 0.008724756 -0.015 -0.03053908 0.008819387 -0.015 -0.0305027 0.008911813 -0.015 -0.02888403 0.009796838 -0.015 -0.02868783 0.01016128 -0.015 -0.02878658 0.009777584 -0.015 -0.02898253 0.0098096 -0.015 -0.02908167 0.009815816 -0.015 -0.02918099 0.009815456 -0.015 -0.02928008 0.009808524 -0.015 -0.02947579 0.00977509 -0.015 -0.02907458 0.01127242 -0.015 -0.02937849 0.009795049 -0.015 -0.02957156 0.009748735 -0.015 -0.02914434 0.01134313 -0.015 -0.02966537 0.009716101 -0.015 -0.0290003 0.01120648 -0.015 -0.02920927 0.0114183 -0.015 -0.02975682 0.009677328 -0.015 -0.02892181 0.01114561 -0.015 -0.02858529 0.01054399 -0.015 -0.0298455 0.009632588 -0.015 -0.02926908 0.0114976 -0.015 -0.02883946 0.01109006 -0.015 -0.02932351 0.01158069 -0.015 -0.02993103 0.009582078 -0.015 -0.02875362 0.01104009 -0.015 -0.03001303 0.009526017 -0.015 -0.02937233 0.01166719 -0.015 -0.02866466 0.0109959 -0.015 -0.02941531 0.01175674 -0.015 -0.03009114 0.009464653 -0.015 -0.02857297 0.0109577 -0.015 -0.03016501 0.009398254 -0.015 -0.02945227 0.01184894 -0.015 -0.02847896 0.01092565 -0.015 -0.03023433 0.009327111 -0.015 -0.02948305 0.01194338 -0.015 -0.03029878 0.009251537 -0.015 -0.0295075 0.01203965 -0.015 -0.0303581 0.009171863 -0.015 -0.02952554 0.01213733 -0.015 -0.02953707 0.01223598 -0.015 -0.03041201 0.009088438 -0.015 -0.03046028 0.009001627 -0.015 -0.02954204 0.01233519 -0.015 -0.02954044 0.0124345 -0.015 -0.02953227 0.01253349 -0.015 -0.02951757 0.01263173 -0.015 -0.0294964 0.01272877 -0.015 -0.02946885 0.01282421 -0.015 -0.02943504 0.0129176 -0.015 -0.02939513 0.01300856 -0.015 -0.02934928 0.01309668 -0.015 -0.02764697 0.01380766 -0.015 -0.02741375 0.0141496 -0.015 -0.02755207 0.01377832 -0.015 -0.0277436 0.01383065 -0.015 -0.02784154 0.01384719 -0.015 -0.02794036 0.01385721 -0.015 -0.02803963 0.01386068 -0.015 -0.02727177 0.01451949 -0.015 -0.02823776 0.01384789 -0.015 -0.02761525 0.01522174 -0.015 -0.02813891 0.01385756 -0.015 -0.02754356 0.01515299 -0.015 -0.02768224 0.01529508 -0.015 -0.02746747 0.01508914 -0.015 -0.02774423 0.01537269 -0.015 -0.02833576 0.01383169 -0.015 -0.02738732 0.01503047 -0.015 -0.02780094 0.01545423 -0.015 -0.02843247 0.01380904 -0.015 -0.02730347 0.01497722 -0.015 -0.02785214 0.01553935 -0.015 -0.02852748 0.01378003 -0.015 -0.02721627 0.01492965 -0.015 -0.02789758 0.01562767 -0.015 -0.02862035 0.01374481 -0.015 -0.02712612 0.01488795 -0.015 -0.02793709 0.01571881 -0.015 -0.02871069 0.01370352 -0.015 -0.02797047 0.01581236 -0.015 -0.02879809 0.01365633 -0.015 -0.02888219 0.01360347 -0.015 -0.02799759 0.01590791 -0.015 -0.02801833 0.01600505 -0.015 -0.02896259 0.01354516 -0.015 -0.02903897 0.01348165 -0.015 -0.02803259 0.01610335 -0.015 -0.02804032 0.01620238 -0.015 -0.02911097 0.01341323 -0.015 -0.02804147 0.0163017 -0.015 -0.02917829 0.01334019 -0.015 -0.02803605 0.01640088 -0.015 -0.02924063 0.01326286 -0.015 -0.02802408 0.01649949 -0.015 -0.02929771 0.01318157 -0.015 -0.0280056 0.01659708 -0.015 -0.02798071 0.01669324 -0.015 -0.02794951 0.01678754 -0.015 -0.02791214 0.01687957 -0.015 -0.02599744 0.0176672 -0.015 -0.02572976 0.01798289 -0.015 -0.02590613 0.0176281 -0.015 -0.02609114 0.01770016 -0.015 -0.02618681 0.01772685 -0.015 -0.02628405 0.01774715 -0.015 -0.02638241 0.01776097 -0.015 -0.02575397 0.01899435 -0.015 -0.02554989 0.01833591 -0.015 -0.02568497 0.0189229 -0.015 -0.0256114 0.01885616 -0.015 -0.02648147 0.01776825 -0.015 -0.02581809 0.01907021 -0.015 -0.02553357 0.01879445 -0.015 -0.0265808 0.01776896 -0.015 -0.02587704 0.01915015 -0.015 -0.02667995 0.01776309 -0.015 -0.02545183 0.01873802 -0.015 -0.02593058 0.01923382 -0.015 -0.0267785 0.01775068 -0.015 -0.02536653 0.01868713 -0.015 -0.02597846 0.01932085 -0.015 -0.02687601 0.01773176 -0.015 -0.02697206 0.01770644 -0.015 -0.02602047 0.01941085 -0.015 -0.02706622 0.01767481 -0.015 -0.02605644 0.01950344 -0.015 -0.02715808 0.01763703 -0.015 -0.0260862 0.01959821 -0.015 -0.02724723 0.01759324 -0.015 -0.02610962 0.01969473 -0.015 -0.0273333 0.01754366 -0.015 -0.02612661 0.0197926 -0.015 -0.02741589 0.01748848 -0.015 -0.02613708 0.01989137 -0.015 -0.02749466 0.01742796 -0.015 -0.02614099 0.01999063 -0.015 -0.02756924 0.01736236 -0.015 -0.02613832 0.02008992 -0.015 -0.02763932 0.01729196 -0.015 -0.02612909 0.02018882 -0.015 -0.02770458 0.01721708 -0.015 -0.02611333 0.02028689 -0.015 -0.02776475 0.01713805 -0.015 -0.02609111 0.0203837 -0.015 -0.02606254 0.02047883 -0.015 -0.02395352 0.02133317 -0.015 -0.0236543 0.02161915 -0.015 -0.02386679 0.02128475 -0.015 -0.02404326 0.02137575 -0.015 -0.02413562 0.02141229 -0.015 -0.0242302 0.02144265 -0.015 -0.02432657 0.02146667 -0.015 -0.02344531 0.02247528 -0.015 -0.02337436 0.02240576 -0.015 -0.02343852 0.02195144 -0.015 -0.02351151 0.02254933 -0.015 -0.02329896 0.0223411 -0.015 -0.02357266 0.0226276 -0.015 -0.02321945 0.02228157 -0.015 -0.02362849 0.02270975 -0.015 -0.02442433 0.02148427 -0.015 -0.02452304 0.02149535 -0.015 -0.02367877 0.02279542 -0.015 -0.02462226 0.02149988 -0.015 -0.02372326 0.02288422 -0.015 -0.02472157 0.02149784 -0.015 -0.02376179 0.02297578 -0.015 -0.02482053 0.02148922 -0.015 -0.02379416 0.02306968 -0.015 -0.02491869 0.02147407 -0.015 -0.02501564 0.02145247 -0.015 -0.02382026 0.02316552 -0.015 -0.02383995 0.02326288 -0.015 -0.02511095 0.02142449 -0.015 -0.0252042 0.02139026 -0.015 -0.02385315 0.02336133 -0.015 -0.02385981 0.02346043 -0.015 -0.02529497 0.02134994 -0.015 -0.0238599 0.02355976 -0.015 -0.02538288 0.0213037 -0.015 -0.02385341 0.02365887 -0.015 -0.02546754 0.02125174 -0.015 -0.02384038 0.02375735 -0.015 -0.02554857 0.0211943 -0.015 -0.02382086 0.02385474 -0.015 -0.02562562 0.02113161 -0.015 -0.02379494 0.02395062 -0.015 -0.02569836 0.02106397 -0.015 -0.02376272 0.02404458 -0.015 -0.02313842 0.02479403 -0.015 -0.03292893 0.03625 -0.015 -0.02305183 0.02484269 -0.015 -0.02322161 0.02473974 -0.015 -0.02330101 0.02468007 -0.015 -0.02781955 0.01705521 -0.015 -0.0233763 0.02461528 -0.015 -0.02786875 0.01696893 -0.015 -0.02344713 0.02454564 -0.015 -0.02351319 0.02447147 -0.015 -0.02357421 0.02439309 -0.015 -0.0236299 0.02431084 -0.015 -0.02368002 0.02422509 -0.015 -0.02372436 0.02413621 -0.015 -0.02576645 0.02099166 -0.015 -0.02582962 0.020915 -0.015 -0.02588757 0.02083433 -0.015 -0.02594005 0.02075 -0.015 -0.02598684 0.02066238 -0.015 -0.02602773 0.02057186 -0.015 -0.02153759 0.02476541 -0.015 -0.02098203 0.02530047 -0.015 -0.0214564 0.02470819 -0.015 -0.02162239 0.02481714 -0.015 -0.02171043 0.02486314 -0.015 -0.02180131 0.02490321 -0.015 -0.02189465 0.02493718 -0.015 -0.02199003 0.0249649 -0.015 -0.02208704 0.02498624 -0.015 -0.02218525 0.02500112 -0.015 -0.02228423 0.02500946 -0.015 -0.0204965 0.02588365 -0.015 -0.02238354 0.02501124 -0.015 -0.02248275 0.02500643 -0.015 -0.02258143 0.02499508 -0.015 -0.02267914 0.02497721 -0.015 -0.02277545 0.02495292 -0.015 -0.02286995 0.02492231 -0.015 -0.02296221 0.02488552 -0.015 -0.02000385 0.0364463 -0.01499615 -0.02000385 0.0364463 0.01499615 -0.02001498 0.03663681 -0.01498501 -0.02001498 0.03663681 0.01498501 -0.02003336 0.03682658 -0.01496664 -0.02003336 0.03682658 0.01496664 -0.020059 0.03701585 -0.014941 -0.020059 0.03701585 0.014941 -0.02009195 0.03720447 0.01490805 -0.02009195 0.03720447 -0.01490805 -0.02013223 0.03739228 0.01486777 -0.02013223 0.03739228 -0.01486777 -0.02017989 0.0375791 0.01482011 -0.02017989 0.0375791 -0.01482011 -0.02022914 0.03774628 0.01477086 -0.02022914 0.03774628 -0.01477086 -0.02029094 0.03793069 0.01470906 -0.02029094 0.03793069 -0.01470906 -0.02035987 0.03811257 0.01464013 -0.02035987 0.03811257 -0.01464013 -0.02043681 0.03829384 0.01456319 -0.02043681 0.03829384 -0.01456319 -0.02052335 0.03847702 0.01447665 -0.02052335 0.03847702 -0.01447665 -0.0206157 0.03865373 0.0143843 -0.0206157 0.03865373 -0.0143843 -0.02071799 0.03883154 0.01428201 -0.02071799 0.03883154 -0.01428201 -0.02083808 0.03902099 0.01416192 -0.02083808 0.03902099 -0.01416192 -0.02097037 0.03921008 0.01402964 -0.02097037 0.03921008 -0.01402964 -0.02108718 0.03936285 0.01391282 -0.02108718 0.03936285 -0.01391282 -0.02123687 0.03954224 0.01376313 -0.02123687 0.03954224 -0.01376313 -0.02138281 0.03970195 0.01361719 -0.02138281 0.03970195 -0.01361719 -0.02153553 0.03985519 0.01346447 -0.02153553 0.03985519 -0.01346447 -0.02169473 0.04000169 0.01330527 -0.02169473 0.04000169 -0.01330527 -0.02186012 0.04014116 0.01313988 -0.02186012 0.04014116 -0.01313988 -0.02203138 0.04027335 0.01296862 -0.02203138 0.04027335 -0.01296862 -0.02220821 0.040398 0.01279179 -0.02220821 0.040398 -0.01279179 -0.02239026 0.04051488 0.01260974 -0.02239026 0.04051488 -0.01260974 -0.0225772 0.04062379 0.0124228 -0.0225772 0.04062379 -0.0124228 -0.02276867 0.0407245 0.01223133 -0.02276867 0.0407245 -0.01223133 -0.02296432 0.04081684 0.01203568 -0.02296432 0.04081684 -0.01203568 -0.02316379 0.04090063 0.01183621 -0.02316379 0.04090063 -0.01183621 -0.02336669 0.0409757 0.01163331 -0.02336669 0.0409757 -0.01163331 -0.02357265 0.04104193 -0.01142735 -0.02357265 0.04104193 0.01142735 -0.02378127 0.0410992 -0.01121872 -0.02378127 0.0410992 0.01121872 -0.02399219 0.04114738 -0.01100781 -0.02399219 0.04114738 0.01100781 -0.02420499 0.04118639 -0.01079501 -0.02420499 0.04118639 0.01079501 -0.02441928 0.04121616 -0.01058072 -0.02441928 0.04121616 0.01058072 -0.02463465 0.04123663 -0.01036535 -0.02463465 0.04123663 0.01036535 -0.0248172 0.04124666 -0.0101828 -0.0248172 0.04124666 0.0101828 -0.025 0.04125 -0.01 -0.025 0.04125 0.01 -0.0204965 0.02588365 0.015 -0.02098203 0.02530047 0.015 -0.0214564 0.02470819 0.015 -0.06 -0.035 0.015 -0.065 -0.035 0.015 -0.065 -0.042 0.015 -0.055 -0.035 0.015 -0.02 -0.035 0.015 -0.01 -0.042 0.015 -0.01 -0.04 0.015 -0.0233763 -0.02461528 0.015 -0.02344713 -0.02454564 0.015 -0.02351319 -0.02447147 0.015 -0.02330101 -0.02468007 0.015 -0.02357421 -0.02439309 0.015 -0.02322161 -0.02473974 0.015 -0.0236299 -0.02431084 0.015 -0.02313842 -0.02479403 0.015 -0.02368002 -0.02422509 0.015 -0.02305183 -0.02484269 0.015 -0.02372436 -0.02413621 0.015 -0.02296221 -0.02488552 0.015 -0.02286995 -0.02492231 0.015 -0.02277545 -0.02495292 0.015 -0.02267914 -0.02497721 0.015 -0.02569836 -0.02106397 0.015 -0.02376272 -0.02404458 0.015 -0.02379494 -0.02395062 0.015 -0.02576645 -0.02099166 0.015 -0.02562562 -0.02113161 0.015 -0.02382086 -0.02385474 0.015 -0.02582962 -0.020915 0.015 -0.02554857 -0.0211943 0.015 -0.02384038 -0.02375735 0.015 -0.02588757 -0.02083433 0.015 -0.02546754 -0.02125174 0.015 -0.02385341 -0.02365887 0.015 -0.02594005 -0.02075 0.015 -0.02538288 -0.0213037 0.015 -0.0238599 -0.02355976 0.015 -0.02598684 -0.02066238 0.015 -0.02529497 -0.02134994 0.015 -0.02385981 -0.02346043 0.015 -0.02602773 -0.02057186 0.015 -0.0252042 -0.02139026 0.015 -0.02385315 -0.02336133 0.015 -0.02606254 -0.02047883 0.015 -0.02511095 -0.02142449 0.015 -0.02383995 -0.02326288 0.015 -0.02501564 -0.02145247 0.015 -0.02382026 -0.02316552 0.015 -0.02 -0.02645751 0.015 -0.02258143 -0.02499508 0.015 -0.02248275 -0.02500643 0.015 -0.02491869 -0.02147407 0.015 -0.02379416 -0.02306968 0.015 -0.0204965 -0.02588365 0.015 -0.02238354 -0.02501124 0.015 -0.02228423 -0.02500946 0.015 -0.02218525 -0.02500112 0.015 -0.02482053 -0.02148922 0.015 -0.02376179 -0.02297578 0.015 -0.02098203 -0.02530047 0.015 -0.02208704 -0.02498624 0.015 -0.02199003 -0.0249649 0.015 -0.02189465 -0.02493718 0.015 -0.02180131 -0.02490321 0.015 -0.02171043 -0.02486314 0.015 -0.02162239 -0.02481714 0.015 -0.02153759 -0.02476541 0.015 -0.02472157 -0.02149784 0.015 -0.02372326 -0.02288422 0.015 -0.0214564 -0.02470819 0.015 -0.02462226 -0.02149988 0.015 -0.02367877 -0.02279542 0.015 -0.02452304 -0.02149535 0.015 -0.02442433 -0.02148427 0.015 -0.02362849 -0.02270975 0.015 -0.02432657 -0.02146667 0.015 -0.02357266 -0.0226276 0.015 -0.02343852 -0.02195144 0.015 -0.02329896 -0.0223411 0.015 -0.02321945 -0.02228157 0.015 -0.02337436 -0.02240576 0.015 -0.02344531 -0.02247528 0.015 -0.02351151 -0.02254933 0.015 -0.0236543 -0.02161915 0.015 -0.0242302 -0.02144265 0.015 -0.02413562 -0.02141229 0.015 -0.02404326 -0.02137575 0.015 -0.02395352 -0.02133317 0.015 -0.02386679 -0.02128475 0.015 -0.02756924 -0.01736236 0.015 -0.02612909 -0.02018882 0.015 -0.02613832 -0.02008992 0.015 -0.02763932 -0.01729196 0.015 -0.02611333 -0.02028689 0.015 -0.02749466 -0.01742796 0.015 -0.02614099 -0.01999063 0.015 -0.02770458 -0.01721708 0.015 -0.02609111 -0.0203837 0.015 -0.02741589 -0.01748848 0.015 -0.02613708 -0.01989137 0.015 -0.02776475 -0.01713805 0.015 -0.0273333 -0.01754366 0.015 -0.02612661 -0.0197926 0.015 -0.02781955 -0.01705521 0.015 -0.02724723 -0.01759324 0.015 -0.02610962 -0.01969473 0.015 -0.02786875 -0.01696893 0.015 -0.02715808 -0.01763703 0.015 -0.0260862 -0.01959821 0.015 -0.02791214 -0.01687957 0.015 -0.02706622 -0.01767481 0.015 -0.02605644 -0.01950344 0.015 -0.02794951 -0.01678754 0.015 -0.02697206 -0.01770644 0.015 -0.02602047 -0.01941085 0.015 -0.02798071 -0.01669324 0.015 -0.02687601 -0.01773176 0.015 -0.02597846 -0.01932085 0.015 -0.0267785 -0.01775068 0.015 -0.02593058 -0.01923382 0.015 -0.02667995 -0.01776309 0.015 -0.02587704 -0.01915015 0.015 -0.0265808 -0.01776896 0.015 -0.02648147 -0.01776825 0.015 -0.02581809 -0.01907021 0.015 -0.02638241 -0.01776097 0.015 -0.02575397 -0.01899435 0.015 -0.02554989 -0.01833591 0.015 -0.02545183 -0.01873802 0.015 -0.02536653 -0.01868713 0.015 -0.02553357 -0.01879445 0.015 -0.0256114 -0.01885616 0.015 -0.02568497 -0.0189229 0.015 -0.02572976 -0.01798289 0.015 -0.02628405 -0.01774715 0.015 -0.02618681 -0.01772685 0.015 -0.02609114 -0.01770016 0.015 -0.02599744 -0.0176672 0.015 -0.02590613 -0.0176281 0.015 -0.02911097 -0.01341323 0.015 -0.02804147 -0.0163017 0.015 -0.02804032 -0.01620238 0.015 -0.02903897 -0.01348165 0.015 -0.02803259 -0.01610335 0.015 -0.02917829 -0.01334019 0.015 -0.02803605 -0.01640088 0.015 -0.02896259 -0.01354516 0.015 -0.02801833 -0.01600505 0.015 -0.02924063 -0.01326286 0.015 -0.02802408 -0.01649949 0.015 -0.02888219 -0.01360347 0.015 -0.02799759 -0.01590791 0.015 -0.02929771 -0.01318157 0.015 -0.0280056 -0.01659708 0.015 -0.02879809 -0.01365633 0.015 -0.02797047 -0.01581236 0.015 -0.02934928 -0.01309668 0.015 -0.02871069 -0.01370352 0.015 -0.02793709 -0.01571881 0.015 -0.02939513 -0.01300856 0.015 -0.02862035 -0.01374481 0.015 -0.02789758 -0.01562767 0.015 -0.02943504 -0.0129176 0.015 -0.02852748 -0.01378003 0.015 -0.02785214 -0.01553935 0.015 -0.02946885 -0.01282421 0.015 -0.02843247 -0.01380904 0.015 -0.02780094 -0.01545423 0.015 -0.0294964 -0.01272877 0.015 -0.02833576 -0.01383169 0.015 -0.02774423 -0.01537269 0.015 -0.02951757 -0.01263173 0.015 -0.02823776 -0.01384789 0.015 -0.02768224 -0.01529508 0.015 -0.02761525 -0.01522174 0.015 -0.02813891 -0.01385756 0.015 -0.02754356 -0.01515299 0.015 -0.02803963 -0.01386068 0.015 -0.02727177 -0.01451949 0.015 -0.02721627 -0.01492965 0.015 -0.02712612 -0.01488795 0.015 -0.02730347 -0.01497722 0.015 -0.02738732 -0.01503047 0.015 -0.02746747 -0.01508914 0.015 -0.02741375 -0.0141496 0.015 -0.02794036 -0.01385721 0.015 -0.02784154 -0.01384719 0.015 -0.0277436 -0.01383065 0.015 -0.02764697 -0.01380766 0.015 -0.02755207 -0.01377832 0.015 -0.03016501 -0.009398254 0.015 -0.02948305 -0.01194338 0.015 -0.02945227 -0.01184894 0.015 -0.03023433 -0.009327111 0.015 -0.0295075 -0.01203965 0.015 -0.03009114 -0.009464653 0.015 -0.02941531 -0.01175674 0.015 -0.03029878 -0.009251537 0.015 -0.02952554 -0.01213733 0.015 -0.03001303 -0.009526017 0.015 -0.02937233 -0.01166719 0.015 -0.0303581 -0.009171863 0.015 -0.02953707 -0.01223598 0.015 -0.02993103 -0.009582078 0.015 -0.02932351 -0.01158069 0.015 -0.03041201 -0.009088438 0.015 -0.02954204 -0.01233519 0.015 -0.0298455 -0.009632588 0.015 -0.02926908 -0.0114976 0.015 -0.03046028 -0.009001627 0.015 -0.02954044 -0.0124345 0.015 -0.02975682 -0.009677328 0.015 -0.02920927 -0.0114183 0.015 -0.0305027 -0.008911813 0.015 -0.02953227 -0.01253349 0.015 -0.02966537 -0.009716101 0.015 -0.02914434 -0.01134313 0.015 -0.03053908 -0.008819387 0.015 -0.02957156 -0.009748735 0.015 -0.02907458 -0.01127242 0.015 -0.03056927 -0.008724756 0.015 -0.02947579 -0.00977509 0.015 -0.03059313 -0.008628336 0.015 -0.02937849 -0.009795049 0.015 -0.0290003 -0.01120648 0.015 -0.03061055 -0.008530547 0.015 -0.02858529 -0.01054399 0.015 -0.02857297 -0.0109577 0.015 -0.02847896 -0.01092565 0.015 -0.02866466 -0.0109959 0.015 -0.02875362 -0.01104009 0.015 -0.02883946 -0.01109006 0.015 -0.02892181 -0.01114561 0.015 -0.02928008 -0.009808524 0.015 -0.03062146 -0.00843182 0.015 -0.055 0.01417893 0.015 -0.02868783 -0.01016128 0.015 -0.02918099 -0.009815456 0.015 -0.02908167 -0.009815816 0.015 -0.02898253 -0.0098096 0.015 -0.02888403 -0.009796838 0.015 -0.02878658 -0.009777584 0.015 -0.03086084 -0.00522214 0.015 -0.03051517 -0.007750849 0.015 -0.0304747 -0.007660143 0.015 -0.03078957 -0.005291333 0.015 -0.0304283 -0.007572316 0.015 -0.03092737 -0.005148383 0.015 -0.03054956 -0.007844035 0.015 -0.03071389 -0.005355657 0.015 -0.0303762 -0.007487751 0.015 -0.03098887 -0.005070385 0.015 -0.03057771 -0.007939292 0.015 -0.03063411 -0.005414831 0.015 -0.03031861 -0.00740682 0.015 -0.03104507 -0.004988487 0.015 -0.03059949 -0.008036203 0.015 -0.03055059 -0.005468596 0.015 -0.03025579 -0.007329878 0.015 -0.03109573 -0.004903049 0.015 -0.03061481 -0.008134344 0.015 -0.03046369 -0.005516714 0.015 -0.03018802 -0.007257263 0.015 -0.03114063 -0.004814445 0.015 -0.0306236 -0.008233283 0.015 -0.0303738 -0.005558977 0.015 -0.03011559 -0.007189291 0.015 -0.02947606 -0.006452965 0.015 -0.02950706 -0.006865702 0.015 -0.02941021 -0.006843657 0.015 -0.02960224 -0.006894109 0.015 -0.02969533 -0.006928752 0.015 -0.02978592 -0.006969481 0.015 -0.02987362 -0.007016116 0.015 -0.03117956 -0.004723065 0.015 -0.03062582 -0.008332587 0.015 -0.03028131 -0.005595197 0.015 -0.03003882 -0.007126263 0.015 -0.02995804 -0.007068453 0.015 -0.03121236 -0.004629308 0.015 -0.03018663 -0.005625217 0.015 -0.03123888 -0.004533586 0.015 -0.03009017 -0.005648905 0.015 -0.03125901 -0.004436318 0.015 -0.03127266 -0.004337932 0.015 -0.02953804 -0.00606164 0.015 -0.02999235 -0.005666157 0.015 -0.0298936 -0.005676897 0.015 -0.03127976 -0.004238858 0.015 -0.02979436 -0.005681078 0.015 -0.0312803 -0.004139531 0.015 -0.02969506 -0.005678682 0.015 -0.02959614 -0.00566972 0.015 -0.02993432 -0.002291243 0.015 -0.0300083 -0.002698479 0.015 -0.02990967 -0.002686678 0.015 -0.03010592 -0.002716781 0.015 -0.03020213 -0.002741504 0.015 -0.03029648 -0.00277254 0.015 -0.03038857 -0.002809752 0.015 -0.03105067 -0.001070558 0.015 -0.03093769 -0.003226271 0.015 -0.03087196 -0.003151803 0.015 -0.03111922 -0.0009986743 0.015 -0.03099835 -0.003304926 0.015 -0.03097751 -0.001137747 0.015 -0.03080145 -0.003081849 0.015 -0.03118286 -0.0009224119 0.015 -0.03105367 -0.003387423 0.015 -0.03090007 -0.001199947 0.015 -0.03072645 -0.003016715 0.015 -0.03124131 -0.0008421046 0.015 -0.03110341 -0.0034734 0.015 -0.03081868 -0.001256885 0.015 -0.03064732 -0.002956687 0.015 -0.03129432 -0.0007581047 0.015 -0.03114735 -0.003562481 0.015 -0.0307337 -0.001308312 0.015 -0.03056438 -0.002902028 0.015 -0.03134166 -0.0006707807 0.015 -0.0311853 -0.003654275 0.015 -0.03064551 -0.001354002 0.015 -0.03138311 -0.0005805152 0.015 -0.03121709 -0.003748379 0.015 -0.03055448 -0.001393755 0.015 -0.030478 -0.002852978 0.015 -0.0314185 -0.0004877042 0.015 -0.03124258 -0.00384438 0.015 -0.03046102 -0.001427396 0.015 -0.02995506 -0.001895583 0.015 -0.03144767 -0.0003927547 0.015 -0.03126167 -0.003941858 0.015 -0.03036554 -0.001454778 0.015 -0.03147049 -0.0002960829 0.015 -0.03127426 -0.004040386 0.015 -0.03026846 -0.001475781 0.015 -0.03148686 -0.0001981129 0.015 -0.0301702 -0.001490313 0.015 -0.03149671 -9.92741e-05 0.015 -0.03007119 -0.001498309 0.015 -0.0315 -1.814704e-18 0.015 -0.02997187 -0.001499736 0.015 -0.03149671 9.92741e-05 0.015 -0.03148686 0.0001981129 0.015 -0.03147049 0.0002960829 0.015 -0.02995506 0.001895583 0.015 -0.03007119 0.001498309 0.015 -0.02997187 0.001499736 0.015 -0.0301702 0.001490313 0.015 -0.03026846 0.001475781 0.015 -0.03036554 0.001454778 0.015 -0.03046102 0.001427396 0.015 -0.03087196 0.003151803 0.015 -0.03105067 0.001070558 0.015 -0.03097751 0.001137747 0.015 -0.03080145 0.003081849 0.015 -0.03090007 0.001199947 0.015 -0.03093769 0.003226271 0.015 -0.03111922 0.0009986743 0.015 -0.03072645 0.003016715 0.015 -0.03081868 0.001256885 0.015 -0.03099835 0.003304926 0.015 -0.03118286 0.0009224119 0.015 -0.03064732 0.002956687 0.015 -0.0307337 0.001308312 0.015 -0.03105367 0.003387423 0.015 -0.03124131 0.0008421046 0.015 -0.03056438 0.002902028 0.015 -0.03064551 0.001354002 0.015 -0.03055448 0.001393755 0.015 -0.03110341 0.0034734 0.015 -0.03129432 0.0007581047 0.015 -0.030478 0.002852978 0.015 -0.03114735 0.003562481 0.015 -0.03134166 0.0006707807 0.015 -0.03038857 0.002809752 0.015 -0.02993432 0.002291243 0.015 -0.0311853 0.003654275 0.015 -0.03138311 0.0005805152 0.015 -0.03029648 0.00277254 0.015 -0.03121709 0.003748379 0.015 -0.0314185 0.0004877042 0.015 -0.03020213 0.002741504 0.015 -0.03124258 0.00384438 0.015 -0.03144767 0.0003927547 0.015 -0.03010592 0.002716781 0.015 -0.03126167 0.003941858 0.015 -0.0300083 0.002698479 0.015 -0.03127426 0.004040386 0.015 -0.02990967 0.002686678 0.015 -0.0312803 0.004139531 0.015 -0.03127976 0.004238858 0.015 -0.03127266 0.004337932 0.015 -0.03125901 0.004436318 0.015 -0.03123888 0.004533586 0.015 -0.03121236 0.004629308 0.015 -0.02953804 0.00606164 0.015 -0.02969506 0.005678682 0.015 -0.02959614 0.00566972 0.015 -0.02979436 0.005681078 0.015 -0.0298936 0.005676897 0.015 -0.02999235 0.005666157 0.015 -0.03009017 0.005648905 0.015 -0.02947606 0.006452965 0.015 -0.03018802 0.007257263 0.015 -0.03046369 0.005516714 0.015 -0.0303738 0.005558977 0.015 -0.03011559 0.007189291 0.015 -0.03028131 0.005595197 0.015 -0.03025579 0.007329878 0.015 -0.03055059 0.005468596 0.015 -0.03003882 0.007126263 0.015 -0.03031861 0.00740682 0.015 -0.03063411 0.005414831 0.015 -0.02995804 0.007068453 0.015 -0.03018663 0.005625217 0.015 -0.0303762 0.007487751 0.015 -0.03071389 0.005355657 0.015 -0.02987362 0.007016116 0.015 -0.0304283 0.007572316 0.015 -0.03078957 0.005291333 0.015 -0.02978592 0.006969481 0.015 -0.0304747 0.007660143 0.015 -0.03086084 0.00522214 0.015 -0.02969533 0.006928752 0.015 -0.03051517 0.007750849 0.015 -0.03092737 0.005148383 0.015 -0.02960224 0.006894109 0.015 -0.03054956 0.007844035 0.015 -0.03098887 0.005070385 0.015 -0.02950706 0.006865702 0.015 -0.03057771 0.007939292 0.015 -0.03104507 0.004988487 0.015 -0.02941021 0.006843657 0.015 -0.03059949 0.008036203 0.015 -0.03109573 0.004903049 0.015 -0.03061481 0.008134344 0.015 -0.03114063 0.004814445 0.015 -0.0306236 0.008233283 0.015 -0.03117956 0.004723065 0.015 -0.03062582 0.008332587 0.015 -0.03062146 0.00843182 0.015 -0.03061055 0.008530547 0.015 -0.03059313 0.008628336 0.015 -0.03056927 0.008724756 0.015 -0.03053908 0.008819387 0.015 -0.0305027 0.008911813 0.015 -0.02868783 0.01016128 0.015 -0.02888403 0.009796838 0.015 -0.02878658 0.009777584 0.015 -0.02898253 0.0098096 0.015 -0.02908167 0.009815816 0.015 -0.02918099 0.009815456 0.015 -0.02928008 0.009808524 0.015 -0.02907458 0.01127242 0.015 -0.02947579 0.00977509 0.015 -0.02937849 0.009795049 0.015 -0.02957156 0.009748735 0.015 -0.02914434 0.01134313 0.015 -0.02966537 0.009716101 0.015 -0.0290003 0.01120648 0.015 -0.02920927 0.0114183 0.015 -0.02975682 0.009677328 0.015 -0.02892181 0.01114561 0.015 -0.02858529 0.01054399 0.015 -0.02926908 0.0114976 0.015 -0.0298455 0.009632588 0.015 -0.02883946 0.01109006 0.015 -0.02932351 0.01158069 0.015 -0.02993103 0.009582078 0.015 -0.02875362 0.01104009 0.015 -0.02937233 0.01166719 0.015 -0.03001303 0.009526017 0.015 -0.02866466 0.0109959 0.015 -0.02941531 0.01175674 0.015 -0.03009114 0.009464653 0.015 -0.02857297 0.0109577 0.015 -0.02945227 0.01184894 0.015 -0.03016501 0.009398254 0.015 -0.02847896 0.01092565 0.015 -0.02948305 0.01194338 0.015 -0.03023433 0.009327111 0.015 -0.0295075 0.01203965 0.015 -0.03029878 0.009251537 0.015 -0.02952554 0.01213733 0.015 -0.0303581 0.009171863 0.015 -0.02953707 0.01223598 0.015 -0.03041201 0.009088438 0.015 -0.02954204 0.01233519 0.015 -0.03046028 0.009001627 0.015 -0.02954044 0.0124345 0.015 -0.02953227 0.01253349 0.015 -0.02951757 0.01263173 0.015 -0.0294964 0.01272877 0.015 -0.02946885 0.01282421 0.015 -0.02943504 0.0129176 0.015 -0.02939513 0.01300856 0.015 -0.02934928 0.01309668 0.015 -0.02741375 0.0141496 0.015 -0.02764697 0.01380766 0.015 -0.02755207 0.01377832 0.015 -0.0277436 0.01383065 0.015 -0.02784154 0.01384719 0.015 -0.02794036 0.01385721 0.015 -0.02803963 0.01386068 0.015 -0.02727177 0.01451949 0.015 -0.02761525 0.01522174 0.015 -0.02823776 0.01384789 0.015 -0.02813891 0.01385756 0.015 -0.02754356 0.01515299 0.015 -0.02768224 0.01529508 0.015 -0.02746747 0.01508914 0.015 -0.02774423 0.01537269 0.015 -0.02833576 0.01383169 0.015 -0.02738732 0.01503047 0.015 -0.02780094 0.01545423 0.015 -0.02843247 0.01380904 0.015 -0.02730347 0.01497722 0.015 -0.02785214 0.01553935 0.015 -0.02852748 0.01378003 0.015 -0.02721627 0.01492965 0.015 -0.02789758 0.01562767 0.015 -0.02862035 0.01374481 0.015 -0.02712612 0.01488795 0.015 -0.02793709 0.01571881 0.015 -0.02871069 0.01370352 0.015 -0.02797047 0.01581236 0.015 -0.02879809 0.01365633 0.015 -0.02799759 0.01590791 0.015 -0.02888219 0.01360347 0.015 -0.02801833 0.01600505 0.015 -0.02896259 0.01354516 0.015 -0.02803259 0.01610335 0.015 -0.02903897 0.01348165 0.015 -0.02804032 0.01620238 0.015 -0.02911097 0.01341323 0.015 -0.02804147 0.0163017 0.015 -0.02917829 0.01334019 0.015 -0.02803605 0.01640088 0.015 -0.02924063 0.01326286 0.015 -0.02802408 0.01649949 0.015 -0.02929771 0.01318157 0.015 -0.0280056 0.01659708 0.015 -0.02798071 0.01669324 0.015 -0.02794951 0.01678754 0.015 -0.02791214 0.01687957 0.015 -0.02572976 0.01798289 0.015 -0.02599744 0.0176672 0.015 -0.02590613 0.0176281 0.015 -0.02609114 0.01770016 0.015 -0.02618681 0.01772685 0.015 -0.02628405 0.01774715 0.015 -0.02638241 0.01776097 0.015 -0.02575397 0.01899435 0.015 -0.02554989 0.01833591 0.015 -0.02568497 0.0189229 0.015 -0.0256114 0.01885616 0.015 -0.02581809 0.01907021 0.015 -0.02648147 0.01776825 0.015 -0.02553357 0.01879445 0.015 -0.02587704 0.01915015 0.015 -0.0265808 0.01776896 0.015 -0.02667995 0.01776309 0.015 -0.02545183 0.01873802 0.015 -0.02593058 0.01923382 0.015 -0.0267785 0.01775068 0.015 -0.02536653 0.01868713 0.015 -0.02597846 0.01932085 0.015 -0.02687601 0.01773176 0.015 -0.02602047 0.01941085 0.015 -0.02697206 0.01770644 0.015 -0.02605644 0.01950344 0.015 -0.02706622 0.01767481 0.015 -0.0260862 0.01959821 0.015 -0.02715808 0.01763703 0.015 -0.02610962 0.01969473 0.015 -0.02724723 0.01759324 0.015 -0.02612661 0.0197926 0.015 -0.0273333 0.01754366 0.015 -0.02613708 0.01989137 0.015 -0.02741589 0.01748848 0.015 -0.02614099 0.01999063 0.015 -0.02749466 0.01742796 0.015 -0.02613832 0.02008992 0.015 -0.02756924 0.01736236 0.015 -0.02612909 0.02018882 0.015 -0.02763932 0.01729196 0.015 -0.02611333 0.02028689 0.015 -0.02770458 0.01721708 0.015 -0.02609111 0.0203837 0.015 -0.02776475 0.01713805 0.015 -0.02606254 0.02047883 0.015 -0.0236543 0.02161915 0.015 -0.02395352 0.02133317 0.015 -0.02386679 0.02128475 0.015 -0.02404326 0.02137575 0.015 -0.02413562 0.02141229 0.015 -0.0242302 0.02144265 0.015 -0.02432657 0.02146667 0.015 -0.02337436 0.02240576 0.015 -0.02344531 0.02247528 0.015 -0.02343852 0.02195144 0.015 -0.02351151 0.02254933 0.015 -0.02329896 0.0223411 0.015 -0.02357266 0.0226276 0.015 -0.02321945 0.02228157 0.015 -0.02362849 0.02270975 0.015 -0.02442433 0.02148427 0.015 -0.02367877 0.02279542 0.015 -0.02452304 0.02149535 0.015 -0.02462226 0.02149988 0.015 -0.02372326 0.02288422 0.015 -0.02472157 0.02149784 0.015 -0.02376179 0.02297578 0.015 -0.02482053 0.02148922 0.015 -0.02379416 0.02306968 0.015 -0.02491869 0.02147407 0.015 -0.02382026 0.02316552 0.015 -0.02501564 0.02145247 0.015 -0.02383995 0.02326288 0.015 -0.02511095 0.02142449 0.015 -0.02385315 0.02336133 0.015 -0.0252042 0.02139026 0.015 -0.02385981 0.02346043 0.015 -0.02529497 0.02134994 0.015 -0.0238599 0.02355976 0.015 -0.02538288 0.0213037 0.015 -0.02385341 0.02365887 0.015 -0.02546754 0.02125174 0.015 -0.02384038 0.02375735 0.015 -0.02554857 0.0211943 0.015 -0.02382086 0.02385474 0.015 -0.02562562 0.02113161 0.015 -0.02379494 0.02395062 0.015 -0.02569836 0.02106397 0.015 -0.02376272 0.02404458 0.015 -0.03292893 0.03625 0.015 -0.02313842 0.02479403 0.015 -0.02305183 0.02484269 0.015 -0.02322161 0.02473974 0.015 -0.02330101 0.02468007 0.015 -0.02781955 0.01705521 0.015 -0.0233763 0.02461528 0.015 -0.02786875 0.01696893 0.015 -0.02344713 0.02454564 0.015 -0.02351319 0.02447147 0.015 -0.02357421 0.02439309 0.015 -0.0236299 0.02431084 0.015 -0.02368002 0.02422509 0.015 -0.02372436 0.02413621 0.015 -0.02576645 0.02099166 0.015 -0.02582962 0.020915 0.015 -0.02588757 0.02083433 0.015 -0.02594005 0.02075 0.015 -0.02598684 0.02066238 0.015 -0.02602773 0.02057186 0.015 -0.02153759 0.02476541 0.015 -0.02162239 0.02481714 0.015 -0.02171043 0.02486314 0.015 -0.02180131 0.02490321 0.015 -0.02189465 0.02493718 0.015 -0.02199003 0.0249649 0.015 -0.02208704 0.02498624 0.015 -0.02218525 0.02500112 0.015 -0.02228423 0.02500946 0.015 -0.02238354 0.02501124 0.015 -0.02248275 0.02500643 0.015 -0.02258143 0.02499508 0.015 -0.02267914 0.02497721 0.015 -0.02277545 0.02495292 0.015 -0.02286995 0.02492231 0.015 -0.02296221 0.02488552 0.015 -0.06999398 -0.042 -0.01024534 -0.06997592 -0.042 -0.01049009 -0.07 -0.042 -0.01 -0.06994588 -0.042 -0.01073365 -0.06990392 -0.042 -0.01097545 -0.06985016 -0.042 -0.0112149 -0.0697847 -0.042 -0.01145142 -0.0696194 -0.042 -0.01191342 -0.06951994 -0.042 -0.01213778 -0.06970772 -0.042 -0.01168445 -0.06940961 -0.042 -0.01235698 -0.06928864 -0.042 -0.01257051 -0.06915735 -0.042 -0.01277785 -0.06901604 -0.042 -0.0129785 -0.06886505 -0.042 -0.01317197 -0.06870476 -0.042 -0.01335779 -0.06853554 -0.042 -0.01353553 -0.0683578 -0.042 -0.01370476 -0.06817197 -0.042 -0.01386505 -0.06797849 -0.042 -0.01401604 -0.06777785 -0.042 -0.01415735 -0.06757051 -0.042 -0.01428864 -0.06735699 -0.042 -0.01440961 -0.06713778 -0.042 -0.01451995 -0.06691341 -0.042 -0.0146194 -0.06668445 -0.042 -0.01470772 -0.06645142 -0.042 -0.0147847 -0.0662149 -0.042 -0.01485016 -0.06597545 -0.042 -0.01490393 -0.06573365 -0.042 -0.01494588 -0.06549009 -0.042 -0.01497592 -0.06524534 -0.042 -0.01499398 -0.07 -0.042 -0.006 -0.01 -0.042 -0.006 -0.06524534 -0.035 -0.01499398 -0.06549009 -0.035 -0.01497592 -0.06573365 -0.035 -0.01494588 -0.06597545 -0.035 -0.01490393 -0.0662149 -0.035 -0.01485016 -0.06645142 -0.035 -0.0147847 -0.06668445 -0.035 -0.01470772 -0.06691341 -0.035 -0.0146194 -0.06713778 -0.035 -0.01451995 -0.06735699 -0.035 -0.01440961 -0.06757051 -0.035 -0.01428864 -0.06777785 -0.035 -0.01415735 -0.06797849 -0.035 -0.01401604 -0.06817197 -0.035 -0.01386505 -0.0683578 -0.035 -0.01370476 -0.06853554 -0.035 -0.01353553 -0.06870476 -0.035 -0.01335779 -0.06886505 -0.035 -0.01317197 -0.06901604 -0.035 -0.0129785 -0.06915735 -0.035 -0.01277785 -0.06928864 -0.035 -0.01257051 -0.06940961 -0.035 -0.01235698 -0.06951994 -0.035 -0.01213778 -0.0696194 -0.035 -0.01191342 -0.06970772 -0.035 -0.01168445 -0.0697847 -0.035 -0.01145142 -0.06985016 -0.035 -0.0112149 -0.06990392 -0.035 -0.01097545 -0.06994588 -0.035 -0.01073365 -0.06997592 -0.035 -0.01049009 -0.06999398 -0.035 -0.01024534 -0.07 -0.035 -0.01 -0.01 -0.042 0.006 -0.01 -0.057 -0.008 -0.01 -0.057 0.008 -0.05549009 -0.035 0.01497592 -0.05524534 -0.035 0.01499398 -0.05573365 -0.035 0.01494588 -0.05597545 -0.035 0.01490393 -0.0562149 -0.035 0.01485016 -0.05645142 -0.035 0.0147847 -0.05668445 -0.035 0.01470772 -0.05691342 -0.035 0.0146194 -0.05713778 -0.035 0.01451995 -0.05735698 -0.035 0.01440961 -0.05757051 -0.035 0.01428864 -0.05777785 -0.035 0.01415735 -0.0579785 -0.035 0.01401604 -0.05817197 -0.035 0.01386505 -0.0583578 -0.035 0.01370476 -0.05853553 -0.035 0.01353553 -0.05870475 -0.035 0.01335779 -0.05886505 -0.035 0.01317197 -0.05901604 -0.035 0.0129785 -0.05915735 -0.035 0.01277785 -0.05928864 -0.035 0.01257051 -0.05940961 -0.035 0.01235698 -0.05951995 -0.035 0.01213778 -0.0596194 -0.035 0.01191342 -0.05970772 -0.035 0.01168445 -0.0597847 -0.035 0.01145142 -0.05985015 -0.035 0.0112149 -0.05990393 -0.035 0.01097545 -0.05994588 -0.035 0.01073365 -0.05997593 -0.035 0.01049009 -0.05999398 -0.035 0.01024534 -0.06 -0.035 0.01 -0.06573365 -0.035 0.01494588 -0.06524534 -0.035 0.01499398 -0.06549009 -0.035 0.01497592 -0.06597545 -0.035 0.01490393 -0.06645142 -0.035 0.0147847 -0.0662149 -0.035 0.01485016 -0.06668445 -0.035 0.01470772 -0.06713778 -0.035 0.01451995 -0.06691341 -0.035 0.0146194 -0.06797849 -0.035 0.01401604 -0.06735699 -0.035 0.01440961 -0.06757051 -0.035 0.01428864 -0.06777785 -0.035 0.01415735 -0.0683578 -0.035 0.01370476 -0.06817197 -0.035 0.01386505 -0.06853554 -0.035 0.01353553 -0.06870476 -0.035 0.01335779 -0.06901604 -0.035 0.0129785 -0.06886505 -0.035 0.01317197 -0.06940961 -0.035 0.01235698 -0.06915735 -0.035 0.01277785 -0.06928864 -0.035 0.01257051 -0.06951994 -0.035 0.01213778 -0.06970772 -0.035 0.01168445 -0.0696194 -0.035 0.01191342 -0.0697847 -0.035 0.01145142 -0.06985016 -0.035 0.0112149 -0.06994588 -0.035 0.01073365 -0.06990392 -0.035 0.01097545 -0.07 -0.035 0.01 -0.06997592 -0.035 0.01049009 -0.06999398 -0.035 0.01024534 -0.05573365 -0.035 -0.01494588 -0.05597545 -0.035 -0.01490393 -0.0562149 -0.035 -0.01485016 -0.05645142 -0.035 -0.0147847 -0.05668445 -0.035 -0.01470772 -0.05691342 -0.035 -0.0146194 -0.05713778 -0.035 -0.01451995 -0.05735698 -0.035 -0.01440961 -0.05757051 -0.035 -0.01428864 -0.05777785 -0.035 -0.01415735 -0.0579785 -0.035 -0.01401604 -0.05817197 -0.035 -0.01386505 -0.0583578 -0.035 -0.01370476 -0.05853553 -0.035 -0.01353553 -0.05870475 -0.035 -0.01335779 -0.05886505 -0.035 -0.01317197 -0.05901604 -0.035 -0.0129785 -0.05915735 -0.035 -0.01277785 -0.05928864 -0.035 -0.01257051 -0.05940961 -0.035 -0.01235698 -0.05951995 -0.035 -0.01213778 -0.0596194 -0.035 -0.01191342 -0.06 -0.035 -0.01 -0.05970772 -0.035 -0.01168445 -0.0597847 -0.035 -0.01145142 -0.05985015 -0.035 -0.0112149 -0.05990393 -0.035 -0.01097545 -0.05994588 -0.035 -0.01073365 -0.05997593 -0.035 -0.01049009 -0.05999398 -0.035 -0.01024534 -0.05524534 -0.035 -0.01499398 -0.05549009 -0.035 -0.01497592 -0.05524534 0.01417893 -0.01499398 -0.05549009 0.01417893 -0.01497592 -0.05573365 0.01417893 -0.01494588 -0.05597545 0.01417893 -0.01490393 -0.0562149 0.01417893 -0.01485016 -0.05645142 0.01417893 -0.0147847 -0.05668445 0.01417893 -0.01470772 -0.05691342 0.01417893 -0.0146194 -0.05713778 0.01417893 -0.01451995 -0.05735698 0.01417893 -0.01440961 -0.05757051 0.01417893 -0.01428864 -0.05777785 0.01417893 -0.01415735 -0.0579785 0.01417893 -0.01401604 -0.05817197 0.01417893 -0.01386505 -0.0583578 0.01417893 -0.01370476 -0.05853553 0.01417893 -0.01353553 -0.05870475 0.01417893 -0.01335779 -0.05886505 0.01417893 -0.01317197 -0.05901604 0.01417893 -0.0129785 -0.05915735 0.01417893 -0.01277785 -0.05928864 0.01417893 -0.01257051 -0.05940961 0.01417893 -0.01235698 -0.05951995 0.01417893 -0.01213778 -0.0596194 0.01417893 -0.01191342 -0.05970772 0.01417893 -0.01168445 -0.0597847 0.01417893 -0.01145142 -0.05985015 0.01417893 -0.0112149 -0.05990393 0.01417893 -0.01097545 -0.05994588 0.01417893 -0.01073365 -0.05997593 0.01417893 -0.01049009 -0.05999398 0.01417893 -0.01024534 -0.06 0.01417893 -0.01 -0.03310241 0.03642348 -0.01499398 -0.05517348 0.01435241 -0.01499398 -0.05534654 0.01452548 -0.01497592 -0.03327547 0.03659654 -0.01497592 -0.0334477 0.03676877 -0.01494588 -0.05551877 0.0146977 -0.01494588 -0.05568975 0.01486868 -0.01490393 -0.03361868 0.03693975 -0.01490393 -0.05585907 0.015038 -0.01485016 -0.033788 0.03710907 -0.01485016 -0.03395524 0.03727631 -0.0147847 -0.05602631 0.01520524 -0.0147847 -0.05619109 0.01537002 -0.01470772 -0.03412002 0.03744109 -0.01470772 -0.03428192 0.03760299 -0.0146194 -0.05635299 0.01553192 -0.0146194 -0.05651163 0.01569057 -0.01451995 -0.03444057 0.03776163 -0.01451995 -0.05666664 0.01584557 -0.01440961 -0.03459557 0.03791664 -0.01440961 -0.05681763 0.01599656 -0.01428864 -0.03474656 0.03806763 -0.01428864 -0.03489317 0.03821424 -0.01415735 -0.05696424 0.01614317 -0.01415735 -0.05710611 0.01628505 -0.01401604 -0.03503505 0.03835611 -0.01401604 -0.05724292 0.01642185 -0.01386505 -0.03517185 0.03849292 -0.01386505 -0.05737432 0.01655325 -0.01370476 -0.03530325 0.03862432 -0.01370476 -0.03542893 0.03875 -0.01353553 -0.0575 0.01667893 -0.01353553 -0.05761966 0.01679859 -0.01335779 -0.03554859 0.03886966 -0.01335779 -0.03566194 0.03898301 -0.01317197 -0.05773301 0.01691194 -0.01317197 -0.05783977 0.0170187 -0.0129785 -0.0357687 0.03908977 -0.0129785 -0.05793969 0.01711862 -0.01277785 -0.03586862 0.03918969 -0.01277785 -0.03596146 0.03928253 -0.01257051 -0.05803253 0.01721146 -0.01257051 -0.05811806 0.017297 -0.01235698 -0.03604699 0.03936806 -0.01235698 -0.03612502 0.03944608 -0.01213778 -0.05819608 0.01737502 -0.01213778 -0.05826641 0.01744534 -0.01191342 -0.03619534 0.03951641 -0.01191342 -0.05832886 0.01750779 -0.01168445 -0.03625779 0.03957886 -0.01168445 -0.03631223 0.03963329 -0.01145142 -0.05838329 0.01756223 -0.01145142 -0.05842958 0.01760851 -0.0112149 -0.03635851 0.03967958 -0.0112149 -0.03639653 0.0397176 -0.01097545 -0.0584676 0.01764653 -0.01097545 -0.0364262 0.03974727 -0.01073365 -0.05849727 0.0176762 -0.01073365 -0.05851851 0.01769744 -0.01049009 -0.03644744 0.03976851 -0.01049009 -0.03646021 0.03978128 -0.01024534 -0.05853128 0.01771021 -0.01024534 -0.03646447 0.03978553 -0.01 -0.05853553 0.01771447 -0.01 -0.03292893 0.04125 -0.01 -0.03292893 0.04124398 -0.01024534 -0.03292893 0.04122593 -0.01049009 -0.03292893 0.04119588 -0.01073365 -0.03292893 0.04115393 -0.01097545 -0.03292893 0.04110015 -0.0112149 -0.03292893 0.0410347 -0.01145142 -0.03292893 0.04095772 -0.01168445 -0.03292893 0.0408694 -0.01191342 -0.03292893 0.04076995 -0.01213778 -0.03292893 0.04065961 -0.01235698 -0.03292893 0.04053864 -0.01257051 -0.03292893 0.04040735 -0.01277785 -0.03292893 0.04026604 -0.0129785 -0.03292893 0.04011505 -0.01317197 -0.03292893 0.03995475 -0.01335779 -0.03292893 0.03978553 -0.01353553 -0.03292893 0.0396078 -0.01370476 -0.03292893 0.03942197 -0.01386505 -0.03292893 0.0392285 -0.01401604 -0.03292893 0.03902785 -0.01415735 -0.03292893 0.03882051 -0.01428864 -0.03292893 0.03860698 -0.01440961 -0.03292893 0.03838778 -0.01451995 -0.03292893 0.03816342 -0.0146194 -0.03292893 0.03793445 -0.01470772 -0.03292893 0.03770142 -0.0147847 -0.03292893 0.0374649 -0.01485016 -0.03292893 0.03722545 -0.01490393 -0.03292893 0.03698365 -0.01494588 -0.03292893 0.03674009 -0.01497592 -0.03292893 0.03649534 -0.01499398 -0.03292893 0.04125 0.01 -0.03292893 0.04124398 0.01024534 -0.03292893 0.04122593 0.01049009 -0.03292893 0.04119588 0.01073365 -0.03292893 0.04115393 0.01097545 -0.03292893 0.04110015 0.0112149 -0.03292893 0.0410347 0.01145142 -0.03292893 0.04095772 0.01168445 -0.03292893 0.0408694 0.01191342 -0.03292893 0.04076995 0.01213778 -0.03292893 0.04065961 0.01235698 -0.03292893 0.04053864 0.01257051 -0.03292893 0.04040735 0.01277785 -0.03292893 0.04026604 0.0129785 -0.03292893 0.04011505 0.01317197 -0.03292893 0.03995475 0.01335779 -0.03292893 0.03978553 0.01353553 -0.03292893 0.0396078 0.01370476 -0.03292893 0.03942197 0.01386505 -0.03292893 0.0392285 0.01401604 -0.03292893 0.03902785 0.01415735 -0.03292893 0.03882051 0.01428864 -0.03292893 0.03860698 0.01440961 -0.03292893 0.03838778 0.01451995 -0.03292893 0.03816342 0.0146194 -0.03292893 0.03793445 0.01470772 -0.03292893 0.03770142 0.0147847 -0.03292893 0.0374649 0.01485016 -0.03292893 0.03722545 0.01490393 -0.03292893 0.03698365 0.01494588 -0.03292893 0.03674009 0.01497592 -0.03292893 0.03649534 0.01499398 -0.06870476 -0.042 0.01335779 -0.0683578 -0.042 0.01370476 -0.06853554 -0.042 0.01353553 -0.06817197 -0.042 0.01386505 -0.06886505 -0.042 0.01317197 -0.06901604 -0.042 0.0129785 -0.06915735 -0.042 0.01277785 -0.06797849 -0.042 0.01401604 -0.06757051 -0.042 0.01428864 -0.06777785 -0.042 0.01415735 -0.06928864 -0.042 0.01257051 -0.06940961 -0.042 0.01235698 -0.06713778 -0.042 0.01451995 -0.06735699 -0.042 0.01440961 -0.06951994 -0.042 0.01213778 -0.0696194 -0.042 0.01191342 -0.06668445 -0.042 0.01470772 -0.06691341 -0.042 0.0146194 -0.06970772 -0.042 0.01168445 -0.0697847 -0.042 0.01145142 -0.06645142 -0.042 0.0147847 -0.06985016 -0.042 0.0112149 -0.06994588 -0.042 0.01073365 -0.06990392 -0.042 0.01097545 -0.0662149 -0.042 0.01485016 -0.06573365 -0.042 0.01494588 -0.06597545 -0.042 0.01490393 -0.06997592 -0.042 0.01049009 -0.06999398 -0.042 0.01024534 -0.06524534 -0.042 0.01499398 -0.06549009 -0.042 0.01497592 -0.07 -0.042 0.01 -0.07 -0.042 0.006 -0.05524534 0.01417893 0.01499398 -0.05549009 0.01417893 0.01497592 -0.05573365 0.01417893 0.01494588 -0.05597545 0.01417893 0.01490393 -0.0562149 0.01417893 0.01485016 -0.05645142 0.01417893 0.0147847 -0.05668445 0.01417893 0.01470772 -0.05691342 0.01417893 0.0146194 -0.05713778 0.01417893 0.01451995 -0.05735698 0.01417893 0.01440961 -0.05757051 0.01417893 0.01428864 -0.05777785 0.01417893 0.01415735 -0.0579785 0.01417893 0.01401604 -0.05817197 0.01417893 0.01386505 -0.0583578 0.01417893 0.01370476 -0.05853553 0.01417893 0.01353553 -0.05870475 0.01417893 0.01335779 -0.05886505 0.01417893 0.01317197 -0.05901604 0.01417893 0.0129785 -0.05915735 0.01417893 0.01277785 -0.05928864 0.01417893 0.01257051 -0.05940961 0.01417893 0.01235698 -0.05951995 0.01417893 0.01213778 -0.0596194 0.01417893 0.01191342 -0.05970772 0.01417893 0.01168445 -0.0597847 0.01417893 0.01145142 -0.05985015 0.01417893 0.0112149 -0.05990393 0.01417893 0.01097545 -0.05994588 0.01417893 0.01073365 -0.05997593 0.01417893 0.01049009 -0.05999398 0.01417893 0.01024534 -0.06 0.01417893 0.01 -0.03310241 0.03642348 0.01499398 -0.05517348 0.01435241 0.01499398 -0.05534654 0.01452548 0.01497592 -0.03327547 0.03659654 0.01497592 -0.0334477 0.03676877 0.01494588 -0.05551877 0.0146977 0.01494588 -0.05568975 0.01486868 0.01490393 -0.03361868 0.03693975 0.01490393 -0.05585907 0.015038 0.01485016 -0.033788 0.03710907 0.01485016 -0.03395524 0.03727631 0.0147847 -0.05602631 0.01520524 0.0147847 -0.05619109 0.01537002 0.01470772 -0.03412002 0.03744109 0.01470772 -0.03428192 0.03760299 0.0146194 -0.05635299 0.01553192 0.0146194 -0.05651163 0.01569057 0.01451995 -0.03444057 0.03776163 0.01451995 -0.05666664 0.01584557 0.01440961 -0.03459557 0.03791664 0.01440961 -0.05681763 0.01599656 0.01428864 -0.03474656 0.03806763 0.01428864 -0.03489317 0.03821424 0.01415735 -0.05696424 0.01614317 0.01415735 -0.05710611 0.01628505 0.01401604 -0.03503505 0.03835611 0.01401604 -0.05724292 0.01642185 0.01386505 -0.03517185 0.03849292 0.01386505 -0.05737432 0.01655325 0.01370476 -0.03530325 0.03862432 0.01370476 -0.03542893 0.03875 0.01353553 -0.0575 0.01667893 0.01353553 -0.05761966 0.01679859 0.01335779 -0.03554859 0.03886966 0.01335779 -0.03566194 0.03898301 0.01317197 -0.05773301 0.01691194 0.01317197 -0.05783977 0.0170187 0.0129785 -0.0357687 0.03908977 0.0129785 -0.05793969 0.01711862 0.01277785 -0.03586862 0.03918969 0.01277785 -0.03596146 0.03928253 0.01257051 -0.05803253 0.01721146 0.01257051 -0.05811806 0.017297 0.01235698 -0.03604699 0.03936806 0.01235698 -0.03612502 0.03944608 0.01213778 -0.05819608 0.01737502 0.01213778 -0.05826641 0.01744534 0.01191342 -0.03619534 0.03951641 0.01191342 -0.05832886 0.01750779 0.01168445 -0.03625779 0.03957886 0.01168445 -0.03631223 0.03963329 0.01145142 -0.05838329 0.01756223 0.01145142 -0.05842958 0.01760851 0.0112149 -0.03635851 0.03967958 0.0112149 -0.03639653 0.0397176 0.01097545 -0.0584676 0.01764653 0.01097545 -0.0364262 0.03974727 0.01073365 -0.05849727 0.0176762 0.01073365 -0.05851851 0.01769744 0.01049009 -0.03644744 0.03976851 0.01049009 -0.03646021 0.03978128 0.01024534 -0.05853128 0.01771021 0.01024534 -0.03646447 0.03978553 0.01 -0.05853553 0.01771447 0.01 -0.07 -0.057 0.008 -0.07 -0.057 -0.008 -0.05870475 0.01753673 -0.01 -0.05999398 0.01442427 -0.01 -0.05524904 0.01441218 -0.01498834 -0.05526376 0.0143954 -0.01498834 -0.05527735 0.01437768 -0.01498834 -0.05551188 0.01462784 -0.01495343 -0.05528976 0.01435912 -0.01498834 -0.05554014 0.0145934 -0.01495343 -0.05574248 0.01487434 -0.01489542 -0.05530092 0.01433978 -0.01498834 -0.05556609 0.01455718 -0.01495343 -0.05578637 0.01482429 -0.01489542 -0.0553108 0.01431975 -0.01498834 -0.05558962 0.01451935 -0.01495343 -0.05582689 0.01477147 -0.01489542 -0.05531934 0.01429912 -0.01498834 -0.05601422 0.01506838 -0.01481459 -0.05561062 0.01448006 -0.01495343 -0.05586388 0.01471613 -0.01489542 -0.05532652 0.01427798 -0.01498834 -0.05607022 0.01500014 -0.01481459 -0.05562901 0.01443948 -0.01495343 -0.05622208 0.01532354 -0.0147113 -0.05589716 0.01465847 -0.01489542 -0.0553323 0.01425641 -0.01498834 -0.05612164 0.01492839 -0.01481459 -0.0556447 0.01439778 -0.01495343 -0.05629433 0.01524116 -0.0147113 -0.05592661 0.01459877 -0.01489542 -0.05533665 0.01423451 -0.01498834 -0.05616825 0.01485342 -0.01481459 -0.05565763 0.01435514 -0.01495343 -0.05636103 0.01515423 -0.0147113 -0.05595208 0.01453727 -0.01489542 -0.05649767 0.01549235 -0.01458606 -0.05533957 0.01421238 -0.01498834 -0.05620987 0.01477557 -0.01481459 -0.05566775 0.01431176 -0.01495343 -0.0564219 0.01506313 -0.0147113 -0.05597348 0.01447423 -0.01489542 -0.05658036 0.01539159 -0.01458606 -0.05534103 0.0141901 -0.01498834 -0.0562463 0.01469517 -0.01481459 -0.05667892 0.01575142 -0.01443943 -0.05567501 0.0142678 -0.01495343 -0.05647669 0.01496824 -0.0147113 -0.05599071 0.01440993 -0.01489542 -0.05665629 0.01528563 -0.01458606 -0.05627739 0.01461255 -0.01481459 -0.05677818 0.01563824 -0.01443943 -0.05567937 0.01422346 -0.01495343 -0.05652515 0.01486997 -0.0147113 -0.05600369 0.01434464 -0.01489542 -0.05672513 0.01517494 -0.01458606 -0.05630302 0.01452808 -0.01481459 -0.05686981 0.01551882 -0.01443943 -0.05656708 0.01476874 -0.0147113 -0.05695322 0.01589186 -0.0142721 -0.05601238 0.01427864 -0.01489542 -0.05678658 0.01505997 -0.01458606 -0.05632306 0.01444211 -0.01481459 -0.05695344 0.01539366 -0.01443943 -0.0566023 0.01466498 -0.0147113 -0.05706107 0.01576045 -0.0142721 -0.05601674 0.01421222 -0.01489542 -0.05684037 0.01494124 -0.01458606 -0.05710449 0.01615 -0.01408485 -0.05633744 0.01435501 -0.01481459 -0.05702871 0.0152633 -0.01443943 -0.05663066 0.01455915 -0.0147113 -0.05716009 0.01562226 -0.0142721 -0.05688629 0.01481924 -0.01458606 -0.0572289 0.01600814 -0.01408485 -0.0563461 0.01426716 -0.01481459 -0.05709528 0.01512829 -0.01443943 -0.05665203 0.01445168 -0.0147113 -0.05724986 0.01547789 -0.0142721 -0.05692413 0.0146945 -0.01458606 -0.05734377 0.01585845 -0.01408485 -0.05715289 0.01498922 -0.01443943 -0.05737239 0.01625946 -0.01387856 -0.05666634 0.01434305 -0.0147113 -0.05733 0.01532796 -0.0142721 -0.05695373 0.01456755 -0.01458606 -0.05744859 0.01570156 -0.01408485 -0.05720127 0.01484668 -0.01443943 -0.05750338 0.01609984 -0.01387856 -0.0566735 0.01423372 -0.0147113 -0.05740017 0.01517311 -0.0142721 -0.05749086 0.01651187 -0.01365418 -0.05697496 0.01443894 -0.01458606 -0.05754293 0.01553816 -0.01408485 -0.05724023 0.01470128 -0.01443943 -0.05762365 0.015932 -0.01387856 -0.05746005 0.01501401 -0.0142721 -0.0576381 0.01634397 -0.01365418 -0.05698774 0.01430922 -0.01458606 -0.05762638 0.01536893 -0.01408485 -0.0572696 0.01455365 -0.01443943 -0.05773269 0.01575665 -0.01387856 -0.0575094 0.01485132 -0.0142721 -0.05777406 0.01616679 -0.01365418 -0.05769859 0.01519461 -0.01408485 -0.05774736 0.0165883 -0.01341277 -0.05728925 0.0144044 -0.01443943 -0.05783003 0.01557455 -0.01387856 -0.057548 0.01468576 -0.0142721 -0.05789813 0.0159811 -0.01365418 -0.05775924 0.01501594 -0.01408485 -0.05789906 0.01640346 -0.01341277 -0.0572991 0.0142542 -0.01443943 -0.05791525 0.01538647 -0.01387856 -0.05783082 0.01683028 -0.01315544 -0.0575757 0.01451803 -0.0142721 -0.05800979 0.0157877 -0.01365418 -0.05780808 0.01483368 -0.01408485 -0.05803834 0.01620909 -0.01341277 -0.05798798 0.01519322 -0.01387856 -0.05799817 0.01663946 -0.01315544 -0.05759236 0.01434884 -0.0142721 -0.05810857 0.0155874 -0.01365418 -0.05784489 0.01464863 -0.01408485 -0.05816461 0.01600602 -0.01341277 -0.05804792 0.01499562 -0.01387856 -0.05815267 0.0164381 -0.01315544 -0.05819403 0.01538108 -0.01365418 -0.05807115 0.01687226 -0.0128834 -0.05786952 0.01446155 -0.01408485 -0.05827734 0.01579513 -0.01341277 -0.05809481 0.01479453 -0.01387856 -0.05829368 0.01622707 -0.01315544 -0.05826581 0.01516961 -0.01365418 -0.05824073 0.01666563 -0.0128834 -0.05788186 0.01427327 -0.01408485 -0.05837602 0.01557733 -0.01341277 -0.05811805 0.0170993 -0.01259792 -0.05812844 0.0145908 -0.01387856 -0.05842058 0.01600727 -0.01315544 -0.05832361 0.01495389 -0.01365418 -0.05839643 0.01644835 -0.0128834 -0.05846025 0.01535353 -0.01341277 -0.05830238 0.01688912 -0.01259792 -0.05814869 0.01438531 -0.01387856 -0.05853284 0.01577964 -0.01315544 -0.05836718 0.01473486 -0.01365418 -0.05853758 0.01622136 -0.0128834 -0.05852967 0.0151247 -0.01341277 -0.05847256 0.01666733 -0.01259792 -0.05862996 0.01554515 -0.01315544 -0.05833774 0.01710605 -0.01230033 -0.05839633 0.01451344 -0.01365418 -0.05866359 0.01598561 -0.0128834 -0.05858397 0.01489183 -0.01341277 -0.05862787 0.01643489 -0.01259792 -0.05871155 0.01530482 -0.01315544 -0.05852203 0.01688148 -0.01230033 -0.05841094 0.0142906 -0.01365418 -0.05877391 0.01574214 -0.0128834 -0.0583472 0.01731392 -0.01199201 -0.05862292 0.0146559 -0.01341277 -0.05876765 0.01619279 -0.01259792 -0.05877724 0.01505966 -0.01315544 -0.05869125 0.01664535 -0.01230033 -0.05886807 0.01549196 -0.0128834 -0.05854507 0.01708829 -0.01199201 -0.05864635 0.01441793 -0.01341277 -0.0588913 0.01594206 -0.01259792 -0.05882675 0.01481073 -0.01315544 -0.05884465 0.01639865 -0.01230033 -0.05894566 0.01523617 -0.0128834 -0.05872776 0.01685021 -0.01199201 -0.05899828 0.01568378 -0.01259792 -0.05854214 0.01728531 -0.0116744 -0.05885988 0.0145591 -0.01315544 -0.0589816 0.01614244 -0.01230033 -0.05900636 0.01497585 -0.0128834 -0.05889449 0.01660068 -0.01199201 -0.05908814 0.01541906 -0.01259792 -0.05873773 0.01704699 -0.0116744 -0.05887648 0.01430583 -0.01315544 -0.05910149 0.01587783 -0.01230033 -0.05851399 0.01747015 -0.01134898 -0.0590499 0.01471211 -0.0128834 -0.05904454 0.01634078 -0.01199201 -0.0591605 0.01514902 -0.01259792 -0.0589173 0.01679639 -0.0116744 -0.05920383 0.01560594 -0.01230033 -0.05872173 0.01723327 -0.01134898 -0.0590761 0.01444609 -0.0128834 -0.05917727 0.01607163 -0.01199201 -0.05921503 0.01487484 -0.01259792 -0.05908011 0.01653458 -0.0116744 -0.05928815 0.01532794 -0.01230033 -0.05891352 0.01698332 -0.01134898 -0.05929212 0.01579437 -0.01199201 -0.05868057 0.01740671 -0.01101728 -0.05925153 0.01459767 -0.01259792 -0.05922544 0.01626269 -0.0116744 -0.05935412 0.01504502 -0.01230033 -0.05908856 0.01672136 -0.01134898 -0.05938858 0.01551019 -0.01199201 -0.0588838 0.01715907 -0.01101728 -0.05926981 0.01431871 -0.01259792 -0.05935268 0.01598187 -0.0116744 -0.05861533 0.01756506 -0.01068083 -0.05940145 0.01475839 -0.01230033 -0.05924609 0.01644851 -0.01134898 -0.05946626 0.01522032 -0.01199201 -0.05907039 0.01689868 -0.01101728 -0.05946128 0.01569333 -0.0116744 -0.05882905 0.01732135 -0.01068083 -0.05942992 0.01446929 -0.01230033 -0.05938543 0.01616595 -0.01134898 -0.0595248 0.01492598 -0.01199201 -0.05923956 0.01662664 -0.01101728 -0.05955077 0.01539831 -0.0116744 -0.05902638 0.01706419 -0.01068083 -0.059506 0.01587487 -0.01134898 -0.05875043 0.01746798 -0.01034121 -0.05886505 0.0173509 -0.01 -0.05956397 0.01462844 -0.01199201 -0.05939057 0.01634412 -0.01101728 -0.05962078 0.01509806 -0.0116744 -0.05920646 0.01679468 -0.01068083 -0.05960727 0.01557653 -0.01134898 -0.05895752 0.01721564 -0.01034121 -0.05901604 0.01715743 -0.01 -0.0595836 0.01432898 -0.01199201 -0.05952278 0.01605233 -0.01101728 -0.059671 0.01479388 -0.0116744 -0.05936853 0.01651396 -0.01068083 -0.05968882 0.01527221 -0.01134898 -0.05914766 0.01695031 -0.01034121 -0.05915735 0.01695678 -0.01 -0.05928864 0.01674944 -0.01 -0.05963562 0.01575251 -0.01101728 -0.05970122 0.01448707 -0.0116744 -0.0595119 0.01622325 -0.01068083 -0.05975028 0.01496321 -0.01134898 -0.05932003 0.0166731 -0.01034121 -0.05940961 0.01653592 -0.01 -0.05972861 0.01544596 -0.01101728 -0.05963594 0.01592378 -0.01068083 -0.0597914 0.01465084 -0.01134898 -0.05947391 0.01638522 -0.01034121 -0.05951995 0.01631671 -0.01 -0.05980136 0.01513398 -0.01101728 -0.05974014 0.01561684 -0.01068083 -0.05981201 0.01433646 -0.01134898 -0.05960863 0.01608789 -0.01034121 -0.0596194 0.01609235 -0.01 -0.05970772 0.01586338 -0.01 -0.05985354 0.01481791 -0.01101728 -0.05982403 0.01530374 -0.01068083 -0.05972361 0.01578238 -0.01034121 -0.0597847 0.01563036 -0.01 -0.05988494 0.01449911 -0.01101728 -0.05988727 0.01498582 -0.01068083 -0.05981837 0.01547001 -0.01034121 -0.05985015 0.01539383 -0.01 -0.05992958 0.01466445 -0.01068083 -0.05989249 0.01515211 -0.01034121 -0.05990393 0.01515438 -0.01 -0.05994588 0.01491258 -0.01 -0.05995078 0.014341 -0.01068083 -0.05994567 0.01483004 -0.01034121 -0.05997593 0.01466902 -0.01 -0.05997766 0.01450519 -0.01034121 -0.03317427 0.04124398 -0.01 -0.03628673 0.03995475 -0.01 -0.0329401 0.03659103 -0.01498834 -0.03296238 0.03658957 -0.01498834 -0.03298451 0.03658665 -0.01498834 -0.03297346 0.03692937 -0.01495343 -0.03300641 0.0365823 -0.01498834 -0.0330178 0.03692501 -0.01495343 -0.03296222 0.03726674 -0.01489542 -0.03302798 0.03657652 -0.01498834 -0.03306176 0.03691775 -0.01495343 -0.03302864 0.03726238 -0.01489542 -0.03304913 0.03656934 -0.01498834 -0.03310514 0.03690763 -0.01495343 -0.03309464 0.03725369 -0.01489542 -0.03306975 0.0365608 -0.01498834 -0.03301716 0.0375961 -0.01481459 -0.03314778 0.0368947 -0.01495343 -0.03315993 0.03724071 -0.01489542 -0.03308978 0.03655092 -0.01498834 -0.03310501 0.03758744 -0.01481459 -0.03318948 0.03687901 -0.01495343 -0.03298372 0.0379235 -0.0147113 -0.03322423 0.03722348 -0.01489542 -0.03310912 0.03653976 -0.01498834 -0.0331921 0.03757306 -0.01481459 -0.03323006 0.03686062 -0.01495343 -0.03309305 0.03791634 -0.0147113 -0.03328727 0.03720208 -0.01489542 -0.03312768 0.03652735 -0.01498834 -0.03327808 0.03755302 -0.01481459 -0.03326935 0.03683962 -0.01495343 -0.03320168 0.03790203 -0.0147113 -0.03334877 0.03717661 -0.01489542 -0.03305922 0.03823774 -0.01458606 -0.03314539 0.03651376 -0.01498834 -0.03336255 0.03752739 -0.01481459 -0.03330718 0.03681609 -0.01495343 -0.03330915 0.03788066 -0.0147113 -0.03340847 0.03714716 -0.01489542 -0.03318894 0.03822496 -0.01458606 -0.03316218 0.03649904 -0.01498834 -0.03344517 0.0374963 -0.01481459 -0.0330042 0.0385491 -0.01443943 -0.0333434 0.03679014 -0.01495343 -0.03341499 0.0378523 -0.0147113 -0.03346613 0.03711388 -0.01489542 -0.03331755 0.03820373 -0.01458606 -0.03352557 0.03745987 -0.01481459 -0.0331544 0.03853925 -0.01443943 -0.03337784 0.03676188 -0.01495343 -0.03351874 0.03781708 -0.0147113 -0.03352148 0.03707689 -0.01489542 -0.0334445 0.03817413 -0.01458606 -0.03360342 0.03741825 -0.01481459 -0.03330365 0.0385196 -0.01443943 -0.03361997 0.03777515 -0.0147113 -0.03309884 0.03884236 -0.0142721 -0.03357429 0.03703637 -0.01489542 -0.03356924 0.03813629 -0.01458606 -0.03367839 0.03737164 -0.01481459 -0.03345128 0.03849023 -0.01443943 -0.03371824 0.03772669 -0.0147113 -0.03326803 0.0388257 -0.0142721 -0.03362434 0.03699248 -0.01489542 -0.03369124 0.03809037 -0.01458606 -0.03302327 0.03913186 -0.01408485 -0.03375014 0.03732022 -0.01481459 -0.03359668 0.03845127 -0.01443943 -0.03381313 0.0376719 -0.0147113 -0.03343576 0.038798 -0.0142721 -0.03380997 0.03803658 -0.01458606 -0.03321156 0.03911952 -0.01408485 -0.03381838 0.03726422 -0.01481459 -0.03373922 0.03840289 -0.01443943 -0.03390423 0.03761103 -0.0147113 -0.03360132 0.0387594 -0.0142721 -0.03392493 0.03797513 -0.01458606 -0.03339862 0.03909489 -0.01408485 -0.03387829 0.03834528 -0.01443943 -0.03313531 0.03939869 -0.01387856 -0.03399116 0.03754433 -0.0147113 -0.03376401 0.03871005 -0.0142721 -0.03403563 0.03790629 -0.01458606 -0.03358368 0.03905808 -0.01408485 -0.0340133 0.03827871 -0.01443943 -0.0333408 0.03937844 -0.01387856 -0.03407354 0.03747208 -0.0147113 -0.03392311 0.03865017 -0.0142721 -0.0330406 0.03966094 -0.01365418 -0.03414159 0.03783036 -0.01458606 -0.03376594 0.03900924 -0.01408485 -0.03414366 0.03820344 -0.01443943 -0.03354453 0.03934481 -0.01387856 -0.03407796 0.03858 -0.0142721 -0.03326344 0.03964633 -0.01365418 -0.03424235 0.03774767 -0.01458606 -0.03394461 0.03894859 -0.01408485 -0.03426882 0.03811981 -0.01443943 -0.03374562 0.03929792 -0.01387856 -0.03422789 0.03849986 -0.0142721 -0.03348486 0.03961718 -0.01365418 -0.03411893 0.03887638 -0.01408485 -0.03316793 0.03989635 -0.01341277 -0.03438824 0.03802818 -0.01443943 -0.03394321 0.03923798 -0.01387856 -0.03437226 0.03841009 -0.0142721 -0.03370389 0.03957361 -0.01365418 -0.03428816 0.03879293 -0.01408485 -0.0334059 0.03987292 -0.01341277 -0.03450142 0.03792892 -0.01443943 -0.03413647 0.03916525 -0.01387856 -0.03305584 0.04012648 -0.01315544 -0.03451044 0.03831107 -0.0142721 -0.03391961 0.03951581 -0.01365418 -0.03445156 0.03869859 -0.01408485 -0.03364183 0.03983397 -0.01341277 -0.03432455 0.03908003 -0.01387856 -0.0333091 0.04010988 -0.01315544 -0.03464186 0.03820322 -0.0142721 -0.03413108 0.03944403 -0.01365418 -0.03460845 0.03859377 -0.01408485 -0.0338747 0.03977967 -0.01341277 -0.03450665 0.03898269 -0.01387856 -0.03356073 0.04007675 -0.01315544 -0.03433741 0.03935857 -0.01365418 -0.03319609 0.0403261 -0.0128834 -0.03475814 0.0384789 -0.01408485 -0.03410353 0.03971025 -0.01341277 -0.034682 0.03887365 -0.01387856 -0.03380966 0.04002724 -0.01315544 -0.0345377 0.03925979 -0.01365418 -0.03346211 0.0402999 -0.0128834 -0.0349 0.03835449 -0.01408485 -0.03432733 0.03962602 -0.01341277 -0.03306871 0.04051981 -0.01259792 -0.03484984 0.03875338 -0.01387856 -0.03405482 0.03996155 -0.01315544 -0.03473111 0.03914813 -0.01365418 -0.03372585 0.04025636 -0.0128834 -0.03454514 0.03952734 -0.01341277 -0.03334767 0.04050153 -0.01259792 -0.03500946 0.03862239 -0.01387856 -0.03429515 0.03987996 -0.01315544 -0.03491679 0.03902406 -0.01365418 -0.03398617 0.04019566 -0.0128834 -0.03475602 0.03941461 -0.01341277 -0.03362484 0.04046503 -0.01259792 -0.03452964 0.03978284 -0.01315544 -0.03321928 0.04067992 -0.01230033 -0.03509397 0.0388881 -0.01365418 -0.03424196 0.04011807 -0.0128834 -0.03495909 0.03928834 -0.01341277 -0.03389902 0.0404105 -0.01259792 -0.03475727 0.03967058 -0.01315544 -0.03350839 0.04065145 -0.01230033 -0.03526187 0.03874086 -0.01365418 -0.03449214 0.04002391 -0.0128834 -0.03307898 0.0408336 -0.01199201 -0.03515346 0.03914906 -0.01341277 -0.03416906 0.04033814 -0.01259792 -0.03497707 0.03954368 -0.01315544 -0.03379502 0.04060412 -0.01230033 -0.03473561 0.03991359 -0.0128834 -0.03337844 0.04081397 -0.01199201 -0.0353383 0.03899736 -0.01341277 -0.03443378 0.04024828 -0.01259792 -0.03518811 0.03940267 -0.01315544 -0.03407794 0.04053815 -0.01230033 -0.03497136 0.03978758 -0.0128834 -0.03367598 0.0407748 -0.01199201 -0.03469206 0.0401413 -0.01259792 -0.03323706 0.04095122 -0.0116744 -0.03538946 0.03924817 -0.01315544 -0.03435594 0.04045383 -0.01230033 -0.03519835 0.03964643 -0.0128834 -0.03397032 0.04071626 -0.01199201 -0.03494278 0.04001765 -0.01259792 -0.03354388 0.040921 -0.0116744 -0.03558028 0.03908082 -0.01315544 -0.03462783 0.04035149 -0.01230033 -0.03308646 0.04106201 -0.01134898 -0.03541563 0.03949073 -0.0128834 -0.03426019 0.04063858 -0.01199201 -0.03518489 0.03987787 -0.01259792 -0.03384806 0.04087078 -0.0116744 -0.03489244 0.0402316 -0.01230033 -0.03340084 0.0410414 -0.01134898 -0.03562226 0.03932115 -0.0128834 -0.03454437 0.04054212 -0.01199201 -0.03541733 0.03972256 -0.01259792 -0.03414831 0.04080077 -0.0116744 -0.03514864 0.04009465 -0.01230033 -0.03371321 0.04100028 -0.01134898 -0.03482163 0.04042727 -0.01199201 -0.03324911 0.04113494 -0.01101728 -0.03563912 0.03955238 -0.01259792 -0.03444333 0.04071128 -0.0116744 -0.03539534 0.03994125 -0.01230033 -0.03402221 0.04093882 -0.01134898 -0.03509079 0.04029454 -0.01199201 -0.03356791 0.04110354 -0.01101728 -0.0358493 0.03936805 -0.01259792 -0.03473187 0.04060268 -0.0116744 -0.033091 0.04120078 -0.01068083 -0.03563148 0.03977203 -0.01230033 -0.03432653 0.04085727 -0.01134898 -0.03535068 0.04014449 -0.01199201 -0.03388398 0.04105136 -0.01101728 -0.03501269 0.04047544 -0.0116744 -0.03341445 0.04117958 -0.01068083 -0.03585605 0.03958774 -0.01230033 -0.03462487 0.040756 -0.01134898 -0.03560021 0.03997776 -0.01199201 -0.03419596 0.04097861 -0.01101728 -0.03528458 0.04033011 -0.0116744 -0.03373582 0.04113727 -0.01068083 -0.03491595 0.04063543 -0.01134898 -0.03325518 0.04122766 -0.01034121 -0.03341902 0.04122593 -0.01 -0.03583829 0.03979507 -0.01199201 -0.03450251 0.04088562 -0.01101728 -0.03554639 0.0401673 -0.0116744 -0.03405374 0.04107403 -0.01068083 -0.03519851 0.04049609 -0.01134898 -0.03358004 0.04119567 -0.01034121 -0.03366259 0.04119588 -0.01 -0.03606393 0.0395972 -0.01199201 -0.03480233 0.04077278 -0.01101728 -0.03579699 0.03998773 -0.0116744 -0.03436684 0.04099014 -0.01068083 -0.03547136 0.04033856 -0.01134898 -0.03390211 0.04114249 -0.01034121 -0.03390438 0.04115393 -0.01 -0.03414383 0.04110015 -0.01 -0.03509412 0.04064057 -0.01101728 -0.03603531 0.03979214 -0.0116744 -0.03467378 0.04088594 -0.01068083 -0.03573332 0.04016352 -0.01134898 -0.03422001 0.04106837 -0.01034121 -0.03438036 0.0410347 -0.01 -0.03537664 0.04048956 -0.01101728 -0.03497325 0.0407619 -0.01068083 -0.03598327 0.03997173 -0.01134898 -0.03453238 0.04097361 -0.01034121 -0.03461338 0.04095772 -0.01 -0.03564868 0.04032039 -0.01101728 -0.03526396 0.04061853 -0.01068083 -0.03622015 0.03976399 -0.01134898 -0.03483789 0.04085863 -0.01034121 -0.03484235 0.0408694 -0.01 -0.03506671 0.04076995 -0.01 -0.03590908 0.0401338 -0.01101728 -0.03554468 0.04045646 -0.01068083 -0.03513522 0.04072391 -0.01034121 -0.03528592 0.04065961 -0.01 -0.03615671 0.03993057 -0.01101728 -0.03581419 0.04027638 -0.01068083 -0.0354231 0.04057003 -0.01034121 -0.03549945 0.04053864 -0.01 -0.03607135 0.04007905 -0.01068083 -0.03570031 0.04039766 -0.01034121 -0.03570678 0.04040735 -0.01 -0.03590743 0.04026604 -0.01 -0.03631506 0.03986533 -0.01068083 -0.03596564 0.04020752 -0.01034121 -0.0361009 0.04011505 -0.01 -0.03621798 0.04000043 -0.01034121 -0.03317427 0.04124398 0.01 -0.03341902 0.04122593 0.01 -0.03366259 0.04119588 0.01 -0.03390438 0.04115393 0.01 -0.03414383 0.04110015 0.01 -0.03438036 0.0410347 0.01 -0.03461338 0.04095772 0.01 -0.03484235 0.0408694 0.01 -0.03506671 0.04076995 0.01 -0.03528592 0.04065961 0.01 -0.03549945 0.04053864 0.01 -0.03570678 0.04040735 0.01 -0.03590743 0.04026604 0.01 -0.0361009 0.04011505 0.01 -0.03628673 0.03995475 0.01 -0.0329401 0.03659103 0.01498834 -0.03296238 0.03658957 0.01498834 -0.03298451 0.03658665 0.01498834 -0.03297346 0.03692937 0.01495343 -0.03300641 0.0365823 0.01498834 -0.0330178 0.03692501 0.01495343 -0.03296222 0.03726674 0.01489542 -0.03302798 0.03657652 0.01498834 -0.03306176 0.03691775 0.01495343 -0.03302864 0.03726238 0.01489542 -0.03304913 0.03656934 0.01498834 -0.03310514 0.03690763 0.01495343 -0.03309464 0.03725369 0.01489542 -0.03306975 0.0365608 0.01498834 -0.03301716 0.0375961 0.01481459 -0.03314778 0.0368947 0.01495343 -0.03315993 0.03724071 0.01489542 -0.03308978 0.03655092 0.01498834 -0.03310501 0.03758744 0.01481459 -0.03318948 0.03687901 0.01495343 -0.03298372 0.0379235 0.0147113 -0.03322423 0.03722348 0.01489542 -0.03310912 0.03653976 0.01498834 -0.0331921 0.03757306 0.01481459 -0.03323006 0.03686062 0.01495343 -0.03309305 0.03791634 0.0147113 -0.03328727 0.03720208 0.01489542 -0.03312768 0.03652735 0.01498834 -0.03327808 0.03755302 0.01481459 -0.03326935 0.03683962 0.01495343 -0.03320168 0.03790203 0.0147113 -0.03334877 0.03717661 0.01489542 -0.03305922 0.03823774 0.01458606 -0.03314539 0.03651376 0.01498834 -0.03336255 0.03752739 0.01481459 -0.03330718 0.03681609 0.01495343 -0.03330915 0.03788066 0.0147113 -0.03340847 0.03714716 0.01489542 -0.03318894 0.03822496 0.01458606 -0.03316218 0.03649904 0.01498834 -0.03344517 0.0374963 0.01481459 -0.0330042 0.0385491 0.01443943 -0.0333434 0.03679014 0.01495343 -0.03341499 0.0378523 0.0147113 -0.03346613 0.03711388 0.01489542 -0.03331755 0.03820373 0.01458606 -0.03352557 0.03745987 0.01481459 -0.0331544 0.03853925 0.01443943 -0.03337784 0.03676188 0.01495343 -0.03351874 0.03781708 0.0147113 -0.03352148 0.03707689 0.01489542 -0.0334445 0.03817413 0.01458606 -0.03360342 0.03741825 0.01481459 -0.03330365 0.0385196 0.01443943 -0.03361997 0.03777515 0.0147113 -0.03309884 0.03884236 0.0142721 -0.03357429 0.03703637 0.01489542 -0.03356924 0.03813629 0.01458606 -0.03367839 0.03737164 0.01481459 -0.03345128 0.03849023 0.01443943 -0.03371824 0.03772669 0.0147113 -0.03326803 0.0388257 0.0142721 -0.03362434 0.03699248 0.01489542 -0.03369124 0.03809037 0.01458606 -0.03302327 0.03913186 0.01408485 -0.03375014 0.03732022 0.01481459 -0.03359668 0.03845127 0.01443943 -0.03381313 0.0376719 0.0147113 -0.03343576 0.038798 0.0142721 -0.03380997 0.03803658 0.01458606 -0.03321156 0.03911952 0.01408485 -0.03381838 0.03726422 0.01481459 -0.03373922 0.03840289 0.01443943 -0.03390423 0.03761103 0.0147113 -0.03360132 0.0387594 0.0142721 -0.03392493 0.03797513 0.01458606 -0.03339862 0.03909489 0.01408485 -0.03387829 0.03834528 0.01443943 -0.03313531 0.03939869 0.01387856 -0.03399116 0.03754433 0.0147113 -0.03376401 0.03871005 0.0142721 -0.03403563 0.03790629 0.01458606 -0.03358368 0.03905808 0.01408485 -0.0340133 0.03827871 0.01443943 -0.0333408 0.03937844 0.01387856 -0.03407354 0.03747208 0.0147113 -0.03392311 0.03865017 0.0142721 -0.0330406 0.03966094 0.01365418 -0.03414159 0.03783036 0.01458606 -0.03376594 0.03900924 0.01408485 -0.03414366 0.03820344 0.01443943 -0.03354453 0.03934481 0.01387856 -0.03407796 0.03858 0.0142721 -0.03326344 0.03964633 0.01365418 -0.03424235 0.03774767 0.01458606 -0.03394461 0.03894859 0.01408485 -0.03426882 0.03811981 0.01443943 -0.03374562 0.03929792 0.01387856 -0.03422789 0.03849986 0.0142721 -0.03348486 0.03961718 0.01365418 -0.03411893 0.03887638 0.01408485 -0.03316793 0.03989635 0.01341277 -0.03438824 0.03802818 0.01443943 -0.03394321 0.03923798 0.01387856 -0.03437226 0.03841009 0.0142721 -0.03370389 0.03957361 0.01365418 -0.03428816 0.03879293 0.01408485 -0.0334059 0.03987292 0.01341277 -0.03450142 0.03792892 0.01443943 -0.03413647 0.03916525 0.01387856 -0.03305584 0.04012648 0.01315544 -0.03451044 0.03831107 0.0142721 -0.03391961 0.03951581 0.01365418 -0.03445156 0.03869859 0.01408485 -0.03364183 0.03983397 0.01341277 -0.03432455 0.03908003 0.01387856 -0.0333091 0.04010988 0.01315544 -0.03464186 0.03820322 0.0142721 -0.03413108 0.03944403 0.01365418 -0.03460845 0.03859377 0.01408485 -0.0338747 0.03977967 0.01341277 -0.03450665 0.03898269 0.01387856 -0.03356073 0.04007675 0.01315544 -0.03433741 0.03935857 0.01365418 -0.03319609 0.0403261 0.0128834 -0.03475814 0.0384789 0.01408485 -0.03410353 0.03971025 0.01341277 -0.034682 0.03887365 0.01387856 -0.03380966 0.04002724 0.01315544 -0.0345377 0.03925979 0.01365418 -0.03346211 0.0402999 0.0128834 -0.0349 0.03835449 0.01408485 -0.03432733 0.03962602 0.01341277 -0.03306871 0.04051981 0.01259792 -0.03484984 0.03875338 0.01387856 -0.03405482 0.03996155 0.01315544 -0.03473111 0.03914813 0.01365418 -0.03372585 0.04025636 0.0128834 -0.03454514 0.03952734 0.01341277 -0.03334767 0.04050153 0.01259792 -0.03500946 0.03862239 0.01387856 -0.03429515 0.03987996 0.01315544 -0.03491679 0.03902406 0.01365418 -0.03398617 0.04019566 0.0128834 -0.03475602 0.03941461 0.01341277 -0.03362484 0.04046503 0.01259792 -0.03452964 0.03978284 0.01315544 -0.03321928 0.04067992 0.01230033 -0.03509397 0.0388881 0.01365418 -0.03424196 0.04011807 0.0128834 -0.03495909 0.03928834 0.01341277 -0.03389902 0.0404105 0.01259792 -0.03475727 0.03967058 0.01315544 -0.03350839 0.04065145 0.01230033 -0.03526187 0.03874086 0.01365418 -0.03449214 0.04002391 0.0128834 -0.03307898 0.0408336 0.01199201 -0.03515346 0.03914906 0.01341277 -0.03416906 0.04033814 0.01259792 -0.03497707 0.03954368 0.01315544 -0.03379502 0.04060412 0.01230033 -0.03473561 0.03991359 0.0128834 -0.03337844 0.04081397 0.01199201 -0.0353383 0.03899736 0.01341277 -0.03443378 0.04024828 0.01259792 -0.03518811 0.03940267 0.01315544 -0.03407794 0.04053815 0.01230033 -0.03497136 0.03978758 0.0128834 -0.03367598 0.0407748 0.01199201 -0.03469206 0.0401413 0.01259792 -0.03323706 0.04095122 0.0116744 -0.03538946 0.03924817 0.01315544 -0.03435594 0.04045383 0.01230033 -0.03519835 0.03964643 0.0128834 -0.03397032 0.04071626 0.01199201 -0.03494278 0.04001765 0.01259792 -0.03354388 0.040921 0.0116744 -0.03558028 0.03908082 0.01315544 -0.03462783 0.04035149 0.01230033 -0.03308646 0.04106201 0.01134898 -0.03541563 0.03949073 0.0128834 -0.03426019 0.04063858 0.01199201 -0.03518489 0.03987787 0.01259792 -0.03384806 0.04087078 0.0116744 -0.03489244 0.0402316 0.01230033 -0.03340084 0.0410414 0.01134898 -0.03562226 0.03932115 0.0128834 -0.03454437 0.04054212 0.01199201 -0.03541733 0.03972256 0.01259792 -0.03414831 0.04080077 0.0116744 -0.03514864 0.04009465 0.01230033 -0.03371321 0.04100028 0.01134898 -0.03482163 0.04042727 0.01199201 -0.03324911 0.04113494 0.01101728 -0.03563912 0.03955238 0.01259792 -0.03444333 0.04071128 0.0116744 -0.03539534 0.03994125 0.01230033 -0.03402221 0.04093882 0.01134898 -0.03509079 0.04029454 0.01199201 -0.03356791 0.04110354 0.01101728 -0.0358493 0.03936805 0.01259792 -0.03473187 0.04060268 0.0116744 -0.033091 0.04120078 0.01068083 -0.03563148 0.03977203 0.01230033 -0.03432653 0.04085727 0.01134898 -0.03535068 0.04014449 0.01199201 -0.03388398 0.04105136 0.01101728 -0.03501269 0.04047544 0.0116744 -0.03341445 0.04117958 0.01068083 -0.03585605 0.03958774 0.01230033 -0.03462487 0.040756 0.01134898 -0.03560021 0.03997776 0.01199201 -0.03419596 0.04097861 0.01101728 -0.03528458 0.04033011 0.0116744 -0.03373582 0.04113727 0.01068083 -0.03491595 0.04063543 0.01134898 -0.03325518 0.04122766 0.01034121 -0.03583829 0.03979507 0.01199201 -0.03450251 0.04088562 0.01101728 -0.03554639 0.0401673 0.0116744 -0.03405374 0.04107403 0.01068083 -0.03519851 0.04049609 0.01134898 -0.03358004 0.04119567 0.01034121 -0.03606393 0.0395972 0.01199201 -0.03480233 0.04077278 0.01101728 -0.03579699 0.03998773 0.0116744 -0.03436684 0.04099014 0.01068083 -0.03547136 0.04033856 0.01134898 -0.03390211 0.04114249 0.01034121 -0.03509412 0.04064057 0.01101728 -0.03603531 0.03979214 0.0116744 -0.03467378 0.04088594 0.01068083 -0.03573332 0.04016352 0.01134898 -0.03422001 0.04106837 0.01034121 -0.03537664 0.04048956 0.01101728 -0.03497325 0.0407619 0.01068083 -0.03598327 0.03997173 0.01134898 -0.03453238 0.04097361 0.01034121 -0.03564868 0.04032039 0.01101728 -0.03526396 0.04061853 0.01068083 -0.03622015 0.03976399 0.01134898 -0.03483789 0.04085863 0.01034121 -0.03590908 0.0401338 0.01101728 -0.03554468 0.04045646 0.01068083 -0.03513522 0.04072391 0.01034121 -0.03615671 0.03993057 0.01101728 -0.03581419 0.04027638 0.01068083 -0.0354231 0.04057003 0.01034121 -0.03607135 0.04007905 0.01068083 -0.03570031 0.04039766 0.01034121 -0.03631506 0.03986533 0.01068083 -0.03596564 0.04020752 0.01034121 -0.03621798 0.04000043 0.01034121 -0.05870475 0.01753673 0.01 -0.05999398 0.01442427 0.01 -0.05524904 0.01441218 0.01498834 -0.05526376 0.0143954 0.01498834 -0.05527735 0.01437768 0.01498834 -0.05551188 0.01462784 0.01495343 -0.05528976 0.01435912 0.01498834 -0.05554014 0.0145934 0.01495343 -0.05574248 0.01487434 0.01489542 -0.05530092 0.01433978 0.01498834 -0.05556609 0.01455718 0.01495343 -0.05578637 0.01482429 0.01489542 -0.0553108 0.01431975 0.01498834 -0.05558962 0.01451935 0.01495343 -0.05582689 0.01477147 0.01489542 -0.05531934 0.01429912 0.01498834 -0.05601422 0.01506838 0.01481459 -0.05561062 0.01448006 0.01495343 -0.05586388 0.01471613 0.01489542 -0.05532652 0.01427798 0.01498834 -0.05607022 0.01500014 0.01481459 -0.05562901 0.01443948 0.01495343 -0.05622208 0.01532354 0.0147113 -0.05589716 0.01465847 0.01489542 -0.0553323 0.01425641 0.01498834 -0.05612164 0.01492839 0.01481459 -0.0556447 0.01439778 0.01495343 -0.05629433 0.01524116 0.0147113 -0.05592661 0.01459877 0.01489542 -0.05533665 0.01423451 0.01498834 -0.05616825 0.01485342 0.01481459 -0.05565763 0.01435514 0.01495343 -0.05636103 0.01515423 0.0147113 -0.05595208 0.01453727 0.01489542 -0.05649767 0.01549235 0.01458606 -0.05533957 0.01421238 0.01498834 -0.05620987 0.01477557 0.01481459 -0.05566775 0.01431176 0.01495343 -0.0564219 0.01506313 0.0147113 -0.05597348 0.01447423 0.01489542 -0.05658036 0.01539159 0.01458606 -0.05534103 0.0141901 0.01498834 -0.0562463 0.01469517 0.01481459 -0.05667892 0.01575142 0.01443943 -0.05567501 0.0142678 0.01495343 -0.05647669 0.01496824 0.0147113 -0.05599071 0.01440993 0.01489542 -0.05665629 0.01528563 0.01458606 -0.05627739 0.01461255 0.01481459 -0.05677818 0.01563824 0.01443943 -0.05567937 0.01422346 0.01495343 -0.05652515 0.01486997 0.0147113 -0.05600369 0.01434464 0.01489542 -0.05672513 0.01517494 0.01458606 -0.05630302 0.01452808 0.01481459 -0.05686981 0.01551882 0.01443943 -0.05656708 0.01476874 0.0147113 -0.05695322 0.01589186 0.0142721 -0.05601238 0.01427864 0.01489542 -0.05678658 0.01505997 0.01458606 -0.05632306 0.01444211 0.01481459 -0.05695344 0.01539366 0.01443943 -0.0566023 0.01466498 0.0147113 -0.05706107 0.01576045 0.0142721 -0.05601674 0.01421222 0.01489542 -0.05684037 0.01494124 0.01458606 -0.05710449 0.01615 0.01408485 -0.05633744 0.01435501 0.01481459 -0.05702871 0.0152633 0.01443943 -0.05663066 0.01455915 0.0147113 -0.05716009 0.01562226 0.0142721 -0.05688629 0.01481924 0.01458606 -0.0572289 0.01600814 0.01408485 -0.0563461 0.01426716 0.01481459 -0.05709528 0.01512829 0.01443943 -0.05665203 0.01445168 0.0147113 -0.05724986 0.01547789 0.0142721 -0.05692413 0.0146945 0.01458606 -0.05734377 0.01585845 0.01408485 -0.05715289 0.01498922 0.01443943 -0.05737239 0.01625946 0.01387856 -0.05666634 0.01434305 0.0147113 -0.05733 0.01532796 0.0142721 -0.05695373 0.01456755 0.01458606 -0.05744859 0.01570156 0.01408485 -0.05720127 0.01484668 0.01443943 -0.05750338 0.01609984 0.01387856 -0.0566735 0.01423372 0.0147113 -0.05740017 0.01517311 0.0142721 -0.05749086 0.01651187 0.01365418 -0.05697496 0.01443894 0.01458606 -0.05754293 0.01553816 0.01408485 -0.05724023 0.01470128 0.01443943 -0.05762365 0.015932 0.01387856 -0.05746005 0.01501401 0.0142721 -0.0576381 0.01634397 0.01365418 -0.05698774 0.01430922 0.01458606 -0.05762638 0.01536893 0.01408485 -0.0572696 0.01455365 0.01443943 -0.05773269 0.01575665 0.01387856 -0.0575094 0.01485132 0.0142721 -0.05777406 0.01616679 0.01365418 -0.05769859 0.01519461 0.01408485 -0.05774736 0.0165883 0.01341277 -0.05728925 0.0144044 0.01443943 -0.05783003 0.01557455 0.01387856 -0.057548 0.01468576 0.0142721 -0.05789813 0.0159811 0.01365418 -0.05775924 0.01501594 0.01408485 -0.05789906 0.01640346 0.01341277 -0.0572991 0.0142542 0.01443943 -0.05791525 0.01538647 0.01387856 -0.05783082 0.01683028 0.01315544 -0.0575757 0.01451803 0.0142721 -0.05800979 0.0157877 0.01365418 -0.05780808 0.01483368 0.01408485 -0.05803834 0.01620909 0.01341277 -0.05798798 0.01519322 0.01387856 -0.05799817 0.01663946 0.01315544 -0.05759236 0.01434884 0.0142721 -0.05810857 0.0155874 0.01365418 -0.05784489 0.01464863 0.01408485 -0.05816461 0.01600602 0.01341277 -0.05804792 0.01499562 0.01387856 -0.05815267 0.0164381 0.01315544 -0.05819403 0.01538108 0.01365418 -0.05807115 0.01687226 0.0128834 -0.05786952 0.01446155 0.01408485 -0.05827734 0.01579513 0.01341277 -0.05809481 0.01479453 0.01387856 -0.05829368 0.01622707 0.01315544 -0.05826581 0.01516961 0.01365418 -0.05824073 0.01666563 0.0128834 -0.05788186 0.01427327 0.01408485 -0.05837602 0.01557733 0.01341277 -0.05811805 0.0170993 0.01259792 -0.05812844 0.0145908 0.01387856 -0.05842058 0.01600727 0.01315544 -0.05832361 0.01495389 0.01365418 -0.05839643 0.01644835 0.0128834 -0.05846025 0.01535353 0.01341277 -0.05830238 0.01688912 0.01259792 -0.05814869 0.01438531 0.01387856 -0.05853284 0.01577964 0.01315544 -0.05836718 0.01473486 0.01365418 -0.05853758 0.01622136 0.0128834 -0.05852967 0.0151247 0.01341277 -0.05847256 0.01666733 0.01259792 -0.05862996 0.01554515 0.01315544 -0.05833774 0.01710605 0.01230033 -0.05839633 0.01451344 0.01365418 -0.05866359 0.01598561 0.0128834 -0.05858397 0.01489183 0.01341277 -0.05862787 0.01643489 0.01259792 -0.05871155 0.01530482 0.01315544 -0.05852203 0.01688148 0.01230033 -0.05841094 0.0142906 0.01365418 -0.05877391 0.01574214 0.0128834 -0.0583472 0.01731392 0.01199201 -0.05862292 0.0146559 0.01341277 -0.05876765 0.01619279 0.01259792 -0.05877724 0.01505966 0.01315544 -0.05869125 0.01664535 0.01230033 -0.05886807 0.01549196 0.0128834 -0.05854507 0.01708829 0.01199201 -0.05864635 0.01441793 0.01341277 -0.0588913 0.01594206 0.01259792 -0.05882675 0.01481073 0.01315544 -0.05884465 0.01639865 0.01230033 -0.05894566 0.01523617 0.0128834 -0.05872776 0.01685021 0.01199201 -0.05899828 0.01568378 0.01259792 -0.05854214 0.01728531 0.0116744 -0.05885988 0.0145591 0.01315544 -0.0589816 0.01614244 0.01230033 -0.05900636 0.01497585 0.0128834 -0.05889449 0.01660068 0.01199201 -0.05908814 0.01541906 0.01259792 -0.05873773 0.01704699 0.0116744 -0.05887648 0.01430583 0.01315544 -0.05910149 0.01587783 0.01230033 -0.05851399 0.01747015 0.01134898 -0.0590499 0.01471211 0.0128834 -0.05904454 0.01634078 0.01199201 -0.0591605 0.01514902 0.01259792 -0.0589173 0.01679639 0.0116744 -0.05920383 0.01560594 0.01230033 -0.05872173 0.01723327 0.01134898 -0.0590761 0.01444609 0.0128834 -0.05917727 0.01607163 0.01199201 -0.05921503 0.01487484 0.01259792 -0.05908011 0.01653458 0.0116744 -0.05928815 0.01532794 0.01230033 -0.05891352 0.01698332 0.01134898 -0.05929212 0.01579437 0.01199201 -0.05868057 0.01740671 0.01101728 -0.05925153 0.01459767 0.01259792 -0.05922544 0.01626269 0.0116744 -0.05935412 0.01504502 0.01230033 -0.05908856 0.01672136 0.01134898 -0.05938858 0.01551019 0.01199201 -0.0588838 0.01715907 0.01101728 -0.05926981 0.01431871 0.01259792 -0.05935268 0.01598187 0.0116744 -0.05861533 0.01756506 0.01068083 -0.05940145 0.01475839 0.01230033 -0.05924609 0.01644851 0.01134898 -0.05946626 0.01522032 0.01199201 -0.05907039 0.01689868 0.01101728 -0.05946128 0.01569333 0.0116744 -0.05882905 0.01732135 0.01068083 -0.05942992 0.01446929 0.01230033 -0.05938543 0.01616595 0.01134898 -0.0595248 0.01492598 0.01199201 -0.05923956 0.01662664 0.01101728 -0.05955077 0.01539831 0.0116744 -0.05902638 0.01706419 0.01068083 -0.059506 0.01587487 0.01134898 -0.05875043 0.01746798 0.01034121 -0.05886505 0.0173509 0.01 -0.05956397 0.01462844 0.01199201 -0.05939057 0.01634412 0.01101728 -0.05962078 0.01509806 0.0116744 -0.05920646 0.01679468 0.01068083 -0.05960727 0.01557653 0.01134898 -0.05895752 0.01721564 0.01034121 -0.05901604 0.01715743 0.01 -0.0595836 0.01432898 0.01199201 -0.05952278 0.01605233 0.01101728 -0.059671 0.01479388 0.0116744 -0.05936853 0.01651396 0.01068083 -0.05968882 0.01527221 0.01134898 -0.05914766 0.01695031 0.01034121 -0.05915735 0.01695678 0.01 -0.05928864 0.01674944 0.01 -0.05963562 0.01575251 0.01101728 -0.05970122 0.01448707 0.0116744 -0.0595119 0.01622325 0.01068083 -0.05975028 0.01496321 0.01134898 -0.05932003 0.0166731 0.01034121 -0.05940961 0.01653592 0.01 -0.05972861 0.01544596 0.01101728 -0.05963594 0.01592378 0.01068083 -0.0597914 0.01465084 0.01134898 -0.05947391 0.01638522 0.01034121 -0.05951995 0.01631671 0.01 -0.05980136 0.01513398 0.01101728 -0.05974014 0.01561684 0.01068083 -0.05981201 0.01433646 0.01134898 -0.05960863 0.01608789 0.01034121 -0.0596194 0.01609235 0.01 -0.05970772 0.01586338 0.01 -0.05985354 0.01481791 0.01101728 -0.05982403 0.01530374 0.01068083 -0.05972361 0.01578238 0.01034121 -0.0597847 0.01563036 0.01 -0.05988494 0.01449911 0.01101728 -0.05988727 0.01498582 0.01068083 -0.05981837 0.01547001 0.01034121 -0.05985015 0.01539383 0.01 -0.05992958 0.01466445 0.01068083 -0.05989249 0.01515211 0.01034121 -0.05990393 0.01515438 0.01 -0.05994588 0.01491258 0.01 -0.05995078 0.014341 0.01068083 -0.05994567 0.01483004 0.01034121 -0.05997593 0.01466902 0.01 -0.05997766 0.01450519 0.01034121</float_array>
          <technique_common>
            <accessor count="2958" source="#cubeverts-array0-array" stride="3">
              <param type="float" name="X"/>
              <param type="float" name="Y"/>
              <param type="float" name="Z"/>
            </accessor>
          </technique_common>
        </source>
        <source id="cubenormals-array0">
          <float_array count="17736" id="cubenormals-array0-array">1 0 0 1 -0 0 0 0 -1 0 -0 -1 0 -0 -1 0 -0 -1 0 0 -1 0 0 -1 0 0 -1 0 0 -1 0 0 -1 0 0 -1 0 0 -1 0 0 -1 0 0 -1 0 0 -1 0 0 -1 0 0 -1 0 0 -1 0 0 -1 0 0 -1 0 0 -1 0 0 -1 0 0 -1 0 0 -1 0 0 -1 0 0 -1 0 0 -1 0 0 -1 0 0 -1 0 0 -1 0 0 -1 0 0 -1 0 0 -1 0 0 -1 0 0 -1 0 0 -1 0 0 -1 0 0 -1 0 0 -1 0 0 -1 0 0 -1 0 0 -1 0 0 -1 0 0 -1 0 0 -1 0 0 -1 0 0 -1 0 0 -1 -0 -0 -1 -0 -0 -1 0 0 -1 0 0 -1 -0 -0 -1 0 -0 -1 0 -0 -1 0 0 -1 0 0 -1 0 0 -1 0 0 -1 0 -0 -1 0 -0 -1 0 -0 -1 0 -0 -1 0 -0 -1 0 -0 -1 0 -0 -1 0 0 -1 0 0 -1 0 0 -1 0 0 -1 0 0 -1 0 0 -1 0 0 -1 0 0 -1 0 0 -1 0 0 -1 0 0 -1 0 0 -1 0 0 -1 0 0 -1 0 0 -1 0 -0 -1 0 -0 -1 0 -0 -1 0 -0 -1 0 0 -1 0 0 -1 0 0 -1 0 0 -1 0 0 -1 0 0 -1 0 0 -1 0 0 -1 0 0 -1 0 0 -1 0 0 -1 0 0 -1 0 0 -1 0 0 -1 0 0 -1 0 0 -1 0 0 -1 0 0 -1 0 0 -1 0 0 -1 0 0 -1 0 0 -1 0 0 -1 0 0 -1 0 0 -1 0 0 -1 0 0 -1 0 0 -1 0 0 -1 0 0 -1 0 0 -1 0 0 -1 0 0 -1 0 0 -1 0 0 -1 0 0 -1 0 0 -1 0 0 -1 0 0 -1 0 0 -1 0 0 -1 0 0 -1 0 0 -1 0 0 -1 0 0 -1 0 0 -1 0 0 -1 0 -0 -1 0 -0 -1 0 0 -1 0 -0 -1 0 0 -1 0 0 -1 0 0 -1 0 0 -1 0 0 -1 0 0 -1 0 0 -1 0 0 -1 0 0 -1 0 0 -1 0 0 -1 0 0 -1 0 0 -1 0 0 -1 0 0 -1 0 0 -1 0 0 -1 0 0 -1 0 0 -1 0 0 -1 0 0 -1 0 0 -1 0 0 -1 0 0 -1 0 0 -1 0 0 -1 0 0 -1 0 0 -1 0 0 -1 0 0 -1 0 0 -1 0 0 -1 0 0 -1 0 0 -1 0 0 -1 0 0 -1 0 0 -1 0 0 -1 0 0 -1 0 0 -1 0 0 -1 0 0 -1 0 0 -1 0 0 -1 0 0 -1 0 0 -1 0 0 -1 0 -0 -1 0 -0 -1 0 -0 -1 0 0 -1 0 0 -1 0 0 -1 0 0 -1 0 0 -1 0 0 -1 0 0 -1 0 0 -1 0 0 -1 0 0 -1 0 0 -1 0 0 -1 0 0 -1 0 0 -1 0 0 -1 0 0 -1 0 0 -1 0 0 -1 0 0 -1 0 0 -1 0 0 -1 0 0 -1 0 0 -1 0 0 -1 0 0 -1 0 0 -1 0 0 -1 0 0 -1 0 0 -1 0 0 -1 0 0 -1 0 0 -1 0 0 -1 0 0 -1 0 0 -1 0 0 -1 0 0 -1 0 0 -1 0 0 -1 0 0 -1 0 0 -1 0 0 -1 0 0 -1 0 0 -1 0 0 -1 0 0 -1 0 0 -1 0 0 -1 0 0 -1 0 0 -1 -0 -0 -1 -0 -0 -1 0 0 -1 0 0 -1 0 0 -1 0 0 -1 0 0 -1 0 0 -1 0 0 -1 0 0 -1 0 0 -1 0 0 -1 0 0 -1 0 0 -1 0 0 -1 0 0 -1 0 0 -1 0 0 -1 0 0 -1 0 0 -1 0 0 -1 0 0 -1 0 0 -1 0 0 -1 0 0 -1 0 0 -1 0 0 -1 0 0 -1 0 0 -1 0 0 -1 0 0 -1 0 0 -1 0 0 -1 0 0 -1 0 0 -1 0 0 -1 0 0 -1 0 0 -1 0 0 -1 0 0 -1 0 0 -1 0 0 -1 0 0 -1 0 0 -1 0 0 -1 0 0 -1 0 0 -1 0 0 -1 -0 -0 -1 0 0 -1 0 0 -1 0 0 -1 0 0 -1 0 0 -1 0 0 -1 0 0 -1 0 0 -1 0 0 -1 0 0 -1 0 0 -1 0 0 -1 0 0 -1 0 0 -1 0 0 -1 0 0 -1 0 0 -1 0 0 -1 0 0 -1 0 0 -1 0 0 -1 0 0 -1 0 0 -1 0 0 -1 0 0 -1 0 0 -1 0 0 -1 0 0 -1 0 0 -1 0 0 -1 0 0 -1 0 0 -1 0 0 -1 0 0 -1 0 0 -1 0 0 -1 0 0 -1 0 0 -1 0 0 -1 0 0 -1 0 0 -1 0 0 -1 0 0 -1 0 0 -1 0 0 -1 0 0 -1 0 0 -1 0 0 -1 0 0 -1 0 0 -1 0 0 -1 0 0 -1 0 0 -1 0 0 -1 0 0 -1 0 0 -1 0 0 -1 0 0 -1 0 0 -1 0 0 -1 0 0 -1 0 0 -1 0 0 -1 0 0 -1 0 0 -1 0 0 -1 0 -0 -1 0 0 -1 0 0 -1 0 0 -1 0 -0 -1 0 0 -1 0 0 -1 0 0 -1 0 -0 -1 0 0 -1 0 0 -1 0 0 -1 0 0 -1 0 -0 -1 0 0 -1 0 0 -1 0 0 -1 0 0 -1 0 0 -1 0 0 -1 0 0 -1 0 0 -1 0 0 -1 0 0 -1 0 0 -1 0 0 -1 0 0 -1 0 0 -1 0 0 -1 0 0 -1 0 0 -1 0 0 -1 0 0 -1 0 0 -1 0 0 -1 0 0 -1 0 0 -1 0 0 -1 0 0 -1 0 0 -1 0 0 -1 0 0 -1 0 0 -1 0 0 -1 0 0 -1 0 0 -1 0 0 -1 0 0 -1 0 0 -1 0 0 -1 0 0 -1 0 0 -1 0 -0 -1 0 0 -1 0 0 -1 0 -0 -1 0 0 -1 0 0 -1 0 -0 -1 0 0 -1 0 0 -1 0 0 -1 0 0 -1 0 -0 -1 0 0 -1 0 0 -1 0 0 -1 0 0 -1 0 0 -1 0 0 -1 0 0 -1 0 0 -1 0 0 -1 0 0 -1 0 0 -1 0 0 -1 0 0 -1 0 0 -1 0 0 -1 0 0 -1 0 0 -1 0 0 -1 0 0 -1 0 0 -1 0 0 -1 0 0 -1 0 0 -1 0 0 -1 0 0 -1 0 0 -1 0 0 -1 0 0 -1 0 0 -1 0 0 -1 0 0 -1 0 0 -1 0 0 -1 0 0 -1 0 0 -1 0 0 -1 0 0 -1 0 0 -1 0 0 -1 0 0 -1 0 0 -1 0 -0 -1 0 0 -1 0 0 -1 0 -0 -1 0 0 -1 0 0 -1 0 0 -1 0 0 -1 0 0 -1 0 0 -1 0 0 -1 0 0 -1 0 0 -1 0 0 -1 0 0 -1 0 0 -1 0 0 -1 0 0 -1 0 0 -1 0 0 -1 0 -0 -1 0 0 -1 0 0 -1 0 0 -1 0 0 -1 0 0 -1 0 0 -1 0 0 -1 0 0 -1 0 0 -1 0 0 -1 0 0 -1 0 0 -1 0 0 -1 0 0 -1 0 0 -1 0 0 -1 0 0 -1 0 0 -1 0 0 -1 0 0 -1 0 0 -1 0 0 -1 0 0 -1 0 0 -1 0 0 -1 0 0 -1 0 0 -1 0 0 -1 0 0 -1 0 -0 -1 0 0 -1 0 0 -1 0 0 -1 0 0 -1 0 0 -1 0 0 -1 0 0 -1 0 0 -1 0 0 -1 0 0 -1 0 0 -1 0 0 -1 0 0 -1 0 -0 -1 0 0 -1 0 0 -1 0 0 -1 0 0 -1 0 0 -1 0 0 -1 0 0 -1 0 0 -1 0 0 -1 0 0 -1 0 0 -1 0 0 -1 0 0 -1 0 0 -1 0 0 -1 0 0 -1 0 0 -1 0 0 -1 0 0 -1 0 0 -1 0 0 -1 0 0 -1 0 0 -1 0 0 -1 0 0 -1 0 0 -1 0 0 -1 0 0 -1 0 0 -1 0 0 -1 0 0 -1 0 0 -1 0 0 -1 0 0 -1 0 0 -1 0 0 -1 0 0 -1 0 0 -1 0 0 -1 0 -0 -1 0 0 -1 0 0 -1 0 -0 -1 0 0 -1 0 0 -1 0 0 -1 0 0 -1 0 0 -1 0 0 -1 0 0 -1 0 0 -1 0 0 -1 0 0 -1 0 0 -1 0 0 -1 0 0 -1 0 0 -1 0 0 -1 0 0 -1 0 0 -1 0 0 -1 0 0 -1 0 0 -1 0 0 -1 0 0 -1 0 0 -1 0 0 -1 0 0 -1 0 0 -1 0 0 -1 0 0 -1 0 0 -1 0 0 -1 0 0 -1 0 0 -1 0 -0 -1 0 0 -1 0 0 -1 0 0 -1 0 -0 -1 0 0 -1 0 0 -1 0 0 -1 0 0 -1 0 0 -1 0 0 -1 0 0 -1 0 0 -1 0 0 -1 0 0 -1 0 0 -1 0 0 -1 0 0 -1 0 0 -1 0 0 -1 0 0 -1 0 0 -1 0 0 -1 0 0 -1 0 0 -1 0 0 -1 0 0 -1 0 0 -1 0 0 -1 0 0 -1 0 0 -1 0 0 -1 0 0 -1 0 0 -1 0 0 -1 0 0 -1 0 0 -1 0 0 -1 0 0 -1 0 0 -1 0 0 -1 0 0 -1 0 0 -1 0 0 -1 0 0 -1 0 0 -1 0 0 -1 0 0 -1 0 0 -1 0 0 -1 0 0 -1 0 0 -1 0 0 -1 0 0 -1 0 0 -1 0 0 -1 0 0 -1 0 0 -1 0 0 -1 0 0 -1 0 0 -1 0 0 -1 0 0 -1 0 0 -1 0 0 -1 0 0 -1 0 0 -1 0 0 -1 0 0 -1 0 0 -1 0 0 -1 0 0 -1 0 0 -1 0 0 -1 0 0 -1 0 0 -1 0 0 -1 0 0 -1 0 0 -1 0 0 -1 0.9998072 0.01963321 0 0.998298 0.05831834 0 0.9998072 0.01963321 0 0.9953464 0.09636127 0 0.998298 0.05831834 0 0.9909456 0.1342638 0 0.9953464 0.09636128 0 0.9909456 0.1342638 0 0.9850848 0.1720701 0 0.9850847 0.1720701 0 0.9777626 0.2097149 0 0.9777626 0.2097149 0 0.9689687 0.2471835 0 0.9689687 0.2471835 0 0.9592451 0.2825751 0 0.9592452 0.2825751 0 0.9481721 0.3177572 0 0.9481721 0.3177572 0 0.9350975 0.3543905 0 0.9350975 0.3543905 0 0.9205092 0.390721 0 0.9205092 0.390721 0 0.9041695 0.427174 0 0.9041694 0.4271739 0 0.8862711 0.4631668 0 0.8862712 0.4631668 0 0.8668125 0.4986343 0 0.8668124 0.4986343 0 0.8446104 0.5353814 0 0.8446105 0.5353814 0 0.8193709 0.5732638 0 0.8193709 0.5732637 0 0.7943956 0.6074008 0 0.7943955 0.6074008 0 0.7678036 0.6406853 0 0.7678035 0.6406853 0 0.7382043 0.6745772 0 0.7382043 0.6745772 0 0.7083268 0.7058847 0 0.7083268 0.7058847 0 0.677139 0.7358551 0 0.677139 0.735855 0 0.6446585 0.7644708 0 0.6446584 0.7644707 0 0.6109976 0.7916325 0 0.6109976 0.7916325 0 0.5761757 0.8173259 0 0.5761757 0.8173259 0 0.5402745 0.8414888 0 0.5402745 0.8414888 0 0.5033847 0.8640624 0 0.5033847 0.8640624 0 0.4655131 0.8850409 0 0.4655131 0.8850409 0 0.4268107 0.904341 0 0.4268107 0.904341 0 0.3872781 0.9219629 0 0.387278 0.921963 0 0.3470255 0.9378557 0 0.306133 0.9519887 0 0.3470255 0.9378557 0 0.306133 0.9519887 0 0.2646807 0.9643361 0 0.2646807 0.9643361 0 0.2226975 0.9748877 0 0.2226975 0.9748876 0 0.1803267 0.9836068 0 0.1803267 0.9836068 0 0.1376027 0.9904875 0 0.1376027 0.9904875 0 0.09463352 0.9955122 0 0.09463351 0.9955122 0 0.0548327 0.9984956 0 0.0548327 0.9984956 0 0.0182778 0.999833 0 0.0182778 0.9998329 0 0.7562401 -0.6542943 0 0.7562401 -0.6542943 0 0.7685168 -0.6398295 0 0.7685168 -0.6398295 0 0.7805151 -0.625137 0 0.7805151 -0.625137 0 0 0 1 0 0 1 0 0 1 0 0 1 0 0 1 0 0 1 0 0 1 0 0 1 0 0 1 0 0 1 0 0 1 0 0 1 0 0 1 0 0 1 0 0 1 0 0 1 0 0 1 0 0 1 0 0 1 0 0 1 0 0 1 0 0 1 0 0 1 0 0 1 0 0 1 0 0 1 0 0 1 0 0 1 0 0 1 0 0 1 0 0 1 0 0 1 0 0 1 0 0 1 0 0 1 0 0 1 0 0 1 0 0 1 0 0 1 0 0 1 0 0 1 0 0 1 0 0 1 0 0 1 0 0 1 0 0 1 0 0 1 0 0 1 0 0 1 0 0 1 0 0 1 0 0 1 0 0 1 0 0 1 0 0 1 0 0 1 0 0 1 0 0 1 0 0 1 0 0 1 0 0 1 0 0 1 0 0 1 0 0 1 0 0 1 0 0 1 0 0 1 0 0 1 0 0 1 0 0 1 0 0 1 0 0 1 0 0 1 0 0 1 0 0 1 0 0 1 0 0 1 0 0 1 0 0 1 0 0 1 0 0 1 0 0 1 0 0 1 0 0 1 0 0 1 0 0 1 0 0 1 0 0 1 0 0 1 0 0 1 0 0 1 0 0 1 0 0 1 0 0 1 0 0 1 0 0 1 0 0 1 0 0 1 0 0 1 0 0 1 0 0 1 0 0 1 0 0 1 0 0 1 0 0 1 0 0 1 0 0 1 0 0 1 0 0 1 0 0 1 0 0 1 0 0 1 0 0 1 0 0 1 0 0 1 0 0 1 0 0 1 0 0 1 0 0 1 0 0 1 0 0 1 0 0 1 0 0 1 0 0 1 0 0 1 0 0 1 0 0 1 0 0 1 0 0 1 0 0 1 0 0 1 0 0 1 0 0 1 0 0 1 0 0 1 0 0 1 0 0 1 0 0 1 0 0 1 0 0 1 0 0 1 0 0 1 0 0 1 0 0 1 0 0 1 0 0 1 0 0 1 0 0 1 0 0 1 0 0 1 0 0 1 0 0 1 0 0 1 0 0 1 0 0 1 0 0 1 0 0 1 0 0 1 0 0 1 0 0 1 0 0 1 0 0 1 0 0 1 0 0 1 0 0 1 0 0 1 0 0 1 0 0 1 0 0 1 0 0 1 0 0 1 0 0 1 0 0 1 0 0 1 0 0 1 0 0 1 0 0 1 0 0 1 0 0 1 0 0 1 0 0 1 0 0 1 0 0 1 0 0 1 0 0 1 0 0 1 0 0 1 0 0 1 0 0 1 0 0 1 0 0 1 0 0 1 0 0 1 0 0 1 0 0 1 0 0 1 0 0 1 0 0 1 0 0 1 0 0 1 0 0 1 0 0 1 0 0 1 0 0 1 0 0 1 0 0 1 0 0 1 0 0 1 0 0 1 0 0 1 0 0 1 0 0 1 0 0 1 0 0 1 0 0 1 0 0 1 0 0 1 0 0 1 0 0 1 0 0 1 0 0 1 0 0 1 0 0 1 0 0 1 0 0 1 0 0 1 0 0 1 0 0 1 0 0 1 0 0 1 0 0 1 0 0 1 0 0 1 0 0 1 0 0 1 0 0 1 0 0 1 0 0 1 0 0 1 0 0 1 0 0 1 0 0 1 0 0 1 0 0 1 0 0 1 0 0 1 0 0 1 0 0 1 0 0 1 0 0 1 0 0 1 0 0 1 0 0 1 0 0 1 0 0 1 0 0 1 0 0 1 0 0 1 0 0 1 0 0 1 0 0 1 0 0 1 0 0 1 0 0 1 0 0 1 0 0 1 0 0 1 0 0 1 0 0 1 0 0 1 0 0 1 0 0 1 0 0 1 0 0 1 0 0 1 0 0 1 0 0 1 0 0 1 0 0 1 0 0 1 0 0 1 0 0 1 0 0 1 0 0 1 0 0 1 0 0 1 0 0 1 0 0 1 0 0 1 0 0 1 0 0 1 0 0 1 0 0 1 0 0 1 0 0 1 0 0 1 0 0 1 0 0 1 0 0 1 0 0 1 0 0 1 0 0 1 0 0 1 0 0 1 0 0 1 0 0 1 0 0 1 0 0 1 0 0 1 0 0 1 0 0 1 0 0 1 0 0 1 0 0 1 0 0 1 0 0 1 0 0 1 0 0 1 0 0 1 0 0 1 0 0 1 0 0 1 0 0 1 0 0 1 0 0 1 0 0 1 0 0 1 0 0 1 0 0 1 0 0 1 0 0 1 0 0 1 0 0 1 0 0 1 0 0 1 0 0 1 0 0 1 0 0 1 0 0 1 0 0 1 0 0 1 0 0 1 0 0 1 0 0 1 0 0 1 0 0 1 0 0 1 0 0 1 0 0 1 0 0 1 0 0 1 0 0 1 0 0 1 0 0 1 0 0 1 0 0 1 0 0 1 0 0 1 0 0 1 0 0 1 0 0 1 0 0 1 0 0 1 0 0 1 0 0 1 0 0 1 0 0 1 0 0 1 0 0 1 0 0 1 0 0 1 0 0 1 0 0 1 0 0 1 0 0 1 0 0 1 0 0 1 0 0 1 0 0 1 0 0 1 0 0 1 0 0 1 0 0 1 0 0 1 0 0 1 0 0 1 0 0 1 0 0 1 0 0 1 0 0 1 0 0 1 0 0 1 0 0 1 0 0 1 0 0 1 0 0 1 0 0 1 0 0 1 0 0 1 0 0 1 0 0 1 0 0 1 0 0 1 0 0 1 0 0 1 0 0 1 0 0 1 0 0 1 0 0 1 0 0 1 0 0 1 0 0 1 0 0 1 0 0 1 0 0 1 0 0 1 0 0 1 0 0 1 0 0 1 0 0 1 0 0 1 0 0 1 0 0 1 0 0 1 0 0 1 0 0 1 0 0 1 0 0 1 0 0 1 0 0 1 0 0 1 0 0 1 0 0 1 0 0 1 0 0 1 0 0 1 0 0 1 0 0 1 0 0 1 0 0 1 0 0 1 0 0 1 0 0 1 0 0 1 0 0 1 0 0 1 0 0 1 0 0 1 0 0 1 0 0 1 0 0 1 0 0 1 0 0 1 0 0 1 0 0 1 0 0 1 0 0 1 0 0 1 0 0 1 0 0 1 0 0 1 0 0 1 0 0 1 0 0 1 0 0 1 0 0 1 0 0 1 0 0 1 0 0 1 0 0 1 0 0 1 0 0 1 0 0 1 0 0 1 0 0 1 0 0 1 0 0 1 0 0 1 0 0 1 0 0 1 0 0 1 0 0 1 0 0 1 0 0 1 0 0 1 0 0 1 0 0 1 0 0 1 0 0 1 0 0 1 0 0 1 0 0 1 0 0 1 0 0 1 0 0 1 0 0 1 0 0 1 0 0 1 0 0 1 0 0 1 0 0 1 0 0 1 0 0 1 0 0 1 0 0 1 0 0 1 0 0 1 0 0 1 0 0 1 0 0 1 0 0 1 0 0 1 0 0 1 0 0 1 0 0 1 0 0 1 0 0 1 0 0 1 0 0 1 0 0 1 0 0 1 0 0 1 0 0 1 0 0 1 0 0 1 0 0 1 0 0 1 0 0 1 0 0 1 0 0 1 0 0 1 0 0 1 0 0 1 0 0 1 0 0 1 0 0 1 0 0 1 0 0 1 0 0 1 0 0 1 0 0 1 0 0 1 0 0 1 0 0 1 0 0 1 0 0 1 0 0 1 0 0 1 0 0 1 0 0 1 0 0 1 0 0 1 0 0 1 0 0 1 0 0 1 0 0 1 0 0 1 0 0 1 0 0 1 0 0 1 0 0 1 0 0 1 0 0 1 0 0 1 0 0 1 0 0 1 0 0 1 0 0 1 0 0 1 0 0 1 0 0 1 0 0 1 0 0 1 0 0 1 0 0 1 0 0 1 0 0 1 0 0 1 0 0 1 0 0 1 0 0 1 0 0 1 0 0 1 0 0 1 0 0 1 0 0 1 0 0 1 0 0 1 0 0 1 0 0 1 0 0 1 0 0 1 0 0 1 0 0 1 0 0 1 0 0 1 0 0 1 0 0 1 0 0 1 0 0 1 0 0 1 0 0 1 0 0 1 0 0 1 0 0 1 0 0 1 0 0 1 0 0 1 0 0 1 0 0 1 0 0 1 0 0 1 0 0 1 0 0 1 0 0 1 0 0 1 0 0 1 0 0 1 0 0 1 0 0 1 0 0 1 0 0 1 0 0 1 0 0 1 0 0 1 0 0 1 0 0 1 0 0 1 0 0 1 0 0 1 0 0 1 0 0 1 0 0 1 0 0 1 0 0 1 0 0 1 0 0 1 0 0 1 0 0 1 0 0 1 0 0 1 0 0 1 0 0 1 0 0 1 0 0 1 0 0 1 0 0 1 0 0 1 0 0 1 0 0 1 0 0 1 0 0 1 0 0 1 0 0 1 0 0 1 0 0 1 0 0 1 0 0 1 0 0 1 0 0 1 0 0 1 0 0 1 0 0 1 0 0 1 0 0 1 0 0 1 0 0 1 0 0 1 0 0 1 0 0 1 0 0 1 0 0 1 0 0 1 0 0 1 0 0 1 0 -1 0 0 -1 0 0 -1 0 0 -1 0 0 -1 0 0 -1 0 0 -1 0 0 -1 0 0 -1 0 0 -1 0 0 -1 0 0 -1 0 0 -1 0 0 -1 0 0 -1 0 0 -1 0 0 -1 0 0 -1 0 0 -1 0 0 -1 0 0 -1 0 0 -1 0 0 -1 0 0 -1 0 0 -1 0 0 -1 0 0 -1 0 0 -1 0 0 -1 0 0 -1 0 0 -1 0 0 -1 0 0 -1 0 0 -1 0 -0.02454014 0 -0.9996988 -0.02454014 0 -0.9996988 -0.07356493 0 -0.9972904 -0.07356493 0 -0.9972904 -0.1224122 0 -0.9924793 -0.1224122 0 -0.9924793 -0.1709617 0 -0.9852777 -0.1709617 0 -0.9852777 -0.2191053 0 -0.9757012 -0.2191053 0 -0.9757012 -0.2667082 0 -0.9637774 -0.3136805 -0 -0.9495286 -0.2667082 0 -0.9637774 -0.3598979 -0 -0.9329917 -0.3136805 0 -0.9495286 -0.3598979 0 -0.9329917 -0.4052337 0 -0.9142132 -0.4052337 0 -0.9142132 -0.449612 0 -0.8932239 -0.449612 0 -0.8932239 -0.4929085 0 -0.8700812 -0.4929085 0 -0.8700812 -0.5349861 0 -0.8448609 -0.5758208 -0 -0.8175759 -0.5349861 0 -0.8448609 -0.5758208 0 -0.8175759 -0.6152247 0 -0.7883518 -0.6152247 0 -0.7883518 -0.6531707 0 -0.7572106 -0.6531707 0 -0.7572106 -0.689535 0 -0.7242523 -0.7242507 -0 -0.6895368 -0.689535 0 -0.7242523 -0.7572147 -0 -0.6531659 -0.7242507 0 -0.6895368 -0.7572147 0 -0.6531659 -0.7883459 0 -0.6152322 -0.8175825 -0 -0.5758114 -0.7883459 0 -0.6152322 -0.8175825 0 -0.5758114 -0.8448549 0 -0.5349956 -0.8700852 -0 -0.4929014 -0.8448549 0 -0.5349956 -0.8700852 0 -0.4929014 -0.893231 0 -0.449598 -0.9142015 -0 -0.40526 -0.893231 0 -0.449598 -0.9142015 0 -0.40526 -0.9329993 0 -0.3598784 -0.9329993 0 -0.3598784 -0.9495289 0 -0.3136793 -0.9495289 0 -0.3136793 -0.9637702 0 -0.2667338 -0.9637702 0 -0.2667338 -0.9757072 0 -0.2190786 -0.9757072 0 -0.2190786 -0.9852739 0 -0.1709837 -0.9852739 0 -0.1709837 -0.9924816 0 -0.1223941 -0.9924816 0 -0.1223941 -0.9972889 0 -0.07358541 -0.9972889 0 -0.07358541 -0.9996991 0 -0.02452849 -0.9996991 0 -0.02452849 1 -0 0 1 0 0 1 0 0 1 0 0 1 0 -0 1 0 0 0 1 -0 0 1 -0 0 1 -0 0 1 -0 0 1 -0 0 1 -0 0 1 -0 0 1 -0 0 1 -0 0 1 -0 0 1 -0 0 1 -0 0 1 -0 0 1 -0 0 1 -0 0 1 0 0 1 0 0 1 0 0 1 0 0 1 0 0 1 0 0 1 0 0 1 0 0 1 -0 0 1 -0 0 1 -0 0 1 -0 0 1 -0 0 1 -0 0 1 -0 0 1 -0 0 1 0 0 1 0 0 1 0 0 1 0 0 1 0 0 1 0 0 1 0 0 1 0 0 1 0 0 1 0 0 1 0 0 1 0 0 1 0 0 1 0 0 1 0 0 1 0 0 1 0 0 1 0 0 1 0 0 1 0 0 1 0 0 1 0 0 1 0 0 1 0 0 1 0 0 1 0 0 1 0 0 1 0 0 1 0 0 1 0 0 1 0 0 1 0 0 1 0 0 1 0 0 1 0 0 1 0 0 1 0 0 1 0 0 1 0 0 1 0 0 1 0 0 1 0 0 1 0 0 1 0 0 1 0 0 1 0 0 1 0 0 1 0 0 1 0 0 1 0 0 1 0 0 1 0 0 1 0 0 1 0 0 1 -0 0 1 0 0 1 0 0 1 0 0 1 0 0 1 0 0 1 0 0 1 0 0 1 0 0 1 0 0 1 -0 -0 1 -0 -0 1 -0 0 1 -0 0 1 0 0 1 0 0 1 0 0 1 0 0 1 0 0 1 -0 0 1 0 0 1 0 -0 1 -0 -0 1 -0 -0 1 -0 -0 1 -0 -0 1 -0 -0 1 -0 0 1 0 0 1 0 0 1 0 -0 1 -0 -0 1 -0 -0 1 -0 0 1 0 0 1 0 0 1 0 -0 1 -0 -0 1 -0 0 1 0 0 1 0 0 1 0 -0 1 -0 -0 1 0 0 1 0 0 1 0 0 1 0 0.4472136 0.8944272 0 0.4472136 0.8944272 -0 1 0 0 1 -0 0 -0.02454014 -0 -0.9996988 -0.07356608 -0 -0.9972903 -0.02454014 0 -0.9996988 -0.1224084 -0 -0.9924798 -0.07356608 0 -0.9972903 -0.1709617 -0 -0.9852776 -0.1224084 0 -0.9924798 -0.2191053 -0 -0.9757012 -0.1709617 0 -0.9852776 -0.2667122 -0 -0.9637762 -0.2191053 0 -0.9757012 -0.3136805 -0 -0.9495286 -0.2667122 0 -0.9637762 -0.3598927 -0 -0.9329937 -0.3136805 0 -0.9495286 -0.3598927 0 -0.9329937 -0.4052452 -0 -0.9142081 -0.4052452 0 -0.9142081 -0.449612 -0 -0.893224 -0.4928951 -0 -0.8700888 -0.449612 0 -0.893224 -0.5350001 -0 -0.844852 -0.4928951 0 -0.8700888 -0.5758062 -0 -0.8175862 -0.5350001 0 -0.844852 -0.6152322 -0 -0.788346 -0.5758062 0 -0.8175862 -0.6531708 -0 -0.7572107 -0.6152322 0 -0.788346 -0.6895428 -0 -0.724245 -0.6531708 0 -0.7572107 -0.7242506 -0 -0.6895368 -0.6895428 0 -0.724245 -0.7572071 -0 -0.6531749 -0.7242506 0 -0.6895368 -0.788346 -0 -0.6152322 -0.7572071 0 -0.6531749 -0.8175825 -0 -0.5758114 -0.788346 0 -0.6152322 -0.8448548 -0 -0.5349956 -0.8175825 0 -0.5758114 -0.8700852 -0 -0.4929014 -0.8448548 0 -0.5349956 -0.8932248 -0 -0.4496104 -0.8700852 0 -0.4929014 -0.914213 -0 -0.405234 -0.8932248 0 -0.4496104 -0.9329888 -0 -0.3599054 -0.914213 0 -0.405234 -0.9329888 0 -0.3599054 -0.9495289 0 -0.3136793 -0.9637782 -0 -0.2667049 -0.9495289 0 -0.3136793 -0.9757006 -0 -0.2191082 -0.9637782 0 -0.2667049 -0.9757006 0 -0.2191082 -0.9852791 0 -0.1709535 -0.9924778 -0 -0.1224247 -0.9852791 0 -0.1709535 -0.9972912 -0 -0.07355448 -0.9924778 0 -0.1224247 -0.9972912 0 -0.07355448 -0.9996987 0 -0.02454402 -0.9996987 0 -0.02454402 0.7805151 0.625137 0 0.7805151 0.625137 -0 0.7685168 0.6398295 -0 0.7685168 0.6398295 -0 0.7562401 0.6542943 -0 0.7562401 0.6542943 0 -0.01735245 0.01735245 -0.9996989 -0.0173525 0.0173525 -0.9996988 -0.05201937 0.05201938 -0.9972903 -0.0865554 0.0865554 -0.9924799 -0.05201909 0.05201909 -0.9972903 -0.08655611 0.0865561 -0.9924797 -0.1208899 0.1208899 -0.9852772 -0.1208886 0.1208886 -0.9852776 -0.1549278 0.1549278 -0.9757022 -0.1885969 0.1885969 -0.9637751 -0.1549291 0.1549291 -0.9757017 -0.1885959 0.188596 -0.9637755 -0.2218025 0.2218025 -0.9495301 -0.254486 0.254486 -0.9329919 -0.2218031 0.2218031 -0.9495298 -0.2544854 0.2544854 -0.9329922 -0.2865503 0.2865503 -0.9142088 -0.2865503 0.2865503 -0.9142088 -0.3179248 0.3179249 -0.8932232 -0.3179241 0.3179241 -0.8932237 -0.3485295 0.3485295 -0.8700887 -0.3782999 0.3782999 -0.8448541 -0.3485304 0.3485304 -0.870088 -0.3783008 0.3783007 -0.8448533 -0.4071594 0.4071594 -0.8175833 -0.4071576 0.4071576 -0.8175851 -0.4350299 0.4350298 -0.7883515 -0.4350336 0.4350336 -0.7883473 -0.4618615 0.4618614 -0.7572106 -0.4875822 0.4875821 -0.7242426 -0.4618615 0.4618614 -0.7572106 -0.4875802 0.4875802 -0.7242451 -0.5121168 0.5121168 -0.6895453 -0.5354289 0.5354288 -0.6531706 -0.5121187 0.5121187 -0.6895425 -0.5354269 0.5354269 -0.6531737 -0.557447 0.557447 -0.6152283 -0.557447 0.557447 -0.6152283 -0.5781187 0.5781186 -0.5758105 -0.5974041 0.5974041 -0.5349924 -0.5781186 0.5781186 -0.5758105 -0.597404 0.5974041 -0.5349925 -0.6152455 0.6152455 -0.4928955 -0.6316056 0.6316057 -0.4496093 -0.6152439 0.6152439 -0.4928996 -0.6316056 0.6316057 -0.4496093 -0.6464421 0.6464421 -0.4052473 -0.6464435 0.6464435 -0.4052427 -0.6597245 0.6597246 -0.3598987 -0.6714203 0.6714203 -0.3136711 -0.6597245 0.6597245 -0.3598987 -0.6714191 0.6714192 -0.3136761 -0.6814923 0.6814923 -0.2667144 -0.6899257 0.6899258 -0.2191003 -0.6814923 0.6814923 -0.2667144 -0.6966943 0.6966943 -0.1709799 -0.6899257 0.6899258 -0.2191003 -0.6966956 0.6966956 -0.1709692 -0.70179 0.70179 -0.1223993 -0.7051903 0.7051903 -0.07357571 -0.7017896 0.7017895 -0.1224047 -0.706894 0.7068939 -0.02453256 -0.7051906 0.7051905 -0.07357024 -0.7068939 0.7068939 -0.02453806 0.5993454 -0.8004906 0 0.5993454 -0.8004906 0 0.6510128 -0.7590668 0 0.6510128 -0.7590668 0 0.6998208 -0.7143184 0 0.6998208 -0.7143184 0 0.7455566 -0.6664423 0 0.7455566 -0.6664423 0 0.7880331 -0.6156328 0 0.7880331 -0.6156328 0 0.8270479 -0.5621314 0 0.8270479 -0.5621314 0 0.8624408 -0.5061581 0 0.8624408 -0.5061581 0 0.8940505 -0.4479662 0 0.8940505 -0.4479662 0 0.921738 -0.3878132 0 0.921738 -0.3878132 0 0.9453762 -0.3259812 0 0.9453762 -0.3259812 0 0.9648857 -0.2626706 0 0.9648857 -0.2626706 0 0.9801522 -0.1982464 0 0.9801522 -0.1982464 0 0.9911219 -0.1329561 0 0.9911219 -0.1329561 0 0.9977492 -0.06705557 0 0.9977492 -0.06705557 0 0.9999996 -0.0008833071 0 0.9999996 -0.0008833071 0 0.9978651 0.06530818 0 0.9978651 0.06530818 0 0.9913548 0.131209 0 0.9913548 0.131209 0 0.9804964 0.1965371 0 0.9804964 0.1965371 0 0.9653441 0.2609801 0 0.9653441 0.2609801 0 0.9459508 0.3243101 0 0.9224171 0.3861951 -0 0.9459508 0.3243101 0 0.9224171 0.3861951 0 0.8948339 0.4463992 0 0.8633196 0.5046576 -0 0.8948339 0.4463992 0 0.8633196 0.5046576 0 0.8280346 0.5606771 0 0.8280346 0.5606771 0 0.7891175 0.6142423 0 0.7891175 0.6142423 0 0.7467245 0.6651335 -0 0.7467245 0.6651335 0 0.7010806 0.7130821 0 0.7010806 0.7130821 0 0.6523256 0.7579389 0 0.6523256 0.7579389 0 0.6007494 0.7994374 0 0.6007494 0.7994374 0 0.5465378 0.8374344 0 0.5465378 0.8374344 0 0.4898975 0.8717802 0 0.4898975 0.8717802 0 0.4311273 0.9022911 0 0.4311273 0.9022911 0 0.3704734 0.9288431 0 0.3704734 0.9288431 0 0.3081802 0.951328 0 0.3081802 0.951328 0 0.2445412 0.9696389 0 0.2445412 0.9696389 0 0.17983 0.9836978 0 0.17983 0.9836978 0 0.1143318 0.9934426 0 0.1143318 0.9934426 0 0.04835156 0.9988303 0 0.04835156 0.9988303 0 -0.0178776 0.9998401 0 -0.0178776 0.9998401 0 -0.08401006 0.9964648 0 -0.08401006 0.9964648 0 -0.149761 0.9887223 0 -0.149761 0.9887223 0 -0.2148724 0.9766421 0 -0.2148724 0.9766421 0 -0.2790501 0.9602765 0 -0.2790501 0.9602765 0 -0.3419928 0.9397026 0 -0.3419928 0.9397026 0 -0.4034303 0.9150104 0 -0.4034303 0.9150104 0 -0.4631034 0.8863043 0 -0.4631034 0.8863043 0 -0.5207453 0.853712 0 -0.5207453 0.853712 0 -0.5760988 0.8173801 0 -0.5760988 0.8173801 0 0 0.999833 -0.0182777 9.195125e-05 0.9985005 -0.0547416 -0.0001412666 0.9996988 -0.02454402 0.0001359248 0.995525 -0.09449839 -0.0001813262 0.9972911 -0.07355448 0.0001105106 0.9905025 -0.1374949 -0.0001650242 0.9924778 -0.1224247 6.817797e-05 0.9836189 -0.1802608 -0.0001305045 0.9852791 -0.1709535 -9.689845e-06 0.964334 -0.2646886 8.968838e-06 0.9748895 -0.2226889 -7.829219e-05 0.9757006 -0.2191082 -5.893464e-05 0.9637783 -0.2667049 5.147883e-05 0.9520034 -0.3060876 -0.0001081939 0.949529 -0.3136793 9.158811e-05 0.937886 -0.3469434 -0.0001384924 0.9329888 -0.3599054 0.0001122943 0.922003 -0.3871826 -0.0001502722 0.914213 -0.405234 0.0001160585 0.9043866 -0.4267141 -0.000144689 0.8932248 -0.4496104 0.0001030174 0.8850824 -0.4654342 -0.0001235114 0.8700852 -0.4929014 7.455722e-05 0.8640948 -0.503329 3.137385e-05 0.8415031 -0.5402523 -8.668168e-05 0.8448548 -0.5349956 2.298026e-05 0.7916452 -0.610981 -2.577549e-05 0.8173138 -0.5761929 -3.572717e-05 0.8175825 -0.5758114 -7.62272e-05 0.7883459 -0.6152322 6.521263e-05 0.7644992 -0.6446248 9.096233e-05 0.7359045 -0.6770855 -0.0001098265 0.7572071 -0.6531749 0.000101457 0.705931 -0.7082806 -0.0001274572 0.7242507 -0.6895368 9.70683e-05 0.674628 -0.7381579 -0.0001300767 0.6895428 -0.724245 0.0001015515 0.6407353 -0.7677619 -0.0001183528 0.6531708 -0.7572107 3.242793e-05 0.6074196 -0.7943812 -0.0001088136 0.6152322 -0.7883459 1.504925e-05 0.573268 -0.8193679 -4.265561e-05 0.5758061 -0.8175862 2.030584e-05 0.498643 -0.8668074 -2.48972e-05 0.5353701 -0.8446175 -1.630548e-05 0.5350001 -0.844852 6.296129e-05 0.4631927 -0.8862576 -8.304101e-05 0.4928951 -0.8700888 8.237889e-05 0.4272058 -0.9041544 -0.000116959 0.449612 -0.893224 6.219858e-05 0.3907392 -0.9205014 -0.0001175622 0.4052452 -0.9142081 -6.221439e-06 0.3177553 -0.9481727 6.047655e-06 0.3543925 -0.9350967 -8.320459e-05 0.3598926 -0.9329937 4.702911e-05 0.282598 -0.9592384 -7.333767e-05 0.3136805 -0.9495286 6.905912e-05 0.2471954 -0.9689656 -0.0001179929 0.2667122 -0.9637762 -3.545743e-05 0.1720544 -0.9850874 2.846775e-05 0.2097255 -0.9777603 -9.963005e-05 0.2191053 -0.9757012 4.012822e-05 0.134274 -0.9909442 -5.380168e-05 0.1709617 -0.9852777 6.98845e-05 0.09636304 -0.9953462 -0.0001068723 0.1224084 -0.9924798 5.386409e-05 0.05832646 -0.9982976 -0.000113789 0.07356607 -0.9972903 0 0.01963321 -0.9998073 -7.45567e-05 0.02454014 -0.9996988 0.8440229 0.5363072 -0 0.8440229 0.5363072 -0 0.8386711 0.5446382 -0 0.8386711 0.5446382 0 0.8332363 0.5529169 -0 0.8332363 0.5529169 0 0.5123819 -0.8587577 0 0.5123819 -0.8587577 0 0.5681031 -0.8229574 0 0.5681031 -0.8229574 0 0.6213171 -0.7835593 0 0.6213171 -0.7835593 0 0.6718179 -0.7407164 0 0.6718179 -0.7407164 0 0.7193648 -0.6946326 0 0.7193648 -0.6946326 0 0.7637642 -0.6454954 0 0.7637642 -0.6454954 0 0.8048038 -0.5935409 0 0.8048038 -0.5935409 0 0.8423203 -0.5389774 0 0.8423203 -0.5389774 0 0.8761498 -0.4820389 0 0.8761498 -0.4820389 0 0.9061321 -0.4229948 0 0.9061321 -0.4229948 0 0.9321398 -0.3620988 0 0.9321398 -0.3620988 0 0.9540612 -0.2996119 0 0.9540612 -0.2996119 0 0.9717956 -0.2358248 0 0.9717956 -0.2358248 0 0.9852743 -0.1709813 0 0.9852743 -0.1709813 0 0.9944297 -0.1054014 0 0.9944297 -0.1054014 0 0.999225 -0.03936451 0 0.999225 -0.03936451 0 0.9996391 0.02686417 -0 0.9996391 0.02686417 0 0.9956699 0.0929594 0 0.9956699 0.0929594 0 0.9873317 0.1586697 0 0.9873317 0.1586697 0 0.9746698 0.2236491 0 0.9746698 0.2236491 0 0.9577337 0.2876562 0 0.9577337 0.2876562 0 0.9365917 0.3504226 0 0.9365917 0.3504226 0 0.9113457 0.4116418 0 0.9113457 0.4116418 0 0.8821035 0.4710556 0 0.8821035 0.4710556 0 0.848999 0.5283945 0 0.848999 0.5283945 0 0.8121657 0.5834267 0 0.8121657 0.5834267 0 0.771765 0.6359078 0 0.771765 0.6359078 0 0.7279976 0.6855797 -0 0.7279976 0.6855797 0 0.6810165 0.732268 0 0.6810165 0.732268 0 0.6310624 0.7757321 0 0.6310624 0.7757321 0 0.5783482 0.8157901 0 0.5783482 0.8157901 0 0.5230825 0.852282 0 0.5230825 0.852282 0 0.4655304 0.8850319 0 0.4655304 0.8850319 0 0.4059389 0.9139003 -0 0.4059389 0.9139003 0 0.3445491 0.9387683 0 0.3445491 0.9387683 0 0.2816808 0.9595082 -0 0.2816808 0.9595082 0 0.2175424 0.9760509 -0 0.2175424 0.9760509 0 0.1524886 0.9883052 0 0.1524886 0.9883052 0 0.08673651 0.9962313 -0 0.08673651 0.9962313 0 0.02062328 0.9997873 0 0.02062328 0.9997873 0 -0.04560626 0.9989595 0 -0.04560626 0.9989595 0 -0.1116222 0.9937508 0 -0.1116222 0.9937508 0 -0.1771244 0.9841886 0 -0.1771244 0.9841886 0 -0.241894 0.9703027 0 -0.241894 0.9703027 0 -0.3055678 0.9521703 0 -0.3055678 0.9521703 0 -0.367935 0.9298515 0 -0.367935 0.9298515 0 -0.4286534 0.9034691 0 -0.4286534 0.9034691 0 -0.4874972 0.8731245 0 -0.4874972 0.8731245 0 0.8954598 0.4451423 -0 0.8954598 0.4451423 -0 0.8910065 0.4539905 -0 0.8910065 0.4539905 0 0.8864675 0.4627909 -0 0.8864675 0.4627909 0 -0.5760988 -0.8173801 0 -0.5760988 -0.8173801 0 -0.5207453 -0.853712 0 -0.5207453 -0.853712 0 -0.4631034 -0.8863043 -0 -0.4631034 -0.8863043 0 -0.4034303 -0.9150104 -0 -0.4034303 -0.9150104 0 -0.3419928 -0.9397026 -0 -0.3419928 -0.9397026 0 -0.2790501 -0.9602765 -0 -0.2790501 -0.9602765 0 -0.2148724 -0.9766421 -0 -0.2148724 -0.9766421 0 -0.149761 -0.9887223 0 -0.149761 -0.9887223 0 -0.08401006 -0.9964648 0 -0.08401006 -0.9964648 0 -0.0178776 -0.9998401 -0 -0.0178776 -0.9998401 0 0.04835156 -0.9988303 0 0.04835156 -0.9988303 0 0.1143318 -0.9934426 0 0.1143318 -0.9934426 0 0.17983 -0.9836978 0 0.17983 -0.9836978 0 0.2445412 -0.9696389 0 0.2445412 -0.9696389 0 0.3081802 -0.951328 0 0.3081802 -0.951328 0 0.3704734 -0.9288431 0 0.3704734 -0.9288431 0 0.4311273 -0.9022911 0 0.4311273 -0.9022911 0 0.4898975 -0.8717802 0 0.5465378 -0.8374344 0 0.4898975 -0.8717802 0 0.5465378 -0.8374344 0 0.6007494 -0.7994374 0 0.6007494 -0.7994374 0 0.6523256 -0.7579389 0 0.7010806 -0.7130821 0 0.6523256 -0.7579389 0 0.7010806 -0.7130821 0 0.7467245 -0.6651335 0 0.7891175 -0.6142423 0 0.7467245 -0.6651335 0 0.8280346 -0.5606771 0 0.7891175 -0.6142423 0 0.8280346 -0.5606771 0 0.8633196 -0.5046576 0 0.8633196 -0.5046576 0 0.8948339 -0.4463992 0 0.8948339 -0.4463992 0 0.9224171 -0.3861951 0 0.9224171 -0.3861951 0 0.9459508 -0.3243101 0 0.9459508 -0.3243101 0 0.9653441 -0.2609801 0 0.9653441 -0.2609801 0 0.9804964 -0.1965371 0 0.9804964 -0.1965371 0 0.9913548 -0.131209 0 0.9913548 -0.131209 0 0.9978651 -0.06530818 0 0.9978651 -0.06530818 0 0.9999996 0.0008833071 -0 0.9999996 0.0008833071 0 0.9977492 0.06705557 0 0.9977492 0.06705557 0 0.9911219 0.1329561 -0 0.9911219 0.1329561 0 0.9801522 0.1982464 0 0.9801522 0.1982464 0 0.9648857 0.2626706 0 0.9648857 0.2626706 0 0.9453762 0.3259812 0 0.9453762 0.3259812 0 0.921738 0.3878132 0 0.921738 0.3878132 0 0.8940505 0.4479662 -0 0.8940505 0.4479662 0 0.8624408 0.5061581 0 0.8624408 0.5061581 0 0.8270479 0.5621314 0 0.8270479 0.5621314 0 0.7880331 0.6156328 0 0.7880331 0.6156328 0 0.7455566 0.6664423 0 0.7455566 0.6664423 0 0.6998208 0.7143184 0 0.6998208 0.7143184 0 0.6510128 0.7590668 0 0.6510128 0.7590668 0 0.5993454 0.8004906 0 0.5993454 0.8004906 0 0.4198166 -0.9076089 0 0.4198166 -0.9076089 0 0.4789638 -0.8778347 0 0.4789638 -0.8778347 0 0.5360147 -0.8442086 0 0.5360147 -0.8442086 0 0.5907121 -0.8068824 0 0.5907121 -0.8068824 0 0.6428117 -0.7660242 0 0.6428117 -0.7660242 0 0.6921026 -0.7217991 0 0.6921026 -0.7217991 0 0.7383601 -0.6744066 0 0.7383601 -0.6744066 0 0.7813631 -0.6240767 0 0.7813631 -0.6240767 0 0.8209702 -0.5709711 0 0.8209702 -0.5709711 0 0.8569461 -0.5154062 0 0.8569461 -0.5154062 0 0.8891805 -0.4575567 0 0.8891805 -0.4575567 0 0.9175158 -0.3976993 0 0.9175158 -0.3976993 0 0.9418257 -0.3361016 0 0.9418257 -0.3361016 0 0.9620029 -0.2730392 0 0.9620029 -0.2730392 0 0.9779648 -0.2087697 0 0.9779648 -0.2087697 0 0.9896392 -0.1435771 0 0.9896392 -0.1435771 0 0.9969699 -0.07778896 0 0.9969699 -0.07778896 0 0.9999325 -0.0116173 0 0.9985098 0.05457345 -0 0.9999325 -0.0116173 0 0.992707 0.1205527 -0 0.9985098 0.05457345 0 0.992707 0.1205527 0 0.9825542 0.1859763 0 0.968088 0.2506103 -0 0.9825542 0.1859763 0 0.9493857 0.3141128 -0 0.968088 0.2506103 0 0.9265105 0.3762689 -0 0.9493857 0.3141128 0 0.9265105 0.3762689 0 0.899578 0.4367602 0 0.899578 0.4367602 0 0.8686965 0.4953446 -0 0.8686965 0.4953446 0 0.8340096 0.5517498 0 0.8340096 0.5517498 0 0.7956657 0.605736 0 0.7956657 0.605736 0 0.7538397 0.6570582 -0 0.7538397 0.6570582 0 0.7086987 0.7055112 -0 0.7086987 0.7055112 0 0.6604478 0.750872 0 0.6604478 0.750872 0 0.609293 0.7929451 0 0.609293 0.7929451 0 0.555502 0.8315152 0 0.555502 0.8315152 0 0.4992253 0.8664722 0 0.4992253 0.8664722 0 0.4408116 0.8975996 0 0.4408116 0.8975996 0 0.3804214 0.9248132 -0 0.3804214 0.9248132 0 0.318393 0.9479588 0 0.318393 0.9479588 0 0.2549498 0.9669542 -0 0.2549498 0.9669542 0 0.1903927 0.981708 0 0.1903927 0.981708 0 0.1250084 0.9921557 0 0.1250084 0.9921557 0 0.05906647 0.9982541 0 0.05906647 0.9982541 0 -0.007124159 0.9999745 0 -0.007124159 0.9999745 0 -0.07329521 0.9973103 0 -0.07329521 0.9973103 0 -0.1391413 0.9902726 0 -0.1391413 0.9902726 0 -0.2043698 0.9788938 0 -0.2043698 0.9788938 0 -0.2687024 0.9632232 0 -0.2687024 0.9632232 0 -0.3318708 0.9433249 0 -0.3318708 0.9433249 0 -0.3935716 0.919294 0 -0.3935716 0.919294 0 0.8332363 -0.5529169 0 0.8332363 -0.5529169 0 0.8386711 -0.5446382 0 0.8386711 -0.5446382 0 0.8440229 -0.5363072 0 0.8440229 -0.5363072 0 0.937083 0.3491068 -0 0.937083 0.3491068 -0 0.933582 0.3583638 -0 0.933582 0.3583638 0 0.9299832 0.3676019 -0 0.9299832 0.3676019 0 -0.4874972 -0.8731245 -0 -0.4874972 -0.8731245 0 -0.4286534 -0.9034691 -0 -0.4286534 -0.9034691 0 -0.367935 -0.9298515 0 -0.367935 -0.9298515 0 -0.3055678 -0.9521703 -0 -0.3055678 -0.9521703 0 -0.241894 -0.9703027 -0 -0.241894 -0.9703027 0 -0.1771244 -0.9841886 -0 -0.1771244 -0.9841886 0 -0.1116222 -0.9937508 0 -0.1116222 -0.9937508 0 -0.04560626 -0.9989595 -0 -0.04560626 -0.9989595 0 0.02062328 -0.9997873 0 0.02062328 -0.9997873 0 0.08673651 -0.9962313 0 0.08673651 -0.9962313 0 0.1524886 -0.9883052 0 0.1524886 -0.9883052 0 0.2175424 -0.9760509 0 0.2175424 -0.9760509 0 0.2816808 -0.9595082 0 0.2816808 -0.9595082 0 0.3445491 -0.9387683 0 0.3445491 -0.9387683 0 0.4059389 -0.9139003 0 0.4059389 -0.9139003 0 0.4655304 -0.8850319 0 0.4655304 -0.8850319 0 0.5230825 -0.852282 0 0.5230825 -0.852282 0 0.5783482 -0.8157901 0 0.5783482 -0.8157901 0 0.6310624 -0.7757321 0 0.6310624 -0.7757321 0 0.6810165 -0.732268 0 0.6810165 -0.732268 0 0.7279976 -0.6855797 0 0.7279976 -0.6855797 0 0.771765 -0.6359078 0 0.8121657 -0.5834267 0 0.771765 -0.6359078 0 0.8121657 -0.5834267 0 0.848999 -0.5283945 0 0.848999 -0.5283945 0 0.8821035 -0.4710556 0 0.8821035 -0.4710556 0 0.9113457 -0.4116418 0 0.9113457 -0.4116418 0 0.9365917 -0.3504226 0 0.9365917 -0.3504226 0 0.9577337 -0.2876562 0 0.9577337 -0.2876562 0 0.9746698 -0.2236491 0 0.9746698 -0.2236491 0 0.9873317 -0.1586697 0 0.9873317 -0.1586697 0 0.9956699 -0.0929594 0 0.9956699 -0.0929594 0 0.9996391 -0.02686417 0 0.9996391 -0.02686417 0 0.999225 0.03936451 -0 0.999225 0.03936451 0 0.9944297 0.1054014 0 0.9944297 0.1054014 0 0.9852743 0.1709813 -0 0.9852743 0.1709813 0 0.9717956 0.2358248 0 0.9717956 0.2358248 0 0.9540612 0.2996119 -0 0.9540612 0.2996119 0 0.9321398 0.3620988 0 0.9321398 0.3620988 0 0.9061321 0.4229948 -0 0.9061321 0.4229948 0 0.8761498 0.4820389 0 0.8761498 0.4820389 0 0.8423203 0.5389774 0 0.8423203 0.5389774 0 0.8048038 0.5935409 -0 0.8048038 0.5935409 0 0.7637642 0.6454954 0 0.7637642 0.6454954 0 0.7193648 0.6946326 -0 0.7193648 0.6946326 0 0.6718179 0.7407164 0 0.6718179 0.7407164 0 0.6213171 0.7835593 -0 0.6213171 0.7835593 0 0.5681031 0.8229574 0 0.5681031 0.8229574 0 0.5123819 0.8587577 0 0.5123819 0.8587577 0 0.3226466 -0.9465196 0 0.3226466 -0.9465196 0 0.3845895 -0.9230877 0 0.3845895 -0.9230877 0 0.4448232 -0.8956183 0 0.4448232 -0.8956183 0 0.5031342 -0.8642083 0 0.5031342 -0.8642083 0 0.5592186 -0.8290203 0 0.5592186 -0.8290203 0 0.6128685 -0.7901849 0 0.6128685 -0.7901849 0 0.6638172 -0.7478949 0 0.6638172 -0.7478949 0 0.7118577 -0.7023237 0 0.7118577 -0.7023237 0 0.7567788 -0.6536711 0 0.7567788 -0.6536711 0 0.7983818 -0.6021516 0 0.7983818 -0.6021516 0 0.8364813 -0.5479954 0 0.8364813 -0.5479954 0 0.8709176 -0.4914292 0 0.8709176 -0.4914292 0 0.9015344 -0.4327074 0 0.9015344 -0.4327074 0 0.9281917 -0.3721024 0 0.9281917 -0.3721024 0 0.9507848 -0.3098521 0 0.9507848 -0.3098521 0 0.9692109 -0.246232 0 0.9692109 -0.246232 0 0.9833764 -0.1815783 0 0.9833764 -0.1815783 0 0.9932401 -0.116078 0 0.9932401 -0.116078 0 0.9987452 -0.05008032 0 0.9987452 -0.05008032 0 0.9998702 0.01611068 0 0.9966106 0.08226358 -0 0.9998702 0.01611068 0 0.9966106 0.08226358 0 0.9889826 0.1480315 0 0.9889826 0.1480315 0 0.9770162 0.2131654 0 0.9770162 0.2131654 0 0.960766 0.2773603 0 0.960766 0.2773603 0 0.9403076 0.3403258 0 0.9403076 0.3403258 0 0.9157146 0.4018295 0 0.9157146 0.4018295 0 0.8871163 0.4615459 0 0.8871163 0.4615459 0 0.8546214 0.5192517 0 0.8546214 0.5192517 0 0.8183948 0.5746564 0 0.8183948 0.5746564 0 0.7785555 0.6275758 0 0.7785555 0.6275758 0 0.7353141 0.6777264 0 0.7353141 0.6777264 0 0.6888509 0.724903 0 0.6888509 0.724903 0 0.6393643 0.768904 0 0.6393643 0.768904 0 0.587083 0.8095267 0 0.587083 0.8095267 0 0.5322048 0.8466157 0 0.5322048 0.8466157 0 0.4750139 0.8799783 0 0.4750139 0.8799783 0 0.4157335 0.9094865 0 0.4157335 0.9094865 0 0.3546227 0.9350094 0 0.3546227 0.9350094 0 0.2919707 0.9564273 -0 0.2919707 0.9564273 0 0.228032 0.9736536 0 0.228032 0.9736536 0 0.1630941 0.9866105 -0 0.1630941 0.9866105 0 0.09743307 0.9952421 0 0.09743307 0.9952421 0 0.03135765 0.9995083 0 0.03135765 0.9995083 0 -0.03486207 0.9993921 0 -0.03486207 0.9993921 0 -0.1009276 0.9948938 0 -0.1009276 0.9948938 0 -0.1665503 0.986033 0 -0.1665503 0.986033 0 -0.2314501 0.9728468 0 -0.2314501 0.9728468 0 -0.2953236 0.9553972 0 -0.2953236 0.9553972 0 0.8864675 -0.4627909 0 0.8864675 -0.4627909 0 0.8910065 -0.4539905 0 0.8910065 -0.4539905 0 0.8954598 -0.4451423 0 0.8954598 -0.4451423 0 0.968442 0.2492389 0 0.968442 0.2492389 -0 0.9659259 0.2588187 -0 0.9659259 0.2588187 0 0.9633145 0.2683747 -0 0.9633145 0.2683747 0 -0.3935716 -0.919294 -0 -0.3935716 -0.919294 0 -0.3318708 -0.9433249 -0 -0.3318708 -0.9433249 0 -0.2687024 -0.9632232 -0 -0.2687024 -0.9632232 0 -0.2043698 -0.9788938 -0 -0.2043698 -0.9788938 0 -0.1391413 -0.9902726 0 -0.1391413 -0.9902726 0 -0.07329521 -0.9973103 0 -0.07329521 -0.9973103 0 -0.007124159 -0.9999745 -0 -0.007124159 -0.9999745 0 0.05906647 -0.9982541 0 0.05906647 -0.9982541 0 0.1250084 -0.9921557 0 0.1250084 -0.9921557 0 0.1903927 -0.981708 0 0.1903927 -0.981708 0 0.2549498 -0.9669542 0 0.2549498 -0.9669542 0 0.318393 -0.9479588 0 0.318393 -0.9479588 0 0.3804214 -0.9248132 0 0.3804214 -0.9248132 0 0.4408116 -0.8975996 0 0.4408116 -0.8975996 0 0.4992253 -0.8664722 0 0.4992253 -0.8664722 0 0.555502 -0.8315152 0 0.555502 -0.8315152 0 0.609293 -0.7929451 0 0.609293 -0.7929451 0 0.6604478 -0.750872 0 0.6604478 -0.750872 0 0.7086987 -0.7055112 0 0.7086987 -0.7055112 0 0.7538397 -0.6570582 0 0.7956657 -0.605736 0 0.7538397 -0.6570582 0 0.7956657 -0.605736 0 0.8340096 -0.5517498 0 0.8686965 -0.4953446 0 0.8340096 -0.5517498 0 0.8686965 -0.4953446 0 0.899578 -0.4367602 0 0.899578 -0.4367602 0 0.9265105 -0.3762689 0 0.9265105 -0.3762689 0 0.9493857 -0.3141128 0 0.9493857 -0.3141128 0 0.968088 -0.2506103 0 0.968088 -0.2506103 0 0.9825542 -0.1859763 0 0.9825542 -0.1859763 0 0.992707 -0.1205527 0 0.992707 -0.1205527 0 0.9985098 -0.05457345 0 0.9985098 -0.05457345 0 0.9999325 0.0116173 0 0.9999325 0.0116173 0 0.9969699 0.07778896 -0 0.9969699 0.07778896 0 0.9896392 0.1435771 0 0.9896392 0.1435771 0 0.9779648 0.2087697 -0 0.9779648 0.2087697 0 0.9620029 0.2730392 -0 0.9620029 0.2730392 0 0.9418257 0.3361016 0 0.9418257 0.3361016 0 0.9175158 0.3976993 -0 0.9175158 0.3976993 0 0.8891805 0.4575567 0 0.8891805 0.4575567 0 0.8569461 0.5154062 0 0.8569461 0.5154062 0 0.8209702 0.5709711 0 0.8209702 0.5709711 0 0.7813631 0.6240767 0 0.7813631 0.6240767 0 0.7383601 0.6744066 0 0.7383601 0.6744066 0 0.6921026 0.7217991 -0 0.6921026 0.7217991 0 0.6428117 0.7660242 -0 0.6428117 0.7660242 0 0.5907121 0.8068824 -0 0.5907121 0.8068824 0 0.5360147 0.8442086 0 0.5360147 0.8442086 0 0.4789638 0.8778347 -0 0.4789638 0.8778347 0 0.4198166 0.9076089 -0 0.4198166 0.9076089 0 0.2219415 -0.97506 0 0.2219415 -0.97506 0 0.2859849 -0.9582341 0 0.2859849 -0.9582341 0 0.3487718 -0.9372077 0 0.3487718 -0.9372077 0 0.4100469 -0.9120645 0 0.4100469 -0.9120645 0 0.4695015 -0.8829316 0 0.4695015 -0.8829316 0 0.526911 -0.8499205 0 0.526911 -0.8499205 0 0.5819972 -0.8131908 0 0.5819972 -0.8131908 0 0.634551 -0.772881 0 0.634551 -0.772881 0 0.6843077 -0.7291934 0 0.6843077 -0.7291934 0 0.7310687 -0.6823038 0 0.7310687 -0.6823038 0 0.774618 -0.6324294 0 0.774618 -0.6324294 0 0.8147753 -0.5797768 0 0.8147753 -0.5797768 0 0.8513654 -0.524573 0 0.8513654 -0.524573 0 0.8842149 -0.4670802 0 0.8842149 -0.4670802 0 0.9131905 -0.407533 0 0.9131905 -0.407533 0 0.9381541 -0.3462181 0 0.9381541 -0.3462181 0 0.959016 -0.2833521 0 0.959016 -0.2833521 0 0.9756635 -0.2192731 0 0.9880375 -0.154214 0 0.9756635 -0.2192731 0 0.9880375 -0.154214 0 0.9960776 -0.08848476 0 0.9960776 -0.08848476 0 0.9997497 -0.02237071 0 0.9997497 -0.02237071 0 0.9990377 0.04385846 0 0.9990377 0.04385846 0 0.9939453 0.1098762 0 0.9939453 0.1098762 0 0.9844982 0.1753949 0 0.9844982 0.1753949 0 0.970727 0.2401854 0 0.970727 0.2401854 0 0.9526995 0.3039137 0 0.9526995 0.3039137 0 0.9305021 0.3662865 0 0.9305021 0.3662865 0 0.9042207 0.4270654 0 0.9042207 0.4270654 0 0.8739743 0.4859723 -0 0.8739743 0.4859723 0 0.8398886 0.5427587 0 0.8398886 0.5427587 0 0.8021275 0.5971527 -0 0.8021275 0.5971527 0 0.7608497 0.6489281 0 0.7608497 0.6489281 0 0.7162402 0.6978539 -0 0.7162402 0.6978539 0 0.6684776 0.7437322 0 0.6684776 0.7437322 0 0.6177919 0.7863417 -0 0.6177919 0.7863417 0 0.5643934 0.825506 0 0.5643934 0.825506 0 0.5085164 0.8610523 0 0.5085164 0.8610523 0 0.4504214 0.8928161 -0 0.4504214 0.8928161 0 0.3903496 0.9206667 0 0.3903496 0.9206667 0 0.3285519 0.9444859 -0 0.3285519 0.9444859 0 0.2653305 0.9641575 0 0.2653305 0.9641575 0 0.2009328 0.9796051 0 0.2009328 0.9796051 0 0.1356659 0.9907546 -0 0.1356659 0.9907546 0 0.06979091 0.9975616 -0 0.06979091 0.9975616 0 0.003619686 0.9999934 0 0.003619686 0.9999934 0 -0.06258032 0.9980399 0 -0.06258032 0.9980399 0 -0.1284837 0.9917117 0 -0.1284837 0.9917117 0 -0.193839 0.9810333 0 -0.193839 0.9810333 0 0.9299832 -0.3676019 0 0.9299832 -0.3676019 0 0.933582 -0.3583638 0 0.933582 -0.3583638 0 0.937083 -0.3491068 0 0.937083 -0.3491068 0 0.989189 0.146646 0 0.989189 0.146646 -0 0.9876885 0.1564332 -0 0.9876885 0.1564332 0 0.9860903 0.1662104 -0 0.9860903 0.1662104 0 -0.2953236 -0.9553972 0 -0.2953236 -0.9553972 0 -0.2314501 -0.9728468 -0 -0.2314501 -0.9728468 0 -0.1665503 -0.986033 -0 -0.1665503 -0.986033 0 -0.1009276 -0.9948938 -0 -0.1009276 -0.9948938 0 -0.03486207 -0.9993921 0 -0.03486207 -0.9993921 0 0.03135765 -0.9995083 0 0.03135765 -0.9995083 0 0.09743307 -0.9952421 0 0.09743307 -0.9952421 0 0.1630941 -0.9866105 0 0.1630941 -0.9866105 0 0.228032 -0.9736536 0 0.228032 -0.9736536 0 0.2919707 -0.9564273 0 0.2919707 -0.9564273 0 0.3546227 -0.9350094 0 0.3546227 -0.9350094 0 0.4157335 -0.9094865 0 0.4157335 -0.9094865 0 0.4750139 -0.8799783 0 0.4750139 -0.8799783 0 0.5322048 -0.8466157 0 0.5322048 -0.8466157 0 0.587083 -0.8095267 0 0.587083 -0.8095267 0 0.6393643 -0.768904 0 0.6393643 -0.768904 0 0.6888509 -0.724903 0 0.6888509 -0.724903 0 0.7353141 -0.6777264 0 0.7353141 -0.6777264 0 0.7785555 -0.6275758 0 0.7785555 -0.6275758 0 0.8183948 -0.5746564 0 0.8183948 -0.5746564 0 0.8546214 -0.5192517 0 0.8546214 -0.5192517 0 0.8871163 -0.4615459 0 0.8871163 -0.4615459 0 0.9157146 -0.4018295 0 0.9157146 -0.4018295 0 0.9403076 -0.3403258 0 0.960766 -0.2773603 0 0.9403076 -0.3403258 0 0.960766 -0.2773603 0 0.9770162 -0.2131654 0 0.9770162 -0.2131654 0 0.9889826 -0.1480315 0 0.9889826 -0.1480315 0 0.9966106 -0.08226358 0 0.9966106 -0.08226358 0 0.9998702 -0.01611068 0 0.9998702 -0.01611068 0 0.9987452 0.05008032 -0 0.9987452 0.05008032 0 0.9932401 0.116078 0 0.9932401 0.116078 0 0.9833764 0.1815783 0 0.9833764 0.1815783 0 0.9692109 0.246232 0 0.9692109 0.246232 0 0.9507848 0.3098521 0 0.9507848 0.3098521 0 0.9281917 0.3721024 0 0.9281917 0.3721024 0 0.9015344 0.4327074 0 0.9015344 0.4327074 0 0.8709176 0.4914292 0 0.8709176 0.4914292 0 0.8364813 0.5479954 0 0.8364813 0.5479954 0 0.7983818 0.6021516 -0 0.7983818 0.6021516 0 0.7567788 0.6536711 0 0.7567788 0.6536711 0 0.7118577 0.7023237 -0 0.7118577 0.7023237 0 0.6638172 0.7478949 0 0.6638172 0.7478949 0 0.6128685 0.7901849 0 0.6128685 0.7901849 0 0.5592186 0.8290203 0 0.5592186 0.8290203 0 0.5031342 0.8642083 0 0.5031342 0.8642083 0 0.4448232 0.8956183 0 0.4448232 0.8956183 0 0.3845895 0.9230877 0 0.3845895 0.9230877 0 0.3226466 0.9465196 0 0.3226466 0.9465196 0 0.1188029 -0.9929178 0 0.1188029 -0.9929178 0 0.1842572 -0.982878 0 0.1842572 -0.982878 0 0.2489011 -0.9685289 0 0.2489011 -0.9685289 0 0.3124592 -0.9499312 0 0.3124592 -0.9499312 0 0.3746396 -0.9271705 0 0.3746396 -0.9271705 0 0.4351815 -0.9003428 0 0.4351815 -0.9003428 0 0.4938082 -0.8695709 0 0.4938082 -0.8695709 0 0.5502833 -0.834978 0 0.5502833 -0.834978 0 0.604337 -0.7967287 0 0.604337 -0.7967287 0 0.6557432 -0.754984 0 0.6557432 -0.754984 0 0.7042711 -0.7099311 0 0.7042711 -0.7099311 0 0.7497165 -0.6617591 0 0.7497165 -0.6617591 0 0.7918665 -0.6106942 0 0.7918665 -0.6106942 0 0.8305383 -0.5569614 0 0.8305383 -0.5569614 0 0.8655945 -0.5007456 0 0.8655945 -0.5007456 0 0.896826 -0.4423835 0 0.896826 -0.4423835 0 0.9241413 -0.3820507 0 0.9474015 -0.3200474 0 0.9241413 -0.3820507 0 0.9474015 -0.3200474 0 0.966507 -0.2566406 0 0.9813714 -0.1921203 0 0.966507 -0.2566406 0 0.9813714 -0.1921203 0 0.991934 -0.1267551 0 0.9981492 -0.06081393 0 0.991934 -0.1267551 0 0.9999856 0.00537668 -0 0.9981492 -0.06081393 0 0.9999856 0.00537668 0 0.9974385 0.07152919 0 0.9974385 0.07152919 0 0.990514 0.1374119 0 0.990514 0.1374119 0 0.9792524 0.2026443 -0 0.9792524 0.2026443 0 0.9636888 0.2670278 0 0.9636888 0.2670278 0 0.9439093 0.3302048 0 0.9439093 0.3302048 0 0.9199824 0.3919595 -0 0.9199824 0.3919595 0 0.8920247 0.4519867 0 0.8920247 0.4519867 0 0.8601533 0.5100356 -0 0.8601533 0.5100356 0 0.8245156 0.5658392 0 0.8245156 0.5658392 0 0.7852612 0.6191646 -0 0.7852612 0.6191646 0 0.7425585 0.6697812 0 0.7425585 0.6697812 0 0.6966006 0.7174591 0 0.6966006 0.7174591 0 0.6475905 0.7619886 0 0.6475905 0.7619886 0 0.5957393 0.8031778 0 0.5957393 0.8031778 0 0.5412816 0.8408414 0 0.5412816 0.8408414 0 0.4844392 0.8748249 0 0.4844392 0.8748249 0 0.4254805 0.9049675 0 0.4254805 0.9049675 0 0.3646535 0.9311433 0 0.3646535 0.9311433 0 0.3022282 0.9532356 -0 0.3022282 0.9532356 0 0.2384807 0.9711473 0 0.2384807 0.9711473 0 0.1736867 0.984801 0 0.1736867 0.984801 0 0.1081229 0.9941375 0 0.1081229 0.9941375 0 0.04209699 0.9991136 0 0.04209699 0.9991136 0 -0.02412286 0.999709 0 -0.02412286 0.999709 0 -0.09023275 0.9959207 0 -0.09023275 0.9959207 0 0.9633145 -0.2683747 0 0.9633145 -0.2683747 0 0.9659259 -0.2588187 0 0.9659259 -0.2588187 0 0.968442 -0.2492389 0 0.968442 -0.2492389 0 0.999099 0.04244079 -0 0.9986297 0.0523337 -0 0.999099 0.04244079 -0 0.9986297 0.0523337 -0 0.998062 0.06222663 -0 0.998062 0.06222663 0 -0.193839 -0.9810333 0 -0.193839 -0.9810333 0 -0.1284837 -0.9917117 -0 -0.1284837 -0.9917117 0 -0.06258032 -0.9980399 -0 -0.06258032 -0.9980399 0 0.003619686 -0.9999934 0 0.003619686 -0.9999934 0 0.06979091 -0.9975616 0 0.06979091 -0.9975616 0 0.1356659 -0.9907546 0 0.1356659 -0.9907546 0 0.2009328 -0.9796051 0 0.2009328 -0.9796051 0 0.2653305 -0.9641575 0 0.2653305 -0.9641575 0 0.3285519 -0.9444859 0 0.3285519 -0.9444859 0 0.3903496 -0.9206667 0 0.3903496 -0.9206667 0 0.4504214 -0.8928161 0 0.4504214 -0.8928161 0 0.5085164 -0.8610523 0 0.5085164 -0.8610523 0 0.5643934 -0.825506 0 0.5643934 -0.825506 0 0.6177919 -0.7863417 0 0.6177919 -0.7863417 0 0.6684776 -0.7437322 0 0.6684776 -0.7437322 0 0.7162402 -0.6978539 0 0.7162402 -0.6978539 0 0.7608497 -0.6489281 0 0.7608497 -0.6489281 0 0.8021275 -0.5971527 0 0.8021275 -0.5971527 0 0.8398886 -0.5427587 0 0.8398886 -0.5427587 0 0.8739743 -0.4859723 0 0.9042207 -0.4270654 0 0.8739743 -0.4859723 0 0.9042207 -0.4270654 0 0.9305021 -0.3662865 0 0.9305021 -0.3662865 0 0.9526995 -0.3039137 0 0.9526995 -0.3039137 0 0.970727 -0.2401854 0 0.9844982 -0.1753949 0 0.970727 -0.2401854 0 0.9844982 -0.1753949 0 0.9939453 -0.1098762 0 0.9939453 -0.1098762 0 0.9990377 -0.04385846 0 0.9990377 -0.04385846 0 0.9997497 0.02237071 -0 0.9997497 0.02237071 0 0.9960776 0.08848476 0 0.9960776 0.08848476 0 0.9880375 0.154214 0 0.9880375 0.154214 0 0.9756635 0.2192731 0 0.9756635 0.2192731 0 0.959016 0.2833521 -0 0.959016 0.2833521 0 0.9381541 0.3462181 0 0.9381541 0.3462181 0 0.9131905 0.407533 0 0.9131905 0.407533 0 0.8842149 0.4670802 0 0.8842149 0.4670802 0 0.8513654 0.524573 0 0.8513654 0.524573 0 0.8147753 0.5797768 -0 0.8147753 0.5797768 0 0.774618 0.6324294 -0 0.774618 0.6324294 0 0.7310687 0.6823038 0 0.7310687 0.6823038 0 0.6843077 0.7291934 -0 0.6843077 0.7291934 0 0.634551 0.772881 0 0.634551 0.772881 0 0.5819972 0.8131908 0 0.5819972 0.8131908 0 0.526911 0.8499205 0 0.526911 0.8499205 0 0.4695015 0.8829316 0 0.4695015 0.8829316 0 0.4100469 0.9120645 -0 0.4100469 0.9120645 0 0.3487718 0.9372077 0 0.3487718 0.9372077 0 0.2859849 0.9582341 -0 0.2859849 0.9582341 0 0.2219415 0.97506 0 0.2219415 0.97506 0 0.01436444 -0.9998969 0 0.01436444 -0.9998969 0 0.08050693 -0.9967541 0 0.08050693 -0.9967541 0 0.1463009 -0.9892402 0 0.1463009 -0.9892402 0 0.2114509 -0.9773886 0 0.2114509 -0.9773886 0 0.2756718 -0.9612519 0 0.2756718 -0.9612519 0 0.3386863 -0.9408994 0 0.3386863 -0.9408994 0 0.4002174 -0.9164202 0 0.4002174 -0.9164202 0 0.4599823 -0.8879281 0 0.4599823 -0.8879281 0 0.5177494 -0.8555323 0 0.5177494 -0.8555323 0 0.5732358 -0.8193904 0 0.5732358 -0.8193904 0 0.626196 -0.7796657 0 0.626196 -0.7796657 0 0.6764395 -0.7364982 0 0.6764395 -0.7364982 0 0.7236865 -0.6901288 0 0.7236865 -0.6901288 0 0.7677827 -0.6407103 0 0.7677827 -0.6407103 0 0.8085002 -0.5884959 0 0.8085002 -0.5884959 0 0.845678 -0.5336935 0 0.845678 -0.5336935 0 0.87914 -0.4765636 0 0.87914 -0.4765636 0 0.9087567 -0.4173264 0 0.9343857 -0.3562633 0 0.9087567 -0.4173264 0 0.9343857 -0.3562633 0 0.955915 -0.2936437 0 0.955915 -0.2936437 0 0.9732525 -0.2297378 0 0.9732525 -0.2297378 0 0.9863214 -0.1648333 0 0.9863214 -0.1648333 0 0.9950694 -0.09918052 0 0.9994519 -0.03310498 0 0.9950694 -0.09918052 0 0.9994519 -0.03310498 0 0.9994519 0.03310498 0 0.9994519 0.03310498 0 0.9950694 0.09918052 0 0.9950694 0.09918052 0 0.9863214 0.1648333 -0 0.9863214 0.1648333 0 0.9732525 0.2297378 0 0.9732525 0.2297378 0 0.955915 0.2936437 0 0.955915 0.2936437 0 0.9343857 0.3562633 -0 0.9343857 0.3562633 0 0.9087567 0.4173264 0 0.9087567 0.4173264 0 0.87914 0.4765636 -0 0.87914 0.4765636 0 0.845678 0.5336935 -0 0.845678 0.5336935 0 0.8085002 0.5884959 0 0.8085002 0.5884959 0 0.7677827 0.6407103 -0 0.7677827 0.6407103 0 0.7236865 0.6901288 0 0.7236865 0.6901288 0 0.6764395 0.7364982 -0 0.6764395 0.7364982 0 0.626196 0.7796657 0 0.626196 0.7796657 0 0.5732358 0.8193904 0 0.5732358 0.8193904 0 0.5177494 0.8555323 0 0.5177494 0.8555323 0 0.4599823 0.8879281 -0 0.4599823 0.8879281 0 0.4002174 0.9164202 0 0.4002174 0.9164202 0 0.3386863 0.9408994 -0 0.3386863 0.9408994 0 0.2756718 0.9612519 0 0.2756718 0.9612519 0 0.2114509 0.9773886 0 0.2114509 0.9773886 0 0.1463009 0.9892402 0 0.1463009 0.9892402 0 0.08050693 0.9967541 0 0.08050693 0.9967541 0 0.01436444 0.9998969 0 0.01436444 0.9998969 0 0.9860903 -0.1662104 0 0.9860903 -0.1662104 0 0.9876885 -0.1564332 0 0.989189 -0.146646 0 0.9876885 -0.1564332 0 0.989189 -0.146646 0 0.998062 -0.06222663 0 0.998062 -0.06222663 0 0.9986297 -0.0523337 0 0.9986297 -0.0523337 0 0.999099 -0.04244079 0 0.999099 -0.04244079 0 -0.09023275 -0.9959207 -0 -0.09023275 -0.9959207 0 -0.02412286 -0.999709 -0 -0.02412286 -0.999709 0 0.04209699 -0.9991136 0 0.04209699 -0.9991136 0 0.1081229 -0.9941375 0 0.1081229 -0.9941375 0 0.1736867 -0.984801 0 0.1736867 -0.984801 0 0.2384807 -0.9711473 0 0.2384807 -0.9711473 0 0.3022282 -0.9532356 0 0.3022282 -0.9532356 0 0.3646535 -0.9311433 0 0.3646535 -0.9311433 0 0.4254805 -0.9049675 0 0.4254805 -0.9049675 0 0.4844392 -0.8748249 0 0.4844392 -0.8748249 0 0.5412816 -0.8408414 0 0.5412816 -0.8408414 0 0.5957393 -0.8031778 0 0.5957393 -0.8031778 0 0.6475905 -0.7619886 0 0.6475905 -0.7619886 0 0.6966006 -0.7174591 0 0.6966006 -0.7174591 0 0.7425585 -0.6697812 0 0.7425585 -0.6697812 0 0.7852612 -0.6191646 0 0.7852612 -0.6191646 0 0.8245156 -0.5658392 0 0.8601533 -0.5100356 0 0.8245156 -0.5658392 0 0.8920247 -0.4519867 0 0.8601533 -0.5100356 0 0.8920247 -0.4519867 0 0.9199824 -0.3919595 0 0.9199824 -0.3919595 0 0.9439093 -0.3302048 0 0.9636888 -0.2670278 0 0.9439093 -0.3302048 0 0.9636888 -0.2670278 0 0.9792524 -0.2026443 0 0.9792524 -0.2026443 0 0.990514 -0.1374119 0 0.9974385 -0.07152919 0 0.990514 -0.1374119 0 0.9974385 -0.07152919 0 0.9999856 -0.00537668 0 0.9999856 -0.00537668 0 0.9981492 0.06081393 -0 0.9981492 0.06081393 0 0.991934 0.1267551 0 0.991934 0.1267551 0 0.9813714 0.1921203 -0 0.9813714 0.1921203 0 0.966507 0.2566406 0 0.966507 0.2566406 0 0.9474015 0.3200474 -0 0.9474015 0.3200474 0 0.9241413 0.3820507 0 0.9241413 0.3820507 0 0.896826 0.4423835 -0 0.896826 0.4423835 0 0.8655945 0.5007456 0 0.8655945 0.5007456 0 0.8305383 0.5569614 -0 0.8305383 0.5569614 0 0.7918665 0.6106942 0 0.7918665 0.6106942 0 0.7497165 0.6617591 0 0.7497165 0.6617591 0 0.7042711 0.7099311 0 0.7042711 0.7099311 0 0.6557432 0.754984 -0 0.6557432 0.754984 0 0.604337 0.7967287 0 0.604337 0.7967287 0 0.5502833 0.834978 0 0.5502833 0.834978 0 0.4938082 0.8695709 0 0.4938082 0.8695709 0 0.4351815 0.9003428 0 0.4351815 0.9003428 0 0.3746396 0.9271705 0 0.3746396 0.9271705 0 0.3124592 0.9499312 -0 0.3124592 0.9499312 0 0.2489011 0.9685289 -0 0.2489011 0.9685289 0 0.1842572 0.982878 0 0.1842572 0.982878 0 0.1188029 0.9929178 0 0.1188029 0.9929178 0 0 1 0 0 1 0 0 0.999833 0.0182777 9.195126e-05 0.9985005 0.05474159 -0.0001412666 0.9996988 0.02454402 0.0001359247 0.995525 0.0944984 -0.0001813262 0.9972911 0.07355448 0.0001105108 0.9905025 0.1374949 -0.0001650242 0.9924778 0.1224247 6.817785e-05 0.9836189 0.1802608 -0.0001305046 0.9852791 0.1709535 -9.689837e-06 0.964334 0.2646886 8.968492e-06 0.9748895 0.2226889 -7.829245e-05 0.9757006 0.2191082 -5.893449e-05 0.9637783 0.2667049 5.147877e-05 0.9520033 0.3060877 -0.0001081939 0.949529 0.3136793 9.158811e-05 0.937886 0.3469434 -0.0001384928 0.9329888 0.3599054 0.0001122943 0.922003 0.3871826 -0.0001502722 0.914213 0.405234 0.0001160585 0.9043866 0.426714 -0.000144689 0.8932248 0.4496104 0.0001030176 0.8850824 0.4654342 -0.0001235118 0.8700852 0.4929014 7.455702e-05 0.8640949 0.5033291 3.13742e-05 0.8415031 0.5402523 -8.668114e-05 0.8448548 0.5349956 2.298026e-05 0.7916453 0.610981 -2.577608e-05 0.8173138 0.5761929 -3.572761e-05 0.8175825 0.5758114 -7.622686e-05 0.7883459 0.6152322 6.521252e-05 0.7644992 0.6446247 9.096212e-05 0.7359045 0.6770854 -0.0001098265 0.7572071 0.6531749 0.000101457 0.705931 0.7082806 -0.0001274569 0.7242507 0.6895368 9.70683e-05 0.674628 0.7381579 -0.0001300767 0.6895428 0.724245 0.0001015519 0.6407353 0.7677619 -0.0001183528 0.6531708 0.7572107 3.242828e-05 0.6074196 0.7943812 -0.0001088139 0.6152322 0.7883459 1.504908e-05 0.5732681 0.8193679 -4.265506e-05 0.5758061 0.8175862 2.030584e-05 0.498643 0.8668074 -2.489724e-05 0.5353701 0.8446175 -1.630548e-05 0.5350001 0.844852 6.296139e-05 0.4631927 0.8862576 -8.304147e-05 0.4928951 0.8700888 8.23787e-05 0.4272057 0.9041544 -0.0001169594 0.449612 0.893224 6.219887e-05 0.3907393 0.9205014 -0.0001175625 0.4052452 0.9142081 -6.221439e-06 0.3177553 0.9481727 6.047714e-06 0.3543925 0.9350967 -8.320459e-05 0.3598926 0.9329937 4.702905e-05 0.2825979 0.9592384 -7.33376e-05 0.3136805 0.9495286 6.905913e-05 0.2471954 0.9689656 -0.0001179927 0.2667122 0.9637762 -3.545743e-05 0.1720544 0.9850874 2.846782e-05 0.2097255 0.9777603 -9.963012e-05 0.2191053 0.9757012 4.012822e-05 0.134274 0.9909442 -5.38018e-05 0.1709617 0.9852777 6.988451e-05 0.09636302 0.9953462 -0.0001068723 0.1224084 0.9924798 5.38641e-05 0.05832646 0.9982976 -0.000113789 0.07356607 0.9972903 0 0.01963321 0.9998073 -7.45567e-05 0.02454014 0.9996988 0 -1 0 0 -1 0 0 -1 -0 0 -1 -0 0 -1 0 0 -1 0 0 -1 -0 0 -1 0 0 -1 -0 0 -1 -0 0 -1 -0 0 -1 -0 0 -1 0 0 -1 -0 0 -1 0 0 -1 0 0 -1 0 0 -1 -0 0 -1 -0 0 -1 -0 0 -1 -0 0 -1 -0 0 -1 0 0 -1 0 0 -1 -0 0 -1 0 0 -1 0 0 -1 -0 0 -1 0 0 -1 0 0 -1 0 0 -1 0 0 -1 0 0 -1 0 -0.02454014 0 0.9996988 -0.02454014 0 0.9996988 -0.07356493 0 0.9972904 -0.07356493 0 0.9972904 -0.1224122 0 0.9924793 -0.1224122 0 0.9924793 -0.1709617 0 0.9852777 -0.1709617 0 0.9852777 -0.2191053 0 0.9757012 -0.2191053 0 0.9757012 -0.2667082 0 0.9637774 -0.2667082 0 0.9637774 -0.3136805 0 0.9495286 -0.3598979 0 0.9329917 -0.3136805 0 0.9495286 -0.3598979 0 0.9329917 -0.4052337 0 0.9142132 -0.4052337 0 0.9142132 -0.449612 0 0.8932239 -0.449612 0 0.8932239 -0.4929085 0 0.8700812 -0.4929085 0 0.8700812 -0.5349861 0 0.8448609 -0.5349861 0 0.8448609 -0.5758208 0 0.8175759 -0.5758208 0 0.8175759 -0.6152247 0 0.7883518 -0.6531707 0 0.7572106 -0.6152247 0 0.7883518 -0.6531707 0 0.7572106 -0.689535 0 0.7242523 -0.689535 0 0.7242523 -0.7242507 0 0.6895368 -0.7242507 0 0.6895368 -0.7572147 0 0.6531659 -0.7883459 0 0.6152322 -0.7572147 0 0.6531659 -0.7883459 0 0.6152322 -0.8175825 0 0.5758114 -0.8175825 0 0.5758114 -0.8448549 0 0.5349956 -0.8448549 0 0.5349956 -0.8700852 0 0.4929014 -0.893231 0 0.449598 -0.8700852 0 0.4929014 -0.893231 0 0.449598 -0.9142015 0 0.40526 -0.9329993 0 0.3598784 -0.9142015 0 0.40526 -0.9329993 0 0.3598784 -0.9495289 0 0.3136793 -0.9495289 0 0.3136793 -0.9637702 0 0.2667338 -0.9637702 0 0.2667338 -0.9757072 0 0.2190786 -0.9852739 0 0.1709837 -0.9757072 0 0.2190786 -0.9924816 0 0.1223941 -0.9852739 0 0.1709837 -0.9924816 0 0.1223941 -0.9972889 0 0.07358541 -0.9996991 0 0.02452849 -0.9972889 0 0.07358541 -0.9996991 0 0.02452849 -0.02454014 0 0.9996988 -0.02454014 0 0.9996988 -0.07356608 0 0.9972903 -0.07356608 0 0.9972903 -0.1224084 0 0.9924798 -0.1224084 0 0.9924798 -0.1709617 0 0.9852776 -0.1709617 0 0.9852776 -0.2191053 0 0.9757012 -0.2191053 0 0.9757012 -0.2667122 0 0.9637762 -0.3136805 0 0.9495286 -0.2667122 0 0.9637762 -0.3136805 0 0.9495286 -0.3598927 0 0.9329937 -0.3598927 0 0.9329937 -0.4052452 0 0.9142081 -0.4052452 0 0.9142081 -0.449612 0 0.893224 -0.4928951 0 0.8700888 -0.449612 0 0.893224 -0.4928951 0 0.8700888 -0.5350001 0 0.844852 -0.5758062 0 0.8175862 -0.5350001 0 0.844852 -0.6152322 0 0.788346 -0.5758062 0 0.8175862 -0.6152322 0 0.788346 -0.6531708 0 0.7572107 -0.6531708 0 0.7572107 -0.6895428 0 0.724245 -0.6895428 0 0.724245 -0.7242506 0 0.6895368 -0.7242506 0 0.6895368 -0.7572071 0 0.6531749 -0.7572071 0 0.6531749 -0.788346 0 0.6152322 -0.788346 0 0.6152322 -0.8175825 0 0.5758114 -0.8448548 0 0.5349956 -0.8175825 0 0.5758114 -0.8448548 0 0.5349956 -0.8700852 0 0.4929014 -0.8700852 0 0.4929014 -0.8932248 0 0.4496104 -0.8932248 0 0.4496104 -0.914213 0 0.405234 -0.9329888 0 0.3599054 -0.914213 0 0.405234 -0.9329888 0 0.3599054 -0.9495289 0 0.3136793 -0.9495289 0 0.3136793 -0.9637782 0 0.2667049 -0.9637782 0 0.2667049 -0.9757006 0 0.2191082 -0.9757006 0 0.2191082 -0.9852791 0 0.1709535 -0.9852791 0 0.1709535 -0.9924778 0 0.1224247 -0.9924778 0 0.1224247 -0.9972912 0 0.07355448 -0.9972912 0 0.07355448 -0.9996987 0 0.02454402 -0.9996987 0 0.02454402 -0.01735248 0.01735248 0.9996988 -0.0173525 0.0173525 0.9996988 -0.05201928 0.05201928 0.9972903 -0.08655562 0.08655562 0.9924799 -0.05201909 0.05201909 0.9972903 -0.08655611 0.08655611 0.9924798 -0.1208901 0.1208901 0.9852772 -0.1208886 0.1208886 0.9852776 -0.1549282 0.1549282 0.975702 -0.1885976 0.1885976 0.9637747 -0.1549291 0.1549291 0.9757017 -0.188596 0.188596 0.9637755 -0.2218033 0.2218033 0.9495297 -0.2544861 0.2544861 0.9329917 -0.2218031 0.2218031 0.9495298 -0.2544854 0.2544854 0.9329922 -0.2865503 0.2865503 0.9142088 -0.2865502 0.2865502 0.9142089 -0.3179241 0.3179242 0.8932236 -0.3179241 0.3179241 0.8932237 -0.3485292 0.3485292 0.8700889 -0.378299 0.378299 0.8448548 -0.3485304 0.3485304 0.870088 -0.3783007 0.3783007 0.8448533 -0.4071591 0.4071592 0.8175836 -0.4071576 0.4071576 0.8175851 -0.4350294 0.4350294 0.788352 -0.4350336 0.4350336 0.7883473 -0.4618615 0.4618614 0.7572106 -0.4875827 0.4875827 0.7242419 -0.4618615 0.4618614 0.7572106 -0.4875802 0.4875802 0.7242451 -0.5121159 0.5121158 0.6895468 -0.535428 0.535428 0.653172 -0.5121187 0.5121187 0.6895425 -0.5354269 0.5354269 0.6531737 -0.5574479 0.5574479 0.6152264 -0.557447 0.557447 0.6152283 -0.5781178 0.5781178 0.5758121 -0.5974051 0.5974051 0.5349899 -0.5781187 0.5781186 0.5758105 -0.5974041 0.5974041 0.5349924 -0.6152447 0.6152447 0.4928974 -0.6316055 0.6316056 0.4496097 -0.6152438 0.6152438 0.4928996 -0.6316056 0.6316057 0.4496093 -0.646441 0.646441 0.4052505 -0.6464434 0.6464435 0.4052427 -0.6597244 0.6597244 0.3598991 -0.6714203 0.6714203 0.3136711 -0.6597245 0.6597246 0.3598987 -0.6714191 0.6714192 0.3136761 -0.6814923 0.6814924 0.2667142 -0.6899254 0.6899256 0.2191019 -0.6814923 0.6814923 0.2667144 -0.6966943 0.6966944 0.1709792 -0.6899257 0.6899258 0.2191003 -0.6966956 0.6966956 0.1709692 -0.70179 0.70179 0.1223996 -0.7051905 0.7051905 0.07357188 -0.7017896 0.7017896 0.1224047 -0.706894 0.7068939 0.02453325 -0.7051906 0.7051905 0.07357023 -0.7068939 0.7068939 0.02453806 -1 -0 0 -1 0 0 -1 0 0 -1 0 0 -1 0 0 -1 -0 0 0 0.1321637 -0.9912279 0 0.1321637 -0.9912279 0 0.1321637 0.9912279 -0 0.1321637 0.9912279 0 -1 0 0 -1 0 -1 0 0 -1 -0 0 -0.7240309 0.6893312 -0.02453051 -0.9993978 0.02453664 -0.02453664 0.03770996 0.1409139 -0.9893034 -0.08710554 -0.05257062 -0.9948111 -0.0439448 0.03853721 -0.9982904 -0.02710049 0.02079334 -0.9994164 -0.07309727 0.09998386 -0.9923003 -0.07684597 0.06738972 -0.994763 -0.1443748 -0.015783 -0.9893972 -0.02840135 0.018978 -0.9994165 -0.07913604 0.0649427 -0.9947462 -0.0810902 0.06221792 -0.994763 -0.1488804 0.09270658 -0.9845 -0.1390524 0.1707283 -0.975457 -0.1497687 0.09157344 -0.9844712 -0.02958099 0.01708099 -0.9994164 -0.08321172 0.05963072 -0.9947462 -0.08498235 0.05678579 -0.994763 -0.1312084 0.1076757 -0.9854898 -0.1279492 0.112207 -0.9854129 -0.0306354 0.01510835 -0.9994165 -0.08851279 0.05111009 -0.9947629 -0.08693624 0.05405685 -0.9947462 -0.1379666 0.09886879 -0.9854898 -0.1350144 0.1035976 -0.9854129 -0.03155806 0.01307199 -0.9994164 -0.1828927 0.1942869 -0.9637442 -0.177733 0.1558656 -0.9716568 -0.1977513 0.1279201 -0.9718698 -0.09028304 0.04826081 -0.9947461 -0.09166787 0.04520749 -0.9947629 -0.1414999 0.09454784 -0.9854129 -0.1441415 0.08962703 -0.9854899 -0.03234632 0.01097761 -0.9994164 -0.1875478 0.143907 -0.9716566 -0.1833997 0.150507 -0.9714485 -0.09324739 0.04224971 -0.9947461 -0.09442888 0.03911442 -0.9947629 -0.2222021 0.221404 -0.9495296 -0.2621646 0.2467761 -0.9329368 -0.2442555 0.1862284 -0.9516608 -0.1473821 0.08508766 -0.985413 -0.1496903 0.08001707 -0.9854898 -0.03299437 0.008841293 -0.9994165 -0.1928476 0.1381939 -0.9714485 -0.1965559 0.1313353 -0.9716568 -0.09678718 0.03284731 -0.994763 -0.09581115 0.03606039 -0.9947461 -0.2333803 0.1915236 -0.9533374 -0.2280156 0.1999611 -0.9529032 -0.1526275 0.07527515 -0.9854128 -0.1546046 0.07005026 -0.9854899 -0.03350193 0.006664495 -0.9994165 -0.2014732 0.1252848 -0.9714486 -0.2047268 0.1181944 -0.9716569 -0.09872621 0.02645506 -0.994763 -0.09796478 0.02971485 -0.9947461 -0.2454016 0.1758539 -0.953338 -0.2406 0.1846246 -0.9529036 -0.1588553 0.05978832 -0.9854899 -0.1572261 0.06512466 -0.985413 -0.2789316 0.2353949 -0.9310136 -0.2885121 0.2845864 -0.9142053 -0.2751451 0.241292 -0.9306305 -0.03386614 0.00445849 -0.9994165 -0.02442017 0.09876083 -0.9948114 -0.2092376 0.1118353 -0.9714487 -0.2120141 0.1045644 -0.9716565 -0.1002452 0.01994165 -0.9947629 -0.09969828 0.02324598 -0.9947461 -0.2563799 0.1594281 -0.9533374 -0.2521667 0.1684842 -0.9529034 -0.1624269 0.04926762 -0.9854898 -0.1611502 0.05469926 -0.985413 -0.2844082 0.2334075 -0.9298564 -0.2903326 0.2227869 -0.9306304 -0.07297679 -0.1263186 -0.9893017 -0.05832303 0.003824461 -0.9982905 -0.2184024 0.0904645 -0.9716567 -0.2161017 0.09792024 -0.9714482 -0.3121945 0.3236327 -0.8931945 -0.3329969 0.2771412 -0.9012801 -0.1010062 0.01667184 -0.994746 -0.1013356 0.01334088 -0.9947629 -0.2626407 0.1516415 -0.9529034 -0.2662589 0.1423126 -0.953338 -0.1652996 0.03854179 -0.98549 -0.1643801 0.04404989 -0.985413 -0.2990661 0.2143078 -0.9298558 -0.3042892 0.2033097 -0.9306306 -0.2238531 0.07598247 -0.9716566 -0.2220458 0.08356898 -0.9714484 -0.3310611 0.2716945 -0.9036485 -0.3239584 0.2841024 -0.9024061 -0.1223863 -0.01900383 -0.9923006 -0.1018798 0.01003656 -0.9947461 -0.09092797 0.1132563 -0.9893963 -0.1019908 0.006687921 -0.9947628 -0.2749912 0.1246043 -0.9533381 -0.2719954 0.1341355 -0.9529041 -0.1674677 0.02764188 -0.98549 -0.1669107 0.03319636 -0.985413 -0.3169266 0.1829848 -0.930631 -0.3124383 0.1942898 -0.9298569 -0.2283415 0.06118996 -0.9716563 -0.2270362 0.06886672 -0.9714484 -0.348121 0.24946 -0.903649 -0.3418437 0.2623087 -0.9024063 -0.2801925 0.1160502 -0.9529032 -0.2825585 0.1063435 -0.9533371 -0.3635516 0.3333501 -0.8698897 -0.3878046 0.3687281 -0.8447765 -0.36733 0.322138 -0.8725227 -0.3662021 0.3240585 -0.8722856 -0.1689154 0.01664043 -0.9854901 -0.168723 0.02221489 -0.9854131 -0.3282195 0.1618626 -0.9306302 -0.3244807 0.1734354 -0.9298561 -0.2310539 0.05387713 -0.9714481 -0.2318562 0.04611313 -0.9716565 -0.3582692 0.2393866 -0.9024064 -0.3636903 0.2261608 -0.9036486 -0.288907 0.08763398 -0.9533378 -0.2871786 0.09748773 -0.9529033 -0.3802098 0.3120303 -0.8706765 -0.3876101 0.2974268 -0.8725227 -0.1698155 0.01112713 -0.9854131 -0.1706546 0.04116074 -0.9844708 -0.1708266 0.03974073 -0.9844994 -0.2190504 -0.02238274 -0.9754567 -0.3381061 0.1400368 -0.930631 -0.3351279 0.1518469 -0.9298558 -0.4138362 0.3630445 -0.8348283 -0.4025407 0.4117571 -0.8175678 -0.2343731 0.03085873 -0.9716569 -0.2340806 0.03865162 -0.9714485 -0.3731598 0.215443 -0.9024057 -0.3777065 0.2018846 -0.9036484 -0.2929395 0.07849166 -0.9529037 -0.2940182 0.06855905 -0.9533378 -0.4062359 0.2714368 -0.8725219 -0.3998063 0.2864939 -0.8706757 -0.3465348 0.1176372 -0.9306316 -0.344338 0.1296019 -0.9298573 -0.422518 0.346752 -0.8374017 -0.4139114 0.3629905 -0.8348145 -0.2361082 0.02325275 -0.9714485 -0.2358904 0.01545668 -0.9716567 -0.2667035 -0.008053617 -0.963745 -0.2302841 0.04937754 -0.9718698 -0.3900984 0.176754 -0.9036488 -0.386449 0.1905779 -0.9024063 -0.2978721 0.04918492 -0.9533378 -0.297445 0.05917014 -0.9529036 -0.4176901 0.2597305 -0.870675 -0.4231204 0.2442877 -0.8725208 -0.3520806 0.1067978 -0.9298567 -0.35349 0.09471583 -0.9306308 -0.436765 0.335143 -0.8348146 -0.4442931 0.3183723 -0.8374024 -0.3980865 0.1648941 -0.9024062 -0.4008238 0.150862 -0.9036486 -0.4475626 0.4223663 -0.7882223 -0.4787893 0.4446647 -0.7569902 -0.4503991 0.4010507 -0.7976835 -0.4526557 0.3969684 -0.7984478 -0.3004527 0.02958958 -0.9533376 -0.3006797 0.03958417 -0.9529034 -0.4381902 0.2160941 -0.8725209 -0.4337807 0.2318618 -0.8706747 -0.3589288 0.07140099 -0.9306298 -0.358313 0.08354194 -0.9298562 -0.4641673 0.2886312 -0.8374013 -0.4577544 0.3058523 -0.8348144 -0.4098344 0.1243164 -0.9036488 -0.4080199 0.1385036 -0.902406 -0.4776497 0.3665152 -0.7984468 -0.468929 0.3848373 -0.794988 -0.3136805 0.0005696435 -0.9495284 -0.3598713 0.01088571 -0.9329385 -0.3044003 0.04104278 -0.9516596 -0.3026257 0.01982908 -0.9529032 -0.451384 0.1869709 -0.8725219 -0.4480142 0.2029987 -0.870675 -0.4874816 0.4876788 -0.7242452 -0.4846356 0.4429998 -0.754241 -0.3630092 0.05993985 -0.9298556 -0.3628294 0.04776611 -0.9306306 -0.4767686 0.275271 -0.8348159 -0.4820438 0.2576591 -0.8374041 -0.4162035 0.1115205 -0.9024067 -0.4170863 0.09724511 -0.9036495 -0.4930946 0.3533459 -0.794987 -0.5006027 0.3344817 -0.7984478 -0.4626475 0.1570471 -0.8725213 -0.4603339 0.1732557 -0.8706751 -0.5061381 0.4153738 -0.7558364 -0.4961144 0.4350744 -0.7513858 -0.4052436 0.002782035 -0.9142045 -0.3636804 0.03079421 -0.9310146 -0.3661524 0.03605885 -0.9298559 -0.3651771 0.02392767 -0.9306305 -0.4937578 0.2434869 -0.8348159 -0.4978655 0.2255867 -0.8374011 -0.4225528 0.06977168 -0.9036487 -0.4226055 0.08405813 -0.9024072 -0.5213977 0.3010384 -0.7984487 -0.515144 0.3203393 -0.7949902 -0.4719264 0.1264512 -0.8725226 -0.4706773 0.1427828 -0.8706756 -0.5322192 0.3813823 -0.7558374 -0.5235038 0.4016999 -0.751386 -0.5086238 0.2106842 -0.8348137 -0.5115553 0.1925339 -0.8374019 -0.5246415 0.4736686 -0.707382 -0.5250254 0.4990391 -0.6894261 -0.5296277 0.4644643 -0.7097659 -0.4271999 0.05624622 -0.902406 -0.4262115 0.04197347 -0.9036493 -0.5349972 0.2859595 -0.7949875 -0.5399781 0.2662796 -0.7984477 -0.479189 0.09531281 -0.8725213 -0.4790109 0.111682 -0.8706754 -0.556022 0.3457591 -0.7558373 -0.5486552 0.3666004 -0.7513865 -0.5213151 0.1769605 -0.8348147 -0.5230519 0.158671 -0.8374009 -0.5588661 0.4288344 -0.7097674 -0.5488195 0.4504067 -0.7042236 -0.4299613 0.02818308 -0.9024073 -0.4314301 0.03949643 -0.9012814 -0.4495972 -0.008093549 -0.8931947 -0.5562343 0.2304056 -0.7984465 -0.552554 0.2503538 -0.7949887 -0.5472906 0.5234107 -0.6530806 -0.5638879 0.5509593 -0.6152025 -0.5545741 0.508873 -0.658404 -0.4843934 0.06377649 -0.8725225 -0.4852865 0.0801269 -0.870676 -0.5714559 0.3299341 -0.7513866 -0.5774459 0.3086485 -0.7558388 -0.5323113 0.1241091 -0.8374017 -0.531774 0.1424898 -0.8348132 -0.5857188 0.3913656 -0.7097651 -0.5771065 0.4135441 -0.7042226 -0.5701156 0.1935259 -0.7984459 -0.5677463 0.2136848 -0.7949861 -0.5804352 0.4763531 -0.6604413 -0.5689391 0.4989463 -0.6537284 -0.4927827 0.02136155 -0.8698902 -0.5349514 0.01349484 -0.8447751 -0.4875298 0.03195656 -0.8725213 -0.4894898 0.04820868 -0.8706754 -0.488091 0.02979781 -0.8722839 -0.5963961 0.2702179 -0.75584 -0.5918114 0.291848 -0.7513881 -0.539284 0.08904256 -0.8374032 -0.5399495 0.1074067 -0.8348164 -0.6100597 0.3522223 -0.7097651 -0.6029156 0.3749194 -0.7042217 -0.5805051 0.1760954 -0.794987 -0.5815506 0.1558275 -0.7984465 -0.600354 0.4606682 -0.6537277 -0.6103501 0.4373659 -0.6604421 -0.6096332 0.2525119 -0.7513887 -0.6127919 0.2306388 -0.7558385 -0.5885898 0.5383933 -0.6030712 -0.5929345 0.5630444 -0.5756819 -0.5968686 0.5234398 -0.6080778 -0.5439556 0.05357292 -0.8374022 -0.5458211 0.07185678 -0.834815 -0.6317893 0.3115629 -0.7097682 -0.6261424 0.3346886 -0.7042224 -0.590777 0.1377564 -0.7949879 -0.5904948 0.1174611 -0.7984478 -0.6291961 0.4204156 -0.65373 -0.6376448 0.3965155 -0.6604428 -0.6265646 0.1900675 -0.7558379 -0.624843 0.2121048 -0.7513872 -0.6298243 0.4832816 -0.6080792 -0.6183215 0.5074466 -0.6001471 -0.5493515 0.03600644 -0.8348153 -0.575794 -0.006515118 -0.8175689 -0.5493367 0.03591639 -0.8348288 -0.6466953 0.293009 -0.7042236 -0.6508163 0.2695701 -0.7097676 -0.6037009 0.5910594 -0.5349711 -0.6296709 0.6005562 -0.4927951 -0.6158485 0.5642231 -0.5498937 -0.5969163 0.0785834 -0.7984458 -0.598525 0.09881232 -0.7949867 -0.6553459 0.378365 -0.6537291 -0.6622119 0.3539687 -0.6604405 -0.6376557 0.1486875 -0.7558354 -0.637379 0.170783 -0.7513861 -0.650191 0.4659143 -0.6001463 -0.660086 0.4410556 -0.608076 -0.6670482 0.2264314 -0.7097715 -0.6644685 0.2500928 -0.7042266 -0.630982 0.5533603 -0.5437407 -0.6441041 0.5286059 -0.5529067 -0.6037042 0.05946461 -0.7949875 -0.6007749 0.03937693 -0.7984478 -0.6151345 0.01781627 -0.7882208 -0.6529806 0.02412919 -0.7569902 -0.6020648 0.03489847 -0.7976842 -0.6839511 0.3098891 -0.660439 -0.6786931 0.3346933 -0.6537247 -0.6471834 0.1287418 -0.7513848 -0.6460132 0.1066523 -0.7558388 -0.6875187 0.39694 -0.6080763 -0.6792689 0.4223977 -0.6001449 -0.680431 0.1823186 -0.7097701 -0.6794049 0.2060907 -0.704227 -0.6658232 0.5109066 -0.5437406 -0.6773008 0.4853407 -0.5529087 -0.6991298 0.2895857 -0.6537261 -0.7027526 0.2645021 -0.6604373 -0.649245 0.6135642 -0.4494662 -0.6411914 0.5932264 -0.4867814 -0.6531903 0.5728368 -0.4951771 -0.6542165 0.08612428 -0.7513875 -0.651607 0.06418303 -0.7558365 -0.7120085 0.3511226 -0.6080765 -0.7054412 0.3770663 -0.6001447 -0.6908985 0.1374379 -0.7097675 -0.691429 0.1612168 -0.7042266 -0.7075924 0.4400104 -0.552905 -0.6978171 0.4662573 -0.5437421 -0.7165712 0.2432492 -0.6537243 -0.7185472 0.2179641 -0.6604405 -0.6760978 0.5548576 -0.4847936 -0.6892589 0.5288897 -0.4951746 -0.6584517 0.04315813 -0.7513846 -0.6895428 -0.0001298253 -0.724245 -0.6559409 0.02944678 -0.7542377 -0.7285879 0.3301256 -0.6001472 -0.7334458 0.3037997 -0.6080815 -0.6505673 0.6422976 -0.4052359 -0.6636533 0.610639 -0.4320698 -0.7004975 0.1156519 -0.7042215 -0.6984115 0.09194234 -0.7097663 -0.7348525 0.392787 -0.5529106 -0.7268096 0.4196339 -0.5437419 -0.7312633 0.1705048 -0.6604408 -0.7309456 0.1958537 -0.6537277 -0.72238 0.4826695 -0.4951741 -0.7109423 0.5094501 -0.4847905 -0.7486182 0.2817606 -0.6001514 -0.7517422 0.2551885 -0.6080811 -0.695992 0.5711843 -0.4351363 -0.6810566 0.597271 -0.4235908 -0.7059093 0.03604703 -0.7073844 -0.7065599 0.06958821 -0.7042233 -0.7241284 0.018371 -0.6894204 -0.7029288 0.04607335 -0.7097664 -0.7527007 0.3711913 -0.543745 -0.7589672 0.3438905 -0.5529088 -0.7408485 0.1223138 -0.6604414 -0.7421893 0.1476303 -0.653728 -0.742736 0.4618628 -0.4847947 -0.7523932 0.4344049 -0.4951735 -0.7668256 0.2054677 -0.6080802 -0.765446 0.2321957 -0.6001481 -0.7186629 0.5514473 -0.4235913 -0.7318602 0.5244395 -0.4351368 -0.7753735 0.3211617 -0.5437382 -0.7798405 0.2935119 -0.5529011 -0.6821958 0.6355694 -0.3614699 -0.6816158 0.6371819 -0.359721 -0.6925105 0.6497129 -0.3135323 -0.6975653 0.6117488 -0.3730497 -0.7502571 0.09876877 -0.6537271 -0.7472637 0.07359708 -0.6604396 -0.7713504 0.4123057 -0.4847913 -0.779196 0.3842573 -0.4951767 -0.778996 0.1816279 -0.6001471 -0.7786248 0.1548778 -0.608076 -0.7531882 0.5032654 -0.4235936 -0.7645906 0.4754529 -0.435139 -0.7973655 0.2418784 -0.5529042 -0.7947149 0.2697749 -0.5437367 -0.7360824 0.5648138 -0.3730523 -0.7210513 0.5917553 -0.3604311 -0.7519677 0.03230678 -0.6584079 -0.7551087 0.04949798 -0.6537284 -0.7570993 0.01686994 -0.6530819 -0.7883131 0.009126119 -0.6152066 -0.8026643 0.3324656 -0.4951734 -0.796672 0.3609585 -0.4847914 -0.6972256 0.6475535 -0.3074914 -0.6859862 0.6769707 -0.2667089 -0.7870839 0.1036169 -0.608081 -0.7892053 0.1303042 -0.6001464 -0.784492 0.4529248 -0.4235936 -0.7940471 0.4244376 -0.4351343 -0.8106603 0.2172106 -0.5437366 -0.8114804 0.1892018 -0.5529036 -0.7714463 0.5154651 -0.3730502 -0.7582131 0.5433244 -0.3604323 -0.8226831 0.2792691 -0.4951781 -0.818567 0.3080921 -0.484796 -0.718233 0.6298752 -0.2956327 -0.7351276 0.6033075 -0.3092045 -0.8173999 0.02113413 -0.5756827 -0.7960361 0.07839932 -0.60015 -0.7921767 0.05192782 -0.6080785 -0.7968989 0.03549143 -0.6030692 -0.8201135 0.3715794 -0.435135 -0.8124367 0.400651 -0.4235863 -0.8231277 0.1637294 -0.5437403 -0.8221147 0.1357378 -0.5529038 -0.8035082 0.4639038 -0.3730521 -0.7921228 0.4925758 -0.3604311 -0.8391922 0.2248555 -0.4951731 -0.8369704 0.2538851 -0.4847915 -0.7730143 0.5539307 -0.3092082 -0.7578893 0.5815539 -0.2956327 -0.8426543 0.317158 -0.4351373 -0.8368978 0.3466559 -0.4235938 -0.729138 0.6394386 -0.2438769 -0.7102932 0.6689691 -0.2190067 -0.7217442 0.6707404 -0.1708584 -0.7139403 0.6605847 -0.2322005 -0.8320747 0.1095496 -0.5437376 -0.8292316 0.0816686 -0.5529063 -0.8226401 0.4397155 -0.3604352 -0.8321258 0.4103607 -0.3730559 -0.8520995 0.1694923 -0.4951755 -0.851781 0.1986078 -0.4847929 -0.7943021 0.5307377 -0.2956378 -0.8075849 0.5021908 -0.3092101 -0.8577787 0.2911797 -0.4235916 -0.8615953 0.2613548 -0.4351405 -0.7523823 0.6174553 -0.2294989 -0.7693982 0.5903852 -0.2438681 -0.834435 0.03650238 -0.5498963 -0.8448212 0.008937582 -0.5349742 -0.8699008 0.02058618 -0.492797 -0.8374559 0.05488941 -0.5437416 -0.8496423 0.3849618 -0.3604335 -0.8571852 0.3550593 -0.3730502 -0.7156453 0.6751423 -0.1789825 -0.7087747 0.6947351 -0.1223986 -0.8629435 0.1424807 -0.4847967 -0.8613572 0.1134049 -0.49518 -0.827316 0.4776481 -0.2956357 -0.8387008 0.4483002 -0.3092048 -0.8749856 0.2344479 -0.423597 -0.8768424 0.2044514 -0.4351403 -0.8063655 0.5387982 -0.2438675 -0.7911509 0.5669332 -0.2294929 -0.8785701 0.2982376 -0.3730535 -0.872997 0.3285796 -0.3604327 -0.7607612 0.6243315 -0.1773485 -0.7418662 0.6505983 -0.1623461 -0.8728657 0.03392283 -0.48678 -0.8669335 0.05682147 -0.4951744 -0.8929403 0.02523729 -0.4494672 -0.8704172 0.08572326 -0.4847941 -0.8567847 0.4225194 -0.2956303 -0.8662295 0.3924774 -0.3092054 -0.8883364 0.1466733 -0.4351385 -0.8884452 0.1767247 -0.423596 -0.8398793 0.4849014 -0.2438717 -0.8265348 0.5139772 -0.2294943 -0.896198 0.2401317 -0.3730495 -0.892622 0.2707687 -0.3604306 -0.7999597 0.5732456 -0.1773525 -0.7828266 0.6006862 -0.1623532 -0.8900397 0.3349942 -0.3092057 -0.8825826 0.3655783 -0.2956357 -0.724879 0.6849395 -0.07354105 -0.7472825 0.6553482 -0.1099436 -0.7309541 0.6753943 -0.09771765 -0.7568629 0.6528746 -0.03022274 -0.7333429 0.6787629 -0.0385879 -0.8981059 0.1182321 -0.4235882 -0.8960312 0.08824585 -0.4351329 -0.8697945 0.4289351 -0.243869 -0.8583844 0.458811 -0.2294967 -0.9084186 0.2118133 -0.3604314 -0.9099832 0.1810089 -0.3730499 -0.8204374 0.5482007 -0.162353 -0.8357382 0.5197003 -0.1773512 -0.9100466 0.2760543 -0.3092072 -0.9046035 0.307074 -0.2956315 -0.769549 0.6315543 -0.09451681 -0.7723291 0.6338359 -0.04195058 -0.7879859 0.6149512 -0.03022178 -0.7885428 0.6050723 -0.1099444 -0.9039124 0.05925369 -0.4235933 -0.9141974 0.00583778 -0.4052271 -0.9010587 0.03749212 -0.4320736 -0.895986 0.3711302 -0.2438678 -0.8865532 0.4016912 -0.2294942 -0.9198741 0.1210978 -0.373051 -0.9203278 0.1519462 -0.3604293 -0.8545364 0.4933662 -0.1623496 -0.8679429 0.4639201 -0.1773506 -0.9261513 0.215948 -0.3092091 -0.9227495 0.2472494 -0.2956368 -0.8264283 0.5522038 -0.1099415 -0.812197 0.5820107 -0.03999392 -0.8171061 0.5754759 -0.03413357 -0.8443636 0.5346821 -0.03413373 -0.8092086 0.5798692 -0.09451534 -0.9183402 0.311737 -0.2438675 -0.9109263 0.3428498 -0.2294938 -0.931803 0.03295755 -0.361465 -0.9325283 0.03141736 -0.3597277 -0.9490941 0.03026034 -0.3135357 -0.9258227 0.06068996 -0.3730538 -0.928292 0.09143323 -0.3604358 -0.8964235 0.4061634 -0.1773593 -0.8849703 0.4364264 -0.1623564 -0.9382938 0.1549124 -0.3092037 -0.9369468 0.1863634 -0.2956339 -0.8453984 0.5257077 -0.09451512 -0.8607755 0.4969684 -0.1099453 -0.8485205 0.5276491 -0.03999143 -0.8696879 0.4926763 -0.03021935 -0.9367618 0.251004 -0.2438735 -0.9313972 0.2825441 -0.2294955 -0.9116236 0.3776008 -0.1623578 -0.9210687 0.3466672 -0.1773539 -0.9471269 0.1247009 -0.2956354 -0.9464141 0.09321821 -0.3092099 -0.8914329 0.4396134 -0.1099434 -0.8811448 0.4709823 -0.04194926 -0.8928159 0.4494066 -0.03022089 -0.8779728 0.4692868 -0.09451839 -0.9478837 0.2210134 -0.2294986 -0.9511734 0.1891931 -0.243875 -0.9417693 0.2856906 -0.1773456 -0.9343687 0.3171705 -0.1623519 -0.9637586 0.006377603 -0.2666995 -0.953257 0.06247187 -0.295632 -0.950904 0.03512869 -0.3074856 -0.9182819 0.3803587 -0.1099355 -0.90679 0.4108526 -0.0945089 -0.9101383 0.4123696 -0.03999464 -0.9136797 0.4049993 -0.03413164 -0.9324457 0.3596944 -0.03413156 -0.9603091 0.1585419 -0.2295012 -0.9615102 0.1265946 -0.2438686 -0.9531101 0.255392 -0.1623457 -0.9584395 0.2234747 -0.1773492 -0.9317142 0.3506791 -0.0945133 -0.9411909 0.3194863 -0.1099461 -0.9490952 0.313536 -0.03022423 -0.9351548 0.3519741 -0.03999808 -0.9686247 0.09539892 -0.2294891 -0.9752837 0.02923152 -0.2190146 -0.9846376 0.0360796 -0.1708422 -0.9719377 0.03772904 -0.2321929 -0.967733 0.06342057 -0.243866 -0.9710039 0.1603076 -0.1773501 -0.967774 0.1924992 -0.1623494 -0.9600683 0.2572566 -0.1099452 -0.952656 0.2889851 -0.0945207 -0.9633381 0.2665832 -0.03021911 -0.9560979 0.2900291 -0.04195144 -0.9794086 0.09646101 -0.1773528 -0.9782913 0.1287934 -0.1623529 -0.9748405 0.1939048 -0.1099415 -0.9730985 0.2268927 -0.0399894 -0.9751321 0.2189805 -0.03413185 -0.984705 0.1708538 -0.03413193 -0.9695179 0.2260579 -0.09451336 -0.9924291 0.009903515 -0.1224187 -0.9834315 0.02861753 -0.1790066 -0.984619 0.06454157 -0.1623574 -0.9858543 0.1627633 -0.03999118 -0.982227 0.1621644 -0.09451432 -0.9920244 0.1223688 -0.03022321 -0.9854349 0.1297338 -0.1099417 -0.9944385 0.03928744 -0.09771709 -0.9918091 0.06501289 -0.1099453 -0.9943079 0.09793715 -0.04195542 -0.9907289 0.09758463 -0.09451752 -0.9985101 0.03858401 -0.03858401 -0.9968936 0.02823526 -0.07352516 -0.9968357 0.07352088 -0.03021909 -0.02453664 0.9993978 -0.02453664 -0.6893314 0.724031 -0.02452518 0.1262974 0.07297698 -0.9893044 -0.09876363 0.02442016 -0.9948113 -0.003824943 0.05832289 -0.9982904 -0.004458681 0.03386613 -0.9994164 0.01900383 0.1223863 -0.9923006 -0.006688776 0.1019907 -0.9947629 -0.1132516 0.09092911 -0.9893968 -0.006664221 0.03350201 -0.9994164 -0.01003634 0.1018798 -0.9947461 -0.01334143 0.1013355 -0.9947628 -0.03974186 0.1708266 -0.9844992 0.02238338 0.2190504 -0.9754567 -0.04116089 0.1706547 -0.9844708 -0.008840932 0.03299447 -0.9994164 -0.01667218 0.101006 -0.9947461 -0.0199408 0.1002453 -0.994763 -0.01112665 0.1698156 -0.9854131 -0.01664007 0.1689153 -0.9854901 -0.01097672 0.03234659 -0.9994164 -0.02645396 0.09872645 -0.9947629 -0.02324597 0.09969822 -0.9947461 -0.02764247 0.1674677 -0.98549 -0.02221552 0.1687229 -0.9854131 -0.01307353 0.0315574 -0.9994165 0.008053792 0.2667035 -0.9637449 -0.01545602 0.2358906 -0.9716567 -0.04937868 0.230284 -0.9718699 -0.02971547 0.09796462 -0.9947462 -0.03284471 0.09678828 -0.9947629 -0.03319683 0.1669106 -0.9854129 -0.03854182 0.1652997 -0.98549 -0.01510778 0.0306357 -0.9994164 -0.03085961 0.234373 -0.9716569 -0.02325202 0.2361085 -0.9714485 -0.03605975 0.09581166 -0.9947461 -0.03911907 0.09442703 -0.9947629 -0.0005696633 0.3136804 -0.9495284 -0.01088609 0.3598713 -0.9329385 -0.04104378 0.3044004 -0.9516595 -0.04404992 0.1643802 -0.985413 -0.04926864 0.1624266 -0.9854898 -0.01708099 0.02958099 -0.9994164 -0.04611381 0.2318562 -0.9716564 -0.03865286 0.2340805 -0.9714486 -0.04520574 0.09166871 -0.994763 -0.04224966 0.09324729 -0.9947461 -0.01982873 0.3026257 -0.9529032 -0.02958862 0.3004528 -0.9533377 -0.05469849 0.1611504 -0.985413 -0.05978711 0.1588556 -0.9854899 -0.01897731 0.02840178 -0.9994164 -0.0538754 0.2310542 -0.9714481 -0.06118987 0.2283411 -0.9716564 -0.04826175 0.09028262 -0.9947461 -0.05111016 0.08851296 -0.9947628 -0.03958454 0.3006799 -0.9529033 -0.04918651 0.2978719 -0.9533378 -0.07005034 0.1546047 -0.9854899 -0.06512557 0.1572259 -0.985413 -0.03079434 0.3636802 -0.9310147 -0.002782035 0.4052436 -0.9142045 -0.02392725 0.365177 -0.9306305 -0.02079547 0.02709889 -0.9994164 0.05256691 0.08710214 -0.9948115 -0.07598139 0.2238533 -0.9716566 -0.06886735 0.2270357 -0.9714485 -0.05405692 0.08693636 -0.9947461 -0.05678393 0.08498389 -0.994763 -0.0685569 0.2940188 -0.9533377 -0.05917011 0.2974449 -0.9529037 -0.08001864 0.1496897 -0.9854897 -0.07527524 0.1526276 -0.9854128 -0.03605859 0.3661524 -0.9298561 -0.0477665 0.3628291 -0.9306307 -0.1409129 -0.03770732 -0.9893036 -0.03853487 0.04394713 -0.9982904 -0.09046546 0.2184013 -0.9716567 -0.0835672 0.2220462 -0.9714484 0.008093651 0.4495973 -0.8931947 -0.0394966 0.4314302 -0.9012812 -0.06222398 0.08108502 -0.994763 -0.05962765 0.08321401 -0.9947462 -0.0784904 0.29294 -0.9529037 -0.08763485 0.2889067 -0.9533378 -0.0896269 0.1441413 -0.9854899 -0.08508654 0.1473826 -0.9854129 -0.0599398 0.3630089 -0.9298558 -0.07140092 0.3589285 -0.93063 -0.1045641 0.2120135 -0.9716566 -0.09792092 0.2161006 -0.9714484 -0.04197317 0.4262116 -0.9036492 -0.02818291 0.4299613 -0.9024073 -0.09998254 0.07309696 -0.9923005 -0.06494337 0.07913467 -0.9947462 0.01578362 0.1443754 -0.9893971 -0.06738515 0.07684949 -0.994763 -0.1063416 0.2825599 -0.953337 -0.09748934 0.2871781 -0.9529033 -0.09454529 0.141501 -0.985413 -0.0988634 0.1379699 -0.9854899 -0.08354308 0.3583125 -0.9298562 -0.0947143 0.3534907 -0.9306307 -0.1118362 0.2092366 -0.9714488 -0.1181928 0.2047275 -0.9716569 -0.06977168 0.4225528 -0.9036487 -0.05624588 0.4272 -0.902406 -0.1160496 0.2801936 -0.952903 -0.1246057 0.2749912 -0.953338 -0.02136179 0.4927827 -0.8698902 -0.01349499 0.5349514 -0.844775 -0.03195637 0.4875299 -0.8725212 -0.02979817 0.488091 -0.8722839 -0.1076778 0.1312073 -0.9854898 -0.1036002 0.1350128 -0.9854129 -0.1176392 0.3465344 -0.9306314 -0.1067979 0.3520811 -0.9298564 -0.1313326 0.1965586 -0.9716566 -0.125286 0.2014726 -0.9714485 -0.08405813 0.4226055 -0.9024072 -0.09724645 0.4170857 -0.9036496 -0.1423139 0.266258 -0.953338 -0.1341345 0.2719961 -0.952904 -0.04820843 0.48949 -0.8706753 -0.06377611 0.4843937 -0.8725224 -0.09271076 0.1488783 -0.9844999 -0.1707285 0.1390494 -0.9754574 -0.1122085 0.1279485 -0.9854128 -0.09157193 0.149771 -0.984471 -0.1400358 0.3381068 -0.9306309 -0.1296019 0.344338 -0.9298573 -0.03591678 0.5493367 -0.8348289 0.006515184 0.575794 -0.8175689 -0.1381932 0.1928492 -0.9714483 -0.1439105 0.1875456 -0.9716565 -0.1243165 0.4098347 -0.9036486 -0.1115225 0.4162029 -0.9024068 -0.1516401 0.2626408 -0.9529035 -0.159429 0.2563781 -0.9533377 -0.09531291 0.4791895 -0.8725211 -0.08012696 0.4852869 -0.8706758 -0.1618612 0.3282199 -0.9306302 -0.1518448 0.3351288 -0.9298558 -0.05357258 0.5439553 -0.8374023 -0.03600606 0.5493513 -0.8348153 -0.1942866 0.182895 -0.9637437 -0.1558674 0.1777317 -0.9716567 -0.1279171 0.1977534 -0.9718698 -0.1505084 0.1833988 -0.9714484 -0.1508616 0.4008228 -0.9036492 -0.1385001 0.4080207 -0.9024062 -0.1684862 0.2521644 -0.9529037 -0.1758522 0.2454025 -0.9533381 -0.1264536 0.4719259 -0.8725225 -0.1116821 0.4790114 -0.8706751 -0.1734378 0.3244799 -0.9298559 -0.1829839 0.3169283 -0.9306306 -0.08904256 0.539284 -0.8374032 -0.07185748 0.5458208 -0.8348151 -0.1648968 0.3980847 -0.9024066 -0.1767518 0.3900999 -0.9036486 -0.01781635 0.6151346 -0.7882208 -0.0241293 0.6529806 -0.7569903 -0.03489872 0.6020648 -0.7976843 -0.03937654 0.600775 -0.7984478 -0.1915257 0.2333795 -0.9533373 -0.1846274 0.2405985 -0.9529035 -0.1427803 0.4706772 -0.8706761 -0.1570431 0.462648 -0.8725218 -0.2033135 0.3042885 -0.93063 -0.1942919 0.312439 -0.9298562 -0.1241091 0.5323113 -0.8374017 -0.1074067 0.5399495 -0.8348164 -0.2018872 0.3777051 -0.9036484 -0.1905771 0.3864501 -0.902406 -0.07858414 0.5969158 -0.7984461 -0.0594638 0.6037044 -0.7949874 -0.1862283 0.2442565 -0.9516605 -0.2213981 0.2222068 -0.9495299 -0.2467705 0.2621714 -0.9329365 -0.1999614 0.228016 -0.952903 -0.1869739 0.451382 -0.8725222 -0.1732557 0.4603339 -0.8706751 0.0001298242 0.6895428 -0.7242449 -0.02944665 0.6559407 -0.7542378 -0.2143026 0.2990698 -0.9298558 -0.2227889 0.2903289 -0.9306312 -0.1424905 0.531774 -0.8348131 -0.1586687 0.5230535 -0.8374003 -0.2154401 0.3731602 -0.9024063 -0.2261612 0.3636878 -0.9036495 -0.09881267 0.5985244 -0.7949871 -0.117461 0.5904942 -0.7984481 -0.2160933 0.4381915 -0.8725204 -0.2030026 0.4480119 -0.8706752 -0.06418214 0.651607 -0.7558365 -0.04315812 0.6584516 -0.7513847 -0.2353941 0.2789315 -0.9310139 -0.2412916 0.2751447 -0.9306309 -0.2334105 0.2844038 -0.9298569 -0.2845864 0.2885121 -0.9142053 -0.1769592 0.5213169 -0.8348139 -0.1925342 0.511556 -0.8374013 -0.2393867 0.3582665 -0.9024074 -0.2494537 0.3481248 -0.9036493 -0.155828 0.5815495 -0.7984471 -0.1377563 0.5907764 -0.7949883 -0.2318572 0.4337832 -0.8706747 -0.2442847 0.4231215 -0.8725212 -0.1066528 0.6460136 -0.7558382 -0.08612506 0.6542169 -0.7513872 -0.2106867 0.5086244 -0.8348128 -0.2255917 0.4978644 -0.8374004 -0.03604694 0.7059094 -0.7073843 -0.018371 0.7241284 -0.6894204 -0.04607336 0.702929 -0.7097663 -0.2623075 0.3418449 -0.9024061 -0.2716985 0.3310565 -0.903649 -0.193524 0.5701162 -0.7984459 -0.1760967 0.5805039 -0.7949876 -0.2714395 0.4062369 -0.8725205 -0.2597362 0.4176882 -0.8706743 -0.1486875 0.6376554 -0.7558357 -0.1287402 0.6471839 -0.7513847 -0.257654 0.4820465 -0.8374041 -0.2434845 0.4937584 -0.8348162 -0.09194309 0.6984112 -0.7097664 -0.06958795 0.70656 -0.7042233 -0.2771409 0.3329984 -0.9012796 -0.3236327 0.312196 -0.8931939 -0.2841073 0.3239531 -0.9024065 -0.213684 0.5677469 -0.7949859 -0.2304075 0.5562329 -0.7984468 -0.01686982 0.7570993 -0.653082 -0.009126051 0.7883131 -0.6152066 -0.03230675 0.7519676 -0.658408 -0.2864937 0.3998086 -0.8706747 -0.2974264 0.3876127 -0.8725216 -0.1707852 0.6373786 -0.751386 -0.1900693 0.6265646 -0.7558376 -0.2886364 0.4641632 -0.8374017 -0.2752703 0.4767701 -0.8348153 -0.1374362 0.6908993 -0.7097672 -0.1156528 0.7004972 -0.7042217 -0.2662771 0.5399792 -0.7984477 -0.2503545 0.5525528 -0.7949894 -0.07359679 0.7472637 -0.6604396 -0.04949817 0.7551087 -0.6537284 -0.3333518 0.3635483 -0.8698903 -0.36873 0.387801 -0.8447772 -0.3120286 0.3802131 -0.8706756 -0.3240585 0.3661993 -0.8722867 -0.3221436 0.3673239 -0.8725231 -0.2306374 0.6127912 -0.7558396 -0.212102 0.6248432 -0.7513879 -0.3183706 0.4442938 -0.8374026 -0.3058541 0.4577516 -0.8348155 -0.182321 0.6804309 -0.7097696 -0.161217 0.6914299 -0.7042256 -0.2859571 0.5349985 -0.7949875 -0.3010369 0.5213981 -0.7984489 -0.09876955 0.7502573 -0.6537266 -0.1223149 0.7408488 -0.6604409 -0.2525116 0.6096323 -0.7513897 -0.2702185 0.5963942 -0.7558412 -0.03549137 0.7968989 -0.6030691 -0.02113413 0.8173999 -0.5756827 -0.05192802 0.7921767 -0.6080784 -0.346748 0.4225193 -0.8374027 -0.3351383 0.4367672 -0.8348154 -0.2264286 0.6670489 -0.7097716 -0.206089 0.679405 -0.7042274 -0.3203422 0.515143 -0.7949897 -0.3344849 0.5006015 -0.7984473 -0.1476281 0.7421895 -0.6537283 -0.1705046 0.7312624 -0.6604419 -0.3086454 0.5774461 -0.7558399 -0.2918472 0.5918097 -0.7513897 -0.1036177 0.7870836 -0.6080812 -0.07839932 0.7960361 -0.60015 -0.3629965 0.4139071 -0.8348139 -0.4117562 0.4025454 -0.8175659 -0.3630448 0.4138401 -0.8348262 -0.2500919 0.6644691 -0.7042263 -0.2695701 0.6508163 -0.7097676 -0.008937644 0.8448212 -0.5349742 -0.02058632 0.8699008 -0.4927969 -0.03650244 0.8344351 -0.5498962 -0.366511 0.4776535 -0.7984465 -0.3533444 0.4930952 -0.7949874 -0.2179626 0.7185481 -0.66044 -0.1958557 0.7309445 -0.6537284 -0.3299337 0.5714552 -0.7513872 -0.345761 0.5560192 -0.7558386 -0.1548756 0.7786257 -0.6080753 -0.1303051 0.789205 -0.6001468 -0.3115631 0.6317899 -0.7097676 -0.2930101 0.6466951 -0.7042233 -0.05488904 0.8374559 -0.5437416 -0.08166859 0.8292314 -0.5529065 -0.3848416 0.4689287 -0.7949859 -0.4223577 0.4475638 -0.7882262 -0.4446588 0.478795 -0.7569901 -0.4010507 0.4503991 -0.7976835 -0.3969755 0.4526517 -0.7984465 -0.2645012 0.7027532 -0.660437 -0.2432476 0.7165722 -0.6537238 -0.3665991 0.5486532 -0.7513886 -0.3813797 0.5322187 -0.7558391 -0.20547 0.7668254 -0.6080796 -0.1816275 0.7789971 -0.6001456 -0.3346876 0.6261433 -0.7042221 -0.3522223 0.6100597 -0.7097651 -0.1357388 0.8221148 -0.5529035 -0.1095507 0.8320746 -0.5437375 -0.3098903 0.6839508 -0.6604387 -0.2895859 0.6991302 -0.6537254 -0.02523737 0.8929402 -0.4494672 -0.05682108 0.8669336 -0.4951742 -0.03392296 0.8728657 -0.48678 -0.4017021 0.523501 -0.7513867 -0.4153762 0.506135 -0.7558372 -0.2551869 0.7517436 -0.6080799 -0.2321965 0.7654459 -0.6001478 -0.3913656 0.5857188 -0.7097651 -0.3749194 0.6029156 -0.7042217 -0.1637277 0.8231276 -0.5437409 -0.189201 0.8114798 -0.5529047 -0.3539678 0.6622134 -0.6604394 -0.3346946 0.6786929 -0.6537244 -0.113406 0.861357 -0.4951798 -0.08572329 0.8704175 -0.4847937 -0.4876707 0.4874936 -0.7242426 -0.4429924 0.4846464 -0.7542384 -0.4350766 0.4961113 -0.7513867 -0.281757 0.74862 -0.6001507 -0.3037995 0.7334453 -0.6080821 -0.00583778 0.9141974 -0.4052271 -0.03749219 0.9010587 -0.4320736 -0.4135441 0.5771065 -0.7042226 -0.4288367 0.5588632 -0.7097682 -0.2418791 0.7973651 -0.5529045 -0.2172119 0.8106596 -0.5437371 -0.3783657 0.6553471 -0.6537275 -0.3965163 0.637646 -0.6604411 -0.1424802 0.8629433 -0.4847972 -0.1694905 0.8520997 -0.4951757 -0.3511239 0.7120081 -0.608076 -0.3301278 0.728587 -0.6001472 -0.08824585 0.8960311 -0.4351332 -0.05925369 0.9039124 -0.4235935 -0.473664 0.5246441 -0.7073832 -0.4644679 0.5296257 -0.7097648 -0.4504123 0.548815 -0.7042236 -0.4990324 0.5250282 -0.6894288 -0.2935083 0.7798429 -0.5528997 -0.2697758 0.7947145 -0.543737 -0.4204135 0.6291985 -0.6537291 -0.4373659 0.6103501 -0.6604421 -0.1986066 0.8517812 -0.4847929 -0.2248569 0.8391913 -0.4951742 -0.377069 0.7054405 -0.6001438 -0.3969406 0.6875198 -0.6080746 -0.1466728 0.8883363 -0.4351387 -0.1182321 0.8981058 -0.4235885 -0.321158 0.775376 -0.5437367 -0.3438925 0.7589657 -0.5529096 -0.06068998 0.9258228 -0.3730535 -0.03295763 0.931803 -0.3614649 -0.03141756 0.9325282 -0.3597277 -0.03026052 0.9490941 -0.3135357 -0.476359 0.5804303 -0.6604413 -0.4606714 0.6003525 -0.6537268 -0.2792699 0.8226826 -0.4951784 -0.2538874 0.8369692 -0.4847924 -0.4410532 0.6600885 -0.6080751 -0.4223956 0.6792712 -0.6001439 -0.20445 0.8768427 -0.4351402 -0.1767241 0.8884452 -0.4235963 -0.3927898 0.7348517 -0.5529097 -0.3711958 0.7526985 -0.543745 -0.09143268 0.9282921 -0.3604355 -0.1210978 0.9198741 -0.373051 -0.5088671 0.5545796 -0.658404 -0.4989451 0.5689378 -0.6537305 -0.523413 0.547292 -0.6530776 -0.5509593 0.5638879 -0.6152025 -0.3080909 0.8185668 -0.4847971 -0.3324614 0.802666 -0.4951734 -0.006377642 0.9637587 -0.2666996 -0.03512891 0.950904 -0.3074856 -0.4832849 0.6298228 -0.6080781 -0.4659152 0.6501922 -0.6001441 -0.2344495 0.8749857 -0.4235957 -0.2613574 0.861595 -0.4351395 -0.4400067 0.7075923 -0.5529081 -0.4196283 0.7268113 -0.5437438 -0.1519472 0.9203277 -0.3604289 -0.1810085 0.9099838 -0.3730488 -0.3609589 0.7966729 -0.4847896 -0.384262 0.7791936 -0.4951767 -0.09321763 0.9464141 -0.3092101 -0.06247168 0.953257 -0.2956323 -0.5630444 0.5929345 -0.5756819 -0.5074466 0.6183215 -0.6001471 -0.5234398 0.5968686 -0.6080778 -0.5383933 0.5885898 -0.6030712 -0.3171567 0.8426538 -0.4351394 -0.291177 0.8577792 -0.4235928 -0.4853415 0.677302 -0.5529065 -0.4662626 0.6978135 -0.5437421 -0.2401332 0.8961976 -0.3730494 -0.2118122 0.9084193 -0.3604303 -0.4344004 0.7523972 -0.4951714 -0.4123078 0.7713486 -0.4847923 -0.1247005 0.9471269 -0.2956356 -0.1549133 0.9382934 -0.3092045 -0.3715798 0.8201144 -0.4351332 -0.34666 0.8368961 -0.4235939 -0.06342038 0.9677331 -0.2438659 -0.02923161 0.9752837 -0.2190146 -0.0360797 0.9846376 -0.1708422 -0.0377292 0.9719377 -0.232193 -0.5286059 0.6441041 -0.5529067 -0.5109044 0.6658259 -0.5437395 -0.2707678 0.8926219 -0.3604317 -0.2982348 0.8785709 -0.3730539 -0.4826757 0.7223774 -0.4951717 -0.4618641 0.7427382 -0.4847901 -0.1863644 0.9369463 -0.2956349 -0.2159467 0.9261516 -0.3092091 -0.4244393 0.7940444 -0.4351375 -0.4006465 0.812439 -0.4235863 -0.1265942 0.9615103 -0.2438685 -0.09539864 0.9686248 -0.2294889 -0.5533604 0.630982 -0.5437407 -0.5910594 0.6037009 -0.5349711 -0.600557 0.6296732 -0.4927909 -0.5642231 0.6158485 -0.5498937 -0.3550637 0.8571841 -0.3730483 -0.3285828 0.8729967 -0.3604305 -0.02861756 0.9834315 -0.1790067 -0.009903515 0.9924291 -0.1224187 -0.5094438 0.710945 -0.484793 -0.5288855 0.6892594 -0.4951784 -0.2760534 0.9100468 -0.3092076 -0.247248 0.9227499 -0.2956368 -0.4754523 0.7645896 -0.4351414 -0.4529265 0.7844891 -0.423597 -0.1891943 0.9511735 -0.2438739 -0.1585429 0.9603092 -0.2295004 -0.4103564 0.8321289 -0.3730538 -0.3849618 0.8496423 -0.3604335 -0.06454195 0.984619 -0.1623574 -0.09646072 0.9794087 -0.1773523 -0.5728368 0.6531903 -0.4951771 -0.5932301 0.6411891 -0.4867798 -0.6135671 0.6492422 -0.4494663 -0.5548599 0.6760949 -0.484795 -0.334997 0.8900385 -0.3092062 -0.3070749 0.9046034 -0.2956311 -0.5244339 0.7318642 -0.4351368 -0.5032647 0.7531872 -0.4235961 -0.2510025 0.936762 -0.2438742 -0.2210114 0.947884 -0.2294989 -0.4639065 0.8035071 -0.3730508 -0.4397137 0.8226426 -0.3604318 -0.1603085 0.9710036 -0.177351 -0.1287922 0.9782915 -0.1623527 -0.3655759 0.8825826 -0.2956387 -0.3924768 0.8662283 -0.3092095 -0.02823534 0.9968936 -0.07352515 -0.06501327 0.9918091 -0.1099453 -0.07352088 0.9968357 -0.0302193 -0.03928752 0.9944385 -0.09771703 -0.03858409 0.9985101 -0.03858409 -0.5514481 0.7186639 -0.4235885 -0.5711877 0.6959902 -0.4351349 -0.3117379 0.91834 -0.2438671 -0.282545 0.931397 -0.2294951 -0.5154644 0.7714453 -0.3730529 -0.4925729 0.792124 -0.3604324 -0.2234727 0.9584401 -0.1773489 -0.1925003 0.9677737 -0.1623504 -0.4482977 0.8387018 -0.3092061 -0.4225212 0.8567827 -0.2956338 -0.09758491 0.9907288 -0.09451766 -0.09793743 0.9943078 -0.04195583 -0.1223678 0.9920245 -0.03022436 -0.1297327 0.9854351 -0.1099411 -0.5972677 0.6810586 -0.4235923 -0.6423039 0.6505581 -0.4052404 -0.6106431 0.6636455 -0.4320761 -0.371128 0.8959866 -0.2438688 -0.3428479 0.9109268 -0.2294947 -0.5648138 0.7360824 -0.3730523 -0.5433268 0.7582107 -0.3604337 -0.2856914 0.9417692 -0.1773452 -0.2553914 0.9531105 -0.1623447 -0.4776508 0.827315 -0.2956344 -0.5021889 0.8075877 -0.3092061 -0.1621631 0.9822273 -0.09451364 -0.1939059 0.9748401 -0.109942 -0.1627619 0.9858545 -0.03999266 -0.1708545 0.9847049 -0.03413193 -0.2189813 0.9751319 -0.03413185 -0.4289378 0.8697942 -0.2438655 -0.4016958 0.8865517 -0.229492 -0.5917521 0.7210532 -0.3604327 -0.6355747 0.6821922 -0.3614672 -0.6117455 0.6975674 -0.3730513 -0.6371848 0.681613 -0.3597211 -0.649717 0.6925088 -0.3135276 -0.3171696 0.9343688 -0.1623523 -0.3466652 0.9210694 -0.1773539 -0.5539338 0.7730127 -0.3092067 -0.5307357 0.794305 -0.2956335 -0.2260598 0.9695175 -0.09451368 -0.2572559 0.9600686 -0.1099441 -0.2268947 0.973098 -0.03999019 -0.2665831 0.963338 -0.03022059 -0.4849035 0.839877 -0.2438756 -0.4588062 0.858387 -0.2294967 -0.4061677 0.8964215 -0.1773593 -0.3776019 0.9116234 -0.1623562 -0.5815539 0.7578893 -0.2956327 -0.6033049 0.7351304 -0.3092029 -0.3194855 0.9411913 -0.1099457 -0.2900275 0.9560983 -0.04195224 -0.3135372 0.9490948 -0.03022364 -0.2889835 0.9526566 -0.0945199 -0.5139793 0.8265324 -0.2294984 -0.5387952 0.8063669 -0.2438689 -0.4639154 0.8679459 -0.177348 -0.4364286 0.8849689 -0.1623575 -0.6475593 0.6972202 -0.3074913 -0.6298758 0.7182338 -0.2956294 -0.6769764 0.6859804 -0.266709 -0.3803596 0.9182812 -0.109937 -0.3506772 0.9317149 -0.0945133 -0.3519721 0.9351556 -0.03999661 -0.3596931 0.9324462 -0.03412955 -0.4049993 0.9136798 -0.03412938 -0.5903847 0.7693976 -0.2438713 -0.5669302 0.7911525 -0.2294944 -0.4933667 0.8545371 -0.1623441 -0.5197033 0.8357371 -0.1773469 -0.4396157 0.8914316 -0.1099446 -0.4108548 0.9067889 -0.09451004 -0.4494066 0.8928159 -0.03022089 -0.4123719 0.9101374 -0.03999406 -0.6689719 0.7102904 -0.2190068 -0.6707431 0.7217392 -0.1708687 -0.6174579 0.7523797 -0.2295006 -0.6394386 0.729138 -0.2438769 -0.6605893 0.7139369 -0.2321979 -0.573243 0.799962 -0.1773509 -0.5481982 0.8204393 -0.1623515 -0.4692867 0.8779726 -0.09452102 -0.4969682 0.8607752 -0.1099481 -0.4926729 0.8696896 -0.03022119 -0.4709823 0.8811448 -0.04194926 -0.6006866 0.782827 -0.1623499 -0.6243346 0.7607591 -0.1773468 -0.5522012 0.8264303 -0.10994 -0.5276517 0.8485187 -0.03999509 -0.5346855 0.8443613 -0.03413672 -0.5754759 0.8171061 -0.03413679 -0.5257102 0.8453966 -0.09451658 -0.6505952 0.7418686 -0.1623479 -0.6751411 0.7156456 -0.1789857 -0.6947369 0.708774 -0.1223933 -0.5820052 0.812201 -0.03999231 -0.6149513 0.7879859 -0.03021834 -0.5798637 0.8092125 -0.09451535 -0.6050721 0.7885425 -0.1099477 -0.6753962 0.7309529 -0.09771284 -0.631557 0.7695466 -0.09451858 -0.6787598 0.7333459 -0.03858689 -0.6553455 0.7472852 -0.1099417 -0.6849375 0.7248804 -0.07354636 -0.6528746 0.7568629 -0.03022274 -0.6338388 0.7723268 -0.04194882 -0.7071068 0.7071068 0 -0.7071068 0.7071068 0 -0.02454402 0.9996988 0 -0.02454402 0.9996988 0 -0.07355448 0.9972911 0 -0.07355448 0.9972911 0 -0.1224237 0.9924779 0 -0.1224237 0.9924779 0 -0.1709541 0.985279 0 -0.1709541 0.985279 0 -0.219109 0.9757004 0 -0.219109 0.9757004 0 -0.2667049 0.9637783 0 -0.2667049 0.9637783 0 -0.3136805 0.9495286 0 -0.3599028 0.9329898 0 -0.3136805 0.9495286 0 -0.4052354 0.9142123 0 -0.3599028 0.9329898 0 -0.4052354 0.9142123 0 -0.449612 0.8932239 0 -0.492898 0.870087 0 -0.449612 0.8932239 0 -0.492898 0.870087 0 -0.5349973 0.8448537 0 -0.5758114 0.8175826 0 -0.5349973 0.8448537 0 -0.5758114 0.8175826 0 -0.6152322 0.7883459 0 -0.6152322 0.7883459 0 -0.653173 0.7572087 0 -0.653173 0.7572087 0 -0.6895387 0.7242488 0 -0.6895387 0.7242488 0 -0.02453664 0.9993978 0.02453664 -0.6893314 0.724031 0.02452517 0.1262974 0.07297699 0.9893045 -0.09876362 0.02442016 0.9948113 -0.003824943 0.05832289 0.9982904 -0.004458681 0.03386613 0.9994164 0.01900382 0.1223863 0.9923006 -0.006688775 0.1019907 0.9947629 -0.1132516 0.09092908 0.9893968 -0.006664221 0.03350201 0.9994164 -0.01003634 0.1018798 0.9947461 -0.01334142 0.1013354 0.9947628 -0.03974187 0.1708266 0.9844992 0.02238338 0.2190504 0.9754567 -0.04116081 0.1706547 0.9844708 -0.008840932 0.03299447 0.9994164 -0.01667218 0.101006 0.9947461 -0.01994079 0.1002453 0.994763 -0.01112665 0.1698156 0.9854131 -0.01664012 0.1689153 0.9854901 -0.01097672 0.03234659 0.9994164 -0.02645395 0.09872647 0.9947629 -0.02324597 0.09969822 0.9947461 -0.02764241 0.1674677 0.98549 -0.02221552 0.1687229 0.9854131 -0.01307353 0.0315574 0.9994165 0.008053813 0.2667035 0.9637449 -0.01545602 0.2358906 0.9716566 -0.04937866 0.230284 0.9718699 -0.02971547 0.09796462 0.9947462 -0.0328448 0.09678827 0.9947629 -0.03319683 0.1669106 0.9854129 -0.03854182 0.1652997 0.98549 -0.01510778 0.0306357 0.9994164 -0.03085959 0.234373 0.9716569 -0.02325202 0.2361085 0.9714485 -0.03605976 0.09581167 0.9947461 -0.03911901 0.094427 0.9947629 -0.0005696633 0.3136804 0.9495284 -0.01088611 0.3598713 0.9329385 -0.04104381 0.3044004 0.9516595 -0.04404992 0.1643802 0.985413 -0.04926863 0.1624266 0.9854898 -0.01708099 0.02958099 0.9994164 -0.04611386 0.2318562 0.9716564 -0.03865286 0.2340805 0.9714486 -0.04520577 0.09166871 0.994763 -0.04224966 0.09324729 0.9947461 -0.01982873 0.3026257 0.9529032 -0.02958866 0.3004528 0.9533377 -0.05469849 0.1611504 0.985413 -0.05978705 0.1588556 0.9854899 -0.01897731 0.02840178 0.9994164 -0.0538754 0.2310542 0.9714481 -0.06118989 0.2283411 0.9716564 -0.04826175 0.09028262 0.9947461 -0.05111015 0.08851293 0.9947629 -0.03958454 0.3006799 0.9529032 -0.04918651 0.2978719 0.9533378 -0.07005031 0.1546048 0.9854899 -0.06512557 0.1572259 0.985413 -0.03079434 0.3636802 0.9310147 -0.002782035 0.4052436 0.9142045 -0.02392724 0.365177 0.9306305 -0.02079547 0.02709889 0.9994164 0.0525669 0.08710213 0.9948115 -0.07598143 0.2238533 0.9716566 -0.06886735 0.2270357 0.9714485 -0.05405692 0.08693636 0.9947461 -0.05678396 0.08498386 0.994763 -0.06855699 0.2940188 0.9533377 -0.05917011 0.2974449 0.9529037 -0.0800186 0.1496897 0.9854897 -0.07527524 0.1526276 0.9854128 -0.03605859 0.3661524 0.9298559 -0.04776649 0.3628291 0.9306307 -0.1409129 -0.03770734 0.9893036 -0.03853488 0.04394714 0.9982904 -0.09046546 0.2184014 0.9716567 -0.0835672 0.2220462 0.9714484 0.008093677 0.4495973 0.8931947 -0.03949657 0.4314302 0.9012812 -0.06222397 0.08108501 0.994763 -0.05962766 0.08321401 0.9947462 -0.0784904 0.29294 0.9529037 -0.08763483 0.2889067 0.9533378 -0.08962684 0.1441412 0.9854899 -0.08508654 0.1473826 0.9854129 -0.0599398 0.3630089 0.9298558 -0.0714009 0.3589284 0.93063 -0.1045641 0.2120136 0.9716566 -0.09792093 0.2161006 0.9714484 -0.0419732 0.4262116 0.9036492 -0.02818291 0.4299613 0.9024073 -0.09998254 0.07309696 0.9923005 -0.06494337 0.07913467 0.9947462 0.01578362 0.1443754 0.9893971 -0.06738517 0.07684948 0.994763 -0.1063415 0.2825598 0.953337 -0.09748933 0.287178 0.9529033 -0.09454529 0.141501 0.985413 -0.09886345 0.13797 0.9854899 -0.08354308 0.3583125 0.9298562 -0.09471435 0.3534907 0.9306307 -0.1118362 0.2092366 0.9714487 -0.1181928 0.2047275 0.9716569 -0.06977166 0.4225528 0.9036487 -0.05624587 0.4272 0.902406 -0.1160496 0.2801936 0.952903 -0.1246058 0.2749912 0.953338 -0.02136179 0.4927827 0.8698902 -0.01349503 0.5349514 0.844775 -0.03195639 0.4875299 0.8725212 -0.02979826 0.488091 0.872284 -0.1076778 0.1312073 0.9854898 -0.1036002 0.1350128 0.985413 -0.1176392 0.3465344 0.9306314 -0.1067979 0.3520811 0.9298564 -0.1313326 0.1965586 0.9716566 -0.125286 0.2014726 0.9714485 -0.08405813 0.4226055 0.9024072 -0.09724647 0.4170857 0.9036496 -0.1423139 0.266258 0.953338 -0.1341345 0.2719961 0.952904 -0.04820843 0.48949 0.8706753 -0.06377609 0.4843937 0.8725224 -0.09271076 0.1488783 0.9844999 -0.1707286 0.1390494 0.9754574 -0.1122085 0.1279485 0.9854128 -0.09157193 0.149771 0.984471 -0.1400358 0.3381068 0.9306309 -0.1296019 0.344338 0.9298573 -0.03591675 0.5493367 0.8348289 0.006515163 0.575794 0.8175688 -0.1381932 0.1928492 0.9714483 -0.1439105 0.1875457 0.9716566 -0.1243165 0.4098347 0.9036486 -0.1115225 0.4162029 0.9024068 -0.1516401 0.2626408 0.9529035 -0.159429 0.256378 0.9533377 -0.09531292 0.4791895 0.872521 -0.08012696 0.4852868 0.8706758 -0.1618612 0.3282199 0.9306302 -0.1518448 0.3351288 0.9298558 -0.05357256 0.5439553 0.8374023 -0.03600606 0.5493513 0.8348153 -0.1942866 0.182895 0.9637437 -0.1558675 0.1777317 0.9716567 -0.1279171 0.1977534 0.9718698 -0.1505084 0.1833988 0.9714484 -0.1508616 0.4008228 0.9036492 -0.1385001 0.4080207 0.9024062 -0.1684862 0.2521644 0.9529037 -0.1758522 0.2454025 0.9533381 -0.1264536 0.4719259 0.8725225 -0.1116821 0.4790114 0.8706751 -0.1734378 0.3244799 0.9298559 -0.1829839 0.3169283 0.9306306 -0.08904257 0.539284 0.8374032 -0.07185748 0.5458208 0.8348151 -0.1648968 0.3980847 0.9024066 -0.1767519 0.3900999 0.9036487 -0.01781635 0.6151345 0.7882208 -0.02412931 0.6529806 0.7569903 -0.03489872 0.6020648 0.7976843 -0.03937653 0.600775 0.7984478 -0.1915257 0.2333795 0.9533373 -0.1846274 0.2405985 0.9529035 -0.1427803 0.4706772 0.870676 -0.1570431 0.4626481 0.8725218 -0.2033135 0.3042886 0.93063 -0.1942919 0.312439 0.9298561 -0.1241091 0.5323113 0.8374017 -0.1074067 0.5399495 0.8348164 -0.2018872 0.3777051 0.9036484 -0.1905771 0.3864501 0.902406 -0.07858415 0.5969158 0.7984461 -0.0594638 0.6037044 0.7949874 -0.1862283 0.2442565 0.9516605 -0.2213982 0.2222068 0.9495299 -0.2467705 0.2621714 0.9329365 -0.1999614 0.228016 0.952903 -0.1869739 0.4513821 0.8725222 -0.1732557 0.4603339 0.8706751 0.0001298242 0.6895428 0.724245 -0.02944665 0.6559407 0.7542378 -0.2143026 0.2990698 0.9298558 -0.2227889 0.2903289 0.9306312 -0.1424905 0.531774 0.8348131 -0.1586687 0.5230535 0.8374003 -0.2154401 0.3731602 0.9024062 -0.2261612 0.3636877 0.9036494 -0.09881267 0.5985244 0.7949871 -0.117461 0.5904943 0.7984481 -0.2160932 0.4381915 0.8725204 -0.2030026 0.4480119 0.8706752 -0.06418212 0.651607 0.7558365 -0.04315812 0.6584516 0.7513847 -0.235394 0.2789315 0.9310139 -0.2412916 0.2751448 0.9306309 -0.2334105 0.2844038 0.9298569 -0.2845864 0.2885121 0.9142053 -0.1769592 0.5213169 0.8348139 -0.1925341 0.511556 0.8374013 -0.2393867 0.3582665 0.9024074 -0.2494537 0.3481248 0.9036492 -0.155828 0.5815495 0.7984471 -0.1377563 0.5907764 0.7949884 -0.2318572 0.4337832 0.8706747 -0.2442847 0.4231215 0.8725212 -0.1066529 0.6460136 0.7558382 -0.08612506 0.6542169 0.7513872 -0.2106867 0.5086244 0.8348128 -0.2255917 0.4978644 0.8374004 -0.03604695 0.7059093 0.7073843 -0.018371 0.7241284 0.6894204 -0.04607338 0.7029289 0.7097663 -0.2623075 0.3418449 0.9024061 -0.2716985 0.3310565 0.903649 -0.193524 0.5701162 0.7984459 -0.1760967 0.5805039 0.7949876 -0.2714395 0.4062369 0.8725206 -0.2597362 0.4176882 0.8706743 -0.1486875 0.6376554 0.7558357 -0.1287402 0.647184 0.7513847 -0.257654 0.4820465 0.8374041 -0.2434844 0.4937583 0.8348162 -0.09194306 0.6984111 0.7097664 -0.06958795 0.70656 0.7042233 -0.2771409 0.3329984 0.9012796 -0.3236327 0.3121961 0.893194 -0.2841073 0.3239531 0.9024065 -0.213684 0.5677469 0.7949859 -0.2304075 0.5562329 0.7984468 -0.01686981 0.7570993 0.653082 -0.009126089 0.7883131 0.6152066 -0.03230672 0.7519675 0.6584079 -0.2864936 0.3998086 0.8706747 -0.2974264 0.3876126 0.8725216 -0.1707852 0.6373786 0.751386 -0.1900693 0.6265646 0.7558376 -0.2886364 0.4641633 0.8374017 -0.2752703 0.4767701 0.8348153 -0.1374362 0.6908993 0.7097672 -0.1156528 0.7004972 0.7042217 -0.2662771 0.5399793 0.7984477 -0.2503545 0.5525528 0.7949894 -0.07359679 0.7472637 0.6604395 -0.04949817 0.7551087 0.6537284 -0.3333519 0.3635483 0.8698903 -0.36873 0.387801 0.8447772 -0.3120286 0.3802131 0.8706756 -0.3240585 0.3661993 0.8722867 -0.3221436 0.3673239 0.8725231 -0.2306374 0.6127912 0.7558396 -0.212102 0.6248432 0.7513878 -0.3183707 0.4442937 0.8374026 -0.3058541 0.4577516 0.8348154 -0.182321 0.6804309 0.7097696 -0.161217 0.6914299 0.7042256 -0.2859571 0.5349985 0.7949875 -0.3010369 0.5213981 0.7984489 -0.09876955 0.7502573 0.6537266 -0.1223149 0.7408488 0.6604409 -0.2525116 0.6096323 0.7513897 -0.2702185 0.5963942 0.7558412 -0.03549137 0.796899 0.6030691 -0.02113413 0.8173999 0.5756827 -0.05192802 0.7921767 0.6080784 -0.3467479 0.4225193 0.8374027 -0.3351383 0.4367672 0.8348154 -0.2264287 0.6670489 0.7097716 -0.206089 0.679405 0.7042274 -0.3203421 0.515143 0.7949896 -0.3344849 0.5006015 0.7984473 -0.1476281 0.7421895 0.6537283 -0.1705045 0.7312624 0.6604419 -0.3086454 0.577446 0.7558399 -0.2918472 0.5918097 0.7513897 -0.1036177 0.7870836 0.6080812 -0.07839932 0.7960361 0.60015 -0.3629965 0.4139071 0.8348139 -0.4117562 0.4025454 0.8175659 -0.3630448 0.4138401 0.8348263 -0.2500919 0.6644691 0.7042263 -0.2695701 0.6508163 0.7097677 -0.008937644 0.8448212 0.5349742 -0.02058633 0.8699008 0.4927969 -0.03650241 0.8344351 0.5498962 -0.366511 0.4776535 0.7984465 -0.3533444 0.4930952 0.7949874 -0.2179625 0.7185481 0.66044 -0.1958557 0.7309445 0.6537284 -0.3299337 0.5714552 0.7513872 -0.345761 0.5560192 0.7558386 -0.1548756 0.7786257 0.6080753 -0.1303051 0.789205 0.6001467 -0.3115631 0.6317899 0.7097675 -0.2930101 0.6466951 0.7042233 -0.05488904 0.8374559 0.5437416 -0.08166862 0.8292314 0.5529065 -0.3848416 0.4689287 0.794986 -0.4223577 0.4475638 0.7882262 -0.4446588 0.4787951 0.75699 -0.4010506 0.4503991 0.7976835 -0.3969755 0.4526517 0.7984465 -0.2645012 0.7027532 0.6604371 -0.2432476 0.7165722 0.6537238 -0.3665991 0.5486532 0.7513886 -0.3813797 0.5322187 0.7558392 -0.20547 0.7668254 0.6080796 -0.1816275 0.7789971 0.6001457 -0.3346876 0.6261433 0.704222 -0.3522223 0.6100597 0.7097651 -0.1357388 0.8221148 0.5529035 -0.1095507 0.8320746 0.5437374 -0.3098903 0.6839508 0.6604387 -0.2895859 0.6991302 0.6537254 -0.02523738 0.8929402 0.4494672 -0.05682109 0.8669336 0.4951742 -0.03392296 0.8728657 0.48678 -0.4017021 0.523501 0.7513867 -0.4153762 0.5061351 0.7558372 -0.2551869 0.7517436 0.6080799 -0.2321965 0.7654459 0.6001478 -0.3913656 0.5857188 0.7097651 -0.3749194 0.6029156 0.7042217 -0.1637277 0.8231276 0.5437409 -0.189201 0.8114798 0.5529047 -0.3539679 0.6622134 0.6604394 -0.3346946 0.6786929 0.6537244 -0.113406 0.861357 0.4951798 -0.08572329 0.8704175 0.4847937 -0.4876707 0.4874936 0.7242426 -0.4429925 0.4846464 0.7542384 -0.4350766 0.4961113 0.7513867 -0.281757 0.74862 0.6001507 -0.3037995 0.7334453 0.6080821 -0.005837767 0.9141974 0.4052271 -0.03749219 0.9010587 0.4320736 -0.4135441 0.5771065 0.7042226 -0.4288367 0.5588632 0.7097682 -0.2418791 0.7973651 0.5529045 -0.2172119 0.8106596 0.5437371 -0.3783657 0.6553471 0.6537275 -0.3965164 0.637646 0.6604411 -0.1424802 0.8629433 0.4847972 -0.1694905 0.8520998 0.4951757 -0.3511239 0.7120082 0.608076 -0.3301278 0.728587 0.6001472 -0.08824585 0.8960311 0.4351332 -0.05925369 0.9039123 0.4235935 -0.473664 0.5246441 0.7073833 -0.4644679 0.5296257 0.7097649 -0.4504123 0.548815 0.7042236 -0.4990324 0.5250281 0.6894289 -0.2935083 0.7798429 0.5528997 -0.2697757 0.7947144 0.543737 -0.4204135 0.6291985 0.6537291 -0.4373659 0.6103501 0.6604421 -0.1986066 0.8517812 0.4847929 -0.2248569 0.8391913 0.4951742 -0.377069 0.7054405 0.6001438 -0.3969407 0.6875198 0.6080746 -0.1466728 0.8883363 0.4351387 -0.1182321 0.8981058 0.4235885 -0.321158 0.775376 0.5437367 -0.3438926 0.7589657 0.5529096 -0.06068997 0.9258228 0.3730534 -0.03295764 0.931803 0.3614649 -0.03141756 0.9325282 0.3597277 -0.03026053 0.9490941 0.3135357 -0.476359 0.5804304 0.6604413 -0.4606714 0.6003525 0.6537268 -0.2792699 0.8226826 0.4951784 -0.2538874 0.8369692 0.4847924 -0.4410532 0.6600884 0.6080751 -0.4223956 0.6792712 0.6001439 -0.20445 0.8768427 0.4351402 -0.1767241 0.8884452 0.4235963 -0.3927898 0.7348518 0.5529097 -0.3711958 0.7526985 0.543745 -0.09143268 0.9282921 0.3604356 -0.1210978 0.9198741 0.373051 -0.5088671 0.5545796 0.6584041 -0.4989451 0.5689378 0.6537305 -0.5234131 0.5472919 0.6530776 -0.5509593 0.5638879 0.6152025 -0.3080909 0.8185668 0.4847971 -0.3324614 0.802666 0.4951734 -0.006377654 0.9637587 0.2666995 -0.03512891 0.950904 0.3074856 -0.483285 0.6298228 0.6080781 -0.4659152 0.6501922 0.6001442 -0.2344495 0.8749857 0.4235958 -0.2613574 0.861595 0.4351395 -0.4400067 0.7075923 0.5529081 -0.4196283 0.7268113 0.5437439 -0.1519472 0.9203277 0.3604289 -0.1810085 0.9099838 0.3730488 -0.3609588 0.7966729 0.4847896 -0.384262 0.7791936 0.4951767 -0.0932176 0.9464141 0.3092101 -0.06247168 0.953257 0.2956323 -0.5630445 0.5929345 0.5756818 -0.5074466 0.6183215 0.6001471 -0.5234399 0.5968686 0.6080778 -0.5383933 0.5885898 0.6030712 -0.3171567 0.8426538 0.4351394 -0.291177 0.8577792 0.4235928 -0.4853415 0.677302 0.5529065 -0.4662626 0.6978135 0.5437421 -0.2401332 0.8961976 0.3730494 -0.2118122 0.9084193 0.3604303 -0.4344004 0.7523972 0.4951714 -0.4123078 0.7713486 0.4847923 -0.1247005 0.9471269 0.2956356 -0.1549133 0.9382934 0.3092045 -0.3715798 0.8201144 0.4351332 -0.34666 0.8368961 0.4235938 -0.06342037 0.9677331 0.2438659 -0.02923161 0.9752837 0.2190146 -0.0360797 0.9846376 0.1708422 -0.03772919 0.9719377 0.232193 -0.5286059 0.6441039 0.5529067 -0.5109044 0.6658259 0.5437394 -0.2707678 0.8926219 0.3604317 -0.2982348 0.8785709 0.3730539 -0.4826757 0.7223774 0.4951718 -0.4618641 0.7427382 0.4847901 -0.1863644 0.9369463 0.2956349 -0.2159467 0.9261516 0.3092091 -0.4244393 0.7940444 0.4351375 -0.4006465 0.812439 0.4235863 -0.1265942 0.9615103 0.2438685 -0.09539864 0.9686248 0.2294889 -0.5533603 0.630982 0.5437407 -0.5910594 0.6037009 0.5349711 -0.600557 0.6296732 0.492791 -0.564223 0.6158485 0.5498937 -0.3550637 0.8571841 0.3730483 -0.3285828 0.8729967 0.3604305 -0.02861756 0.9834315 0.1790067 -0.009903513 0.9924291 0.1224187 -0.5094438 0.710945 0.4847929 -0.5288855 0.6892594 0.4951784 -0.2760535 0.9100468 0.3092076 -0.247248 0.9227499 0.2956368 -0.4754522 0.7645895 0.4351414 -0.4529265 0.7844891 0.423597 -0.1891943 0.9511735 0.2438739 -0.1585429 0.9603092 0.2295003 -0.4103564 0.8321289 0.3730538 -0.3849618 0.8496423 0.3604335 -0.06454195 0.984619 0.1623574 -0.09646073 0.9794087 0.1773524 -0.5728368 0.6531904 0.4951772 -0.5932302 0.6411891 0.4867798 -0.6135671 0.6492423 0.4494662 -0.5548599 0.6760949 0.484795 -0.334997 0.8900385 0.3092062 -0.3070749 0.9046034 0.2956311 -0.5244339 0.7318641 0.4351367 -0.5032647 0.7531872 0.4235961 -0.2510025 0.936762 0.2438742 -0.2210114 0.947884 0.2294989 -0.4639066 0.8035072 0.3730508 -0.4397137 0.8226426 0.3604318 -0.1603085 0.9710036 0.177351 -0.1287922 0.9782915 0.1623527 -0.3655759 0.8825826 0.2956387 -0.3924768 0.8662283 0.3092095 -0.02823534 0.9968936 0.07352515 -0.06501327 0.9918091 0.1099453 -0.07352088 0.9968357 0.0302193 -0.03928752 0.9944385 0.09771703 -0.03858409 0.9985101 0.03858409 -0.5514481 0.7186639 0.4235884 -0.5711877 0.6959901 0.4351349 -0.3117379 0.91834 0.2438671 -0.282545 0.931397 0.2294951 -0.5154644 0.7714453 0.3730529 -0.4925729 0.792124 0.3604324 -0.2234727 0.9584401 0.1773489 -0.1925003 0.9677737 0.1623504 -0.4482977 0.8387019 0.3092061 -0.4225212 0.8567827 0.2956338 -0.09758491 0.9907288 0.09451766 -0.09793743 0.9943078 0.04195583 -0.1223678 0.9920245 0.03022436 -0.1297327 0.9854351 0.1099411 -0.5972677 0.6810586 0.4235923 -0.6423039 0.6505581 0.4052404 -0.6106431 0.6636455 0.4320761 -0.371128 0.8959866 0.2438688 -0.3428479 0.9109268 0.2294947 -0.5648138 0.7360824 0.3730523 -0.5433268 0.7582107 0.3604337 -0.2856914 0.9417692 0.1773452 -0.2553914 0.9531105 0.1623447 -0.4776508 0.827315 0.2956344 -0.5021889 0.8075877 0.3092061 -0.1621631 0.9822273 0.09451363 -0.1939059 0.9748401 0.109942 -0.1627619 0.9858545 0.03999266 -0.1708545 0.9847049 0.03413193 -0.2189813 0.9751319 0.03413186 -0.4289378 0.8697942 0.2438655 -0.4016958 0.8865517 0.229492 -0.5917521 0.7210532 0.3604327 -0.6355747 0.6821922 0.3614671 -0.6117454 0.6975674 0.3730513 -0.6371848 0.681613 0.359721 -0.649717 0.6925088 0.3135275 -0.3171696 0.9343688 0.1623523 -0.3466652 0.9210694 0.1773539 -0.5539338 0.7730127 0.3092068 -0.5307357 0.794305 0.2956335 -0.2260598 0.9695175 0.09451367 -0.2572559 0.9600686 0.1099441 -0.2268946 0.973098 0.03999019 -0.2665831 0.9633381 0.0302206 -0.4849035 0.839877 0.2438756 -0.4588062 0.858387 0.2294967 -0.4061677 0.8964215 0.1773593 -0.3776019 0.9116234 0.1623562 -0.5815539 0.7578893 0.2956327 -0.6033049 0.7351304 0.3092029 -0.3194855 0.9411913 0.1099457 -0.2900275 0.9560983 0.04195225 -0.3135372 0.9490948 0.03022364 -0.2889835 0.9526566 0.09451991 -0.5139793 0.8265324 0.2294985 -0.5387952 0.8063669 0.2438689 -0.4639154 0.8679459 0.177348 -0.4364286 0.8849689 0.1623576 -0.6475593 0.6972202 0.3074914 -0.6298758 0.7182338 0.2956293 -0.6769766 0.6859804 0.266709 -0.3803596 0.9182812 0.109937 -0.3506772 0.9317149 0.09451332 -0.3519721 0.9351556 0.03999661 -0.3596931 0.9324462 0.03412955 -0.4049993 0.9136798 0.03412938 -0.5903847 0.7693977 0.2438713 -0.5669302 0.7911525 0.2294944 -0.4933667 0.8545371 0.1623441 -0.5197033 0.8357371 0.1773469 -0.4396157 0.8914316 0.1099446 -0.4108548 0.9067889 0.09451004 -0.4494066 0.8928159 0.03022088 -0.4123719 0.9101374 0.03999406 -0.6689719 0.7102905 0.2190068 -0.6707431 0.7217392 0.1708687 -0.6174579 0.7523797 0.2295005 -0.6394386 0.729138 0.2438769 -0.6605893 0.7139369 0.2321979 -0.573243 0.799962 0.1773509 -0.5481982 0.8204393 0.1623515 -0.4692867 0.8779726 0.09452102 -0.4969682 0.8607753 0.1099481 -0.4926729 0.8696896 0.03022119 -0.4709823 0.8811448 0.04194926 -0.6006866 0.782827 0.1623498 -0.6243346 0.7607591 0.1773467 -0.5522012 0.8264303 0.10994 -0.5276517 0.8485187 0.03999511 -0.5346855 0.8443613 0.03413671 -0.5754758 0.8171061 0.0341368 -0.5257102 0.8453966 0.09451658 -0.6505952 0.7418686 0.1623479 -0.6751411 0.7156456 0.1789857 -0.6947369 0.708774 0.1223933 -0.5820052 0.812201 0.03999231 -0.6149513 0.7879859 0.03021834 -0.5798637 0.8092125 0.09451535 -0.6050721 0.7885425 0.1099477 -0.6753962 0.7309529 0.09771283 -0.631557 0.7695466 0.09451859 -0.6787598 0.7333459 0.03858689 -0.6553454 0.7472852 0.1099417 -0.6849374 0.7248805 0.07354636 -0.6528746 0.7568628 0.03022275 -0.6338388 0.7723268 0.04194882 -0.7240309 0.6893312 0.02453053 -0.9993978 0.02453664 0.02453664 0.03770996 0.1409139 0.9893034 -0.08710553 -0.05257061 0.9948111 -0.0439448 0.03853721 0.9982904 -0.02710049 0.02079334 0.9994164 -0.07309727 0.09998386 0.9923003 -0.07684596 0.06738974 0.994763 -0.1443749 -0.01578301 0.9893972 -0.02840135 0.01897801 0.9994165 -0.07913604 0.0649427 0.9947462 -0.0810902 0.06221791 0.994763 -0.1488804 0.09270659 0.9845 -0.1390524 0.1707283 0.975457 -0.1497687 0.09157343 0.9844713 -0.02958099 0.01708099 0.9994164 -0.08321172 0.05963072 0.9947462 -0.08498231 0.05678584 0.994763 -0.1312084 0.1076757 0.9854898 -0.1279492 0.112207 0.9854129 -0.0306354 0.01510835 0.9994165 -0.08851282 0.05111009 0.9947629 -0.08693624 0.05405685 0.9947462 -0.1379666 0.09886885 0.9854898 -0.1350144 0.1035976 0.9854129 -0.03155806 0.01307199 0.9994164 -0.1828927 0.1942869 0.9637442 -0.177733 0.1558656 0.9716567 -0.1977513 0.1279201 0.9718698 -0.09028304 0.04826081 0.9947461 -0.09166791 0.04520753 0.9947629 -0.1414999 0.09454784 0.9854129 -0.1441414 0.08962696 0.9854898 -0.03234632 0.01097761 0.9994164 -0.1875478 0.143907 0.9716566 -0.1833997 0.150507 0.9714485 -0.09324739 0.04224971 0.9947461 -0.09442887 0.03911436 0.9947629 -0.2222021 0.221404 0.9495296 -0.2621646 0.2467761 0.9329369 -0.2442556 0.1862284 0.9516608 -0.1473821 0.08508766 0.985413 -0.1496904 0.08001704 0.9854898 -0.03299437 0.008841294 0.9994165 -0.1928476 0.1381939 0.9714485 -0.1965559 0.1313353 0.9716567 -0.09678719 0.0328474 0.994763 -0.09581115 0.03606039 0.9947461 -0.2333803 0.1915236 0.9533375 -0.2280156 0.1999611 0.9529032 -0.1526275 0.07527516 0.9854128 -0.1546046 0.07005022 0.9854899 -0.03350193 0.006664495 0.9994165 -0.2014732 0.1252848 0.9714486 -0.2047268 0.1181943 0.9716569 -0.09872621 0.02645505 0.994763 -0.09796478 0.02971485 0.9947461 -0.2454016 0.1758539 0.953338 -0.2406 0.1846246 0.9529036 -0.1588553 0.05978827 0.9854899 -0.1572261 0.06512466 0.985413 -0.2789317 0.2353949 0.9310136 -0.2885121 0.2845864 0.9142053 -0.2751453 0.241292 0.9306306 -0.03386614 0.00445849 0.9994165 -0.02442017 0.09876081 0.9948114 -0.2092376 0.1118353 0.9714487 -0.2120141 0.1045644 0.9716565 -0.1002452 0.01994164 0.9947629 -0.09969828 0.02324598 0.9947461 -0.2563798 0.1594281 0.9533374 -0.2521667 0.1684842 0.9529034 -0.1624269 0.0492676 0.9854898 -0.1611502 0.05469926 0.985413 -0.2844082 0.2334075 0.9298564 -0.2903326 0.2227869 0.9306304 -0.07297679 -0.1263186 0.9893017 -0.05832303 0.003824461 0.9982905 -0.2184024 0.0904645 0.9716566 -0.2161017 0.09792024 0.9714482 -0.3121945 0.3236327 0.8931945 -0.3329969 0.2771412 0.9012801 -0.1010062 0.01667184 0.994746 -0.1013356 0.01334087 0.9947629 -0.2626407 0.1516415 0.9529034 -0.2662589 0.1423126 0.953338 -0.1652995 0.0385418 0.98549 -0.1643801 0.04404989 0.985413 -0.2990661 0.2143078 0.9298558 -0.3042892 0.2033097 0.9306306 -0.223853 0.0759825 0.9716566 -0.2220458 0.08356898 0.9714484 -0.3310611 0.2716945 0.9036486 -0.3239584 0.2841024 0.9024061 -0.1223863 -0.01900383 0.9923006 -0.1018798 0.01003656 0.9947461 -0.09092795 0.1132562 0.9893963 -0.1019908 0.006687919 0.9947628 -0.2749912 0.1246043 0.9533381 -0.2719955 0.1341355 0.9529041 -0.1674677 0.02764182 0.98549 -0.1669107 0.03319636 0.9854131 -0.3169265 0.1829847 0.930631 -0.3124383 0.1942898 0.9298569 -0.2283414 0.06118998 0.9716563 -0.2270362 0.06886672 0.9714484 -0.348121 0.24946 0.903649 -0.3418437 0.2623087 0.9024063 -0.2801925 0.1160502 0.9529032 -0.2825585 0.1063435 0.9533371 -0.3635516 0.3333502 0.8698897 -0.3878046 0.368728 0.8447765 -0.36733 0.322138 0.8725227 -0.366202 0.3240585 0.8722857 -0.1689153 0.01664048 0.9854901 -0.1687229 0.02221489 0.9854131 -0.3282195 0.1618625 0.9306302 -0.3244807 0.1734354 0.9298561 -0.2310539 0.05387712 0.9714481 -0.2318562 0.04611317 0.9716565 -0.3582692 0.2393866 0.9024064 -0.3636903 0.2261608 0.9036485 -0.288907 0.08763397 0.9533378 -0.2871786 0.09748773 0.9529033 -0.3802098 0.3120303 0.8706765 -0.38761 0.2974268 0.8725226 -0.1698156 0.01112713 0.9854131 -0.1706546 0.04116067 0.9844708 -0.1708266 0.0397407 0.9844994 -0.2190504 -0.02238274 0.9754567 -0.3381061 0.1400369 0.930631 -0.3351279 0.1518469 0.9298558 -0.4138363 0.3630445 0.8348283 -0.4025407 0.4117572 0.8175678 -0.2343732 0.03085872 0.9716569 -0.2340806 0.03865162 0.9714485 -0.3731598 0.215443 0.9024057 -0.3777065 0.2018846 0.9036484 -0.2929395 0.07849166 0.9529037 -0.2940182 0.06855914 0.9533378 -0.4062359 0.2714368 0.8725219 -0.3998063 0.2864939 0.8706757 -0.3465348 0.1176372 0.9306316 -0.344338 0.1296019 0.9298573 -0.4225181 0.346752 0.8374017 -0.4139114 0.3629905 0.8348145 -0.2361082 0.02325275 0.9714485 -0.2358904 0.01545668 0.9716567 -0.2667035 -0.008053639 0.9637449 -0.2302841 0.04937754 0.9718698 -0.3900984 0.176754 0.9036489 -0.386449 0.1905779 0.9024063 -0.2978721 0.04918492 0.9533378 -0.297445 0.05917014 0.9529036 -0.4176901 0.2597305 0.870675 -0.4231204 0.2442877 0.8725208 -0.3520806 0.1067978 0.9298567 -0.35349 0.09471589 0.9306309 -0.436765 0.335143 0.8348147 -0.444293 0.3183723 0.8374024 -0.3980865 0.1648941 0.9024062 -0.4008239 0.150862 0.9036487 -0.4475626 0.4223663 0.7882223 -0.4787893 0.4446647 0.7569902 -0.4503992 0.4010507 0.7976835 -0.4526557 0.3969684 0.7984478 -0.3004527 0.02958962 0.9533376 -0.3006797 0.03958417 0.9529034 -0.4381902 0.2160941 0.8725209 -0.4337807 0.2318618 0.8706747 -0.3589288 0.07140098 0.9306298 -0.358313 0.08354194 0.9298562 -0.4641673 0.2886312 0.8374013 -0.4577545 0.3058523 0.8348145 -0.4098344 0.1243164 0.9036488 -0.4080199 0.1385036 0.902406 -0.4776497 0.3665151 0.7984468 -0.468929 0.3848373 0.794988 -0.3136804 0.0005696781 0.9495284 -0.3598714 0.01088571 0.9329385 -0.3044003 0.04104281 0.9516596 -0.3026257 0.01982908 0.9529032 -0.451384 0.1869709 0.8725218 -0.4480142 0.2029987 0.870675 -0.4874817 0.4876788 0.7242452 -0.4846356 0.4429998 0.7542409 -0.3630092 0.05993985 0.9298556 -0.3628293 0.0477661 0.9306306 -0.4767686 0.275271 0.8348159 -0.4820438 0.2576591 0.8374041 -0.4162035 0.1115205 0.9024067 -0.4170863 0.09724513 0.9036495 -0.4930946 0.3533459 0.7949871 -0.5006027 0.3344817 0.7984478 -0.4626475 0.1570471 0.8725213 -0.4603339 0.1732557 0.8706751 -0.5061381 0.4153738 0.7558364 -0.4961144 0.4350744 0.7513859 -0.4052436 0.002782035 0.9142045 -0.3636804 0.03079423 0.9310146 -0.3661524 0.03605885 0.9298561 -0.3651771 0.02392766 0.9306305 -0.4937578 0.2434869 0.8348158 -0.4978655 0.2255867 0.8374011 -0.4225528 0.06977166 0.9036487 -0.4226055 0.08405813 0.9024072 -0.5213977 0.3010384 0.7984487 -0.515144 0.3203393 0.7949902 -0.4719263 0.1264512 0.8725226 -0.4706773 0.1427828 0.8706756 -0.5322192 0.3813822 0.7558374 -0.5235038 0.4016999 0.751386 -0.5086238 0.2106842 0.8348137 -0.5115552 0.1925338 0.837402 -0.5246415 0.4736686 0.707382 -0.5250254 0.4990391 0.6894261 -0.5296276 0.4644643 0.7097658 -0.4271999 0.05624622 0.902406 -0.4262115 0.0419735 0.9036493 -0.5349972 0.2859595 0.7949875 -0.5399781 0.2662796 0.7984478 -0.479189 0.09531283 0.8725213 -0.4790109 0.111682 0.8706754 -0.556022 0.3457591 0.7558373 -0.5486551 0.3666004 0.7513865 -0.5213151 0.1769605 0.8348147 -0.5230519 0.158671 0.8374009 -0.5588661 0.4288344 0.7097674 -0.5488195 0.4504067 0.7042236 -0.4299613 0.02818308 0.9024073 -0.4314301 0.03949638 0.9012814 -0.4495972 -0.008093524 0.8931947 -0.5562343 0.2304056 0.7984465 -0.552554 0.2503538 0.7949887 -0.5472906 0.5234107 0.6530806 -0.5638879 0.5509593 0.6152026 -0.5545741 0.508873 0.658404 -0.4843934 0.06377646 0.8725225 -0.4852865 0.0801269 0.870676 -0.5714559 0.3299341 0.7513866 -0.5774459 0.3086485 0.7558388 -0.5323113 0.1241091 0.8374017 -0.531774 0.1424898 0.8348132 -0.5857188 0.3913656 0.7097651 -0.5771065 0.4135441 0.7042226 -0.5701156 0.1935259 0.7984459 -0.5677463 0.2136848 0.7949861 -0.5804352 0.476353 0.6604413 -0.5689391 0.4989463 0.6537284 -0.4927827 0.02136154 0.8698902 -0.5349514 0.01349484 0.8447751 -0.4875298 0.03195658 0.8725213 -0.4894898 0.04820868 0.8706754 -0.488091 0.0297979 0.8722839 -0.596396 0.2702179 0.75584 -0.5918114 0.291848 0.7513881 -0.539284 0.08904257 0.8374032 -0.5399495 0.1074067 0.8348164 -0.6100597 0.3522223 0.7097651 -0.6029156 0.3749194 0.7042217 -0.5805051 0.1760954 0.794987 -0.5815506 0.1558275 0.7984465 -0.600354 0.4606682 0.6537277 -0.6103501 0.4373659 0.6604421 -0.6096332 0.2525119 0.7513887 -0.6127919 0.2306388 0.7558385 -0.5885898 0.5383933 0.6030712 -0.5929345 0.5630445 0.5756818 -0.5968686 0.5234399 0.6080778 -0.5439556 0.05357289 0.8374022 -0.5458211 0.07185678 0.834815 -0.6317893 0.3115629 0.7097682 -0.6261424 0.3346886 0.7042224 -0.590777 0.1377564 0.7949878 -0.5904948 0.1174611 0.7984478 -0.6291961 0.4204156 0.65373 -0.6376448 0.3965156 0.6604428 -0.6265647 0.1900675 0.755838 -0.6248429 0.2121048 0.7513872 -0.6298243 0.4832816 0.6080792 -0.6183215 0.5074466 0.6001471 -0.5493515 0.03600644 0.8348153 -0.575794 -0.006515138 0.8175689 -0.5493367 0.03591635 0.8348289 -0.6466953 0.293009 0.7042237 -0.6508163 0.2695701 0.7097676 -0.6037009 0.5910594 0.5349711 -0.6296708 0.6005562 0.4927951 -0.6158485 0.5642231 0.5498937 -0.5969163 0.07858341 0.7984458 -0.598525 0.09881232 0.7949868 -0.6553459 0.378365 0.6537291 -0.6622119 0.3539687 0.6604404 -0.6376557 0.1486875 0.7558355 -0.637379 0.170783 0.7513861 -0.650191 0.4659143 0.6001463 -0.660086 0.4410556 0.608076 -0.6670482 0.2264315 0.7097715 -0.6644685 0.2500928 0.7042266 -0.630982 0.5533604 0.5437407 -0.6441039 0.5286059 0.5529067 -0.6037043 0.05946461 0.7949876 -0.6007749 0.03937692 0.7984478 -0.6151345 0.01781627 0.7882208 -0.6529806 0.02412919 0.7569902 -0.6020648 0.03489847 0.7976842 -0.6839511 0.3098891 0.660439 -0.6786931 0.3346933 0.6537247 -0.6471835 0.1287418 0.7513848 -0.6460132 0.1066523 0.7558388 -0.6875186 0.39694 0.6080763 -0.6792689 0.4223977 0.6001449 -0.680431 0.1823186 0.7097701 -0.6794049 0.2060907 0.704227 -0.6658232 0.5109066 0.5437406 -0.6773008 0.4853407 0.5529087 -0.6991297 0.2895856 0.6537261 -0.7027525 0.2645021 0.6604373 -0.649245 0.6135642 0.4494662 -0.6411914 0.5932264 0.4867814 -0.6531904 0.5728368 0.4951772 -0.6542166 0.08612429 0.7513875 -0.651607 0.06418301 0.7558365 -0.7120085 0.3511226 0.6080764 -0.7054412 0.3770663 0.6001447 -0.6908985 0.1374379 0.7097675 -0.691429 0.1612168 0.7042266 -0.7075923 0.4400104 0.552905 -0.6978171 0.4662573 0.5437421 -0.7165712 0.2432492 0.6537243 -0.7185472 0.2179641 0.6604405 -0.6760978 0.5548576 0.4847936 -0.6892589 0.5288897 0.4951746 -0.6584517 0.04315813 0.7513846 -0.6895428 -0.0001298253 0.724245 -0.6559408 0.02944678 0.7542377 -0.7285879 0.3301256 0.6001472 -0.7334458 0.3037997 0.6080815 -0.6505673 0.6422976 0.4052359 -0.6636533 0.610639 0.4320698 -0.7004975 0.1156519 0.7042215 -0.6984115 0.09194231 0.7097663 -0.7348526 0.392787 0.5529107 -0.7268096 0.4196339 0.5437419 -0.7312633 0.1705047 0.6604408 -0.7309456 0.1958537 0.6537277 -0.72238 0.4826694 0.4951741 -0.7109423 0.5094501 0.4847905 -0.7486182 0.2817606 0.6001514 -0.7517422 0.2551884 0.608081 -0.695992 0.5711843 0.4351363 -0.6810566 0.597271 0.4235908 -0.7059093 0.03604706 0.7073844 -0.7065599 0.06958821 0.7042233 -0.7241284 0.018371 0.6894204 -0.7029288 0.04607338 0.7097664 -0.7527007 0.3711913 0.543745 -0.7589672 0.3438905 0.5529088 -0.7408485 0.1223138 0.6604414 -0.7421893 0.1476303 0.653728 -0.742736 0.4618628 0.4847947 -0.7523932 0.4344049 0.4951735 -0.7668256 0.2054676 0.6080802 -0.765446 0.2321957 0.6001481 -0.7186629 0.5514473 0.4235913 -0.7318601 0.5244395 0.4351368 -0.7753735 0.3211617 0.5437382 -0.7798405 0.2935119 0.5529011 -0.6821958 0.6355694 0.3614699 -0.6816157 0.6371819 0.359721 -0.6925105 0.6497128 0.3135322 -0.6975653 0.6117487 0.3730497 -0.7502571 0.09876877 0.6537271 -0.7472637 0.07359708 0.6604396 -0.7713504 0.4123057 0.4847913 -0.779196 0.3842573 0.4951767 -0.778996 0.1816279 0.6001471 -0.7786248 0.1548778 0.608076 -0.7531882 0.5032654 0.4235936 -0.7645906 0.4754528 0.435139 -0.7973655 0.2418783 0.5529042 -0.7947149 0.2697749 0.5437367 -0.7360824 0.5648138 0.3730523 -0.7210513 0.5917553 0.3604311 -0.7519677 0.03230676 0.6584079 -0.7551087 0.04949798 0.6537284 -0.7570993 0.01686993 0.6530819 -0.7883131 0.009126127 0.6152066 -0.8026643 0.3324656 0.4951734 -0.796672 0.3609585 0.4847914 -0.6972256 0.6475534 0.3074914 -0.6859862 0.6769707 0.266709 -0.7870839 0.1036169 0.608081 -0.7892053 0.1303042 0.6001464 -0.784492 0.4529248 0.4235936 -0.7940471 0.4244376 0.4351343 -0.8106602 0.2172105 0.5437366 -0.8114804 0.1892018 0.5529036 -0.7714463 0.5154651 0.3730502 -0.7582131 0.5433244 0.3604323 -0.8226831 0.279269 0.4951781 -0.818567 0.3080921 0.4847961 -0.718233 0.6298751 0.2956327 -0.7351276 0.6033074 0.3092046 -0.8173999 0.02113412 0.5756827 -0.7960361 0.07839932 0.60015 -0.7921767 0.05192782 0.6080785 -0.7968989 0.0354914 0.6030692 -0.8201135 0.3715794 0.435135 -0.8124367 0.400651 0.4235863 -0.8231277 0.1637294 0.5437403 -0.8221147 0.1357379 0.5529038 -0.8035082 0.4639038 0.3730521 -0.7921228 0.4925758 0.3604311 -0.8391922 0.2248555 0.4951731 -0.8369704 0.2538851 0.4847915 -0.7730142 0.5539307 0.3092082 -0.7578893 0.5815539 0.2956327 -0.8426543 0.317158 0.4351374 -0.8368978 0.3466559 0.4235938 -0.729138 0.6394386 0.2438769 -0.7102932 0.6689691 0.2190067 -0.7217442 0.6707404 0.1708584 -0.7139403 0.6605847 0.2322005 -0.8320747 0.1095496 0.5437376 -0.8292315 0.08166863 0.5529063 -0.8226401 0.4397155 0.3604352 -0.8321258 0.4103607 0.3730559 -0.8520995 0.1694923 0.4951754 -0.851781 0.1986078 0.4847929 -0.7943021 0.5307377 0.2956378 -0.8075849 0.5021908 0.3092101 -0.8577787 0.2911797 0.4235916 -0.8615953 0.2613548 0.4351405 -0.7523823 0.6174553 0.2294989 -0.7693983 0.5903851 0.2438681 -0.834435 0.03650235 0.5498963 -0.8448212 0.008937596 0.5349743 -0.8699008 0.02058618 0.4927969 -0.8374559 0.05488941 0.5437416 -0.8496423 0.3849618 0.3604335 -0.8571852 0.3550593 0.3730502 -0.7156453 0.6751423 0.1789826 -0.7087748 0.6947352 0.1223986 -0.8629435 0.1424807 0.4847967 -0.8613572 0.1134049 0.49518 -0.827316 0.4776481 0.2956357 -0.8387009 0.4483003 0.3092049 -0.8749856 0.2344479 0.423597 -0.8768424 0.2044513 0.4351403 -0.8063655 0.5387982 0.2438675 -0.7911509 0.5669332 0.2294929 -0.8785701 0.2982376 0.3730535 -0.872997 0.3285796 0.3604327 -0.7607612 0.6243315 0.1773484 -0.7418662 0.6505983 0.1623461 -0.8728657 0.03392284 0.48678 -0.8669335 0.05682147 0.4951743 -0.8929403 0.0252373 0.4494672 -0.8704172 0.08572326 0.4847941 -0.8567847 0.4225194 0.2956303 -0.8662295 0.3924774 0.3092053 -0.8883364 0.1466733 0.4351385 -0.8884452 0.1767247 0.423596 -0.8398793 0.4849014 0.2438717 -0.8265348 0.5139772 0.2294943 -0.896198 0.2401317 0.3730495 -0.892622 0.2707687 0.3604306 -0.7999597 0.5732456 0.1773525 -0.7828266 0.6006862 0.1623532 -0.8900397 0.3349942 0.3092057 -0.8825826 0.3655783 0.2956357 -0.724879 0.6849394 0.07354105 -0.7472825 0.6553482 0.1099435 -0.7309541 0.6753943 0.09771765 -0.7568628 0.6528746 0.03022273 -0.7333429 0.6787629 0.0385879 -0.8981059 0.1182321 0.4235882 -0.8960312 0.08824585 0.4351329 -0.8697946 0.4289351 0.243869 -0.8583844 0.458811 0.2294967 -0.9084186 0.2118133 0.3604314 -0.9099832 0.1810089 0.3730499 -0.8204374 0.5482007 0.162353 -0.8357382 0.5197003 0.1773512 -0.9100467 0.2760543 0.3092072 -0.9046035 0.307074 0.2956315 -0.769549 0.6315543 0.09451683 -0.7723292 0.6338359 0.04195059 -0.7879859 0.6149512 0.03022179 -0.7885428 0.6050723 0.1099444 -0.9039124 0.05925369 0.4235933 -0.9141974 0.005837767 0.4052271 -0.9010587 0.0374921 0.4320736 -0.895986 0.3711302 0.2438678 -0.8865532 0.4016912 0.2294942 -0.9198741 0.1210978 0.373051 -0.9203278 0.1519462 0.3604293 -0.8545364 0.4933662 0.1623496 -0.8679429 0.4639201 0.1773506 -0.9261513 0.215948 0.3092091 -0.9227495 0.2472494 0.2956368 -0.8264284 0.5522038 0.1099415 -0.812197 0.5820107 0.03999395 -0.8171061 0.5754759 0.03413357 -0.8443636 0.5346821 0.03413373 -0.8092086 0.5798692 0.09451534 -0.9183402 0.311737 0.2438675 -0.9109263 0.3428498 0.2294937 -0.931803 0.03295755 0.361465 -0.9325283 0.03141736 0.3597277 -0.9490942 0.03026033 0.3135357 -0.9258227 0.06068996 0.3730537 -0.928292 0.09143323 0.3604358 -0.8964235 0.4061633 0.1773593 -0.8849703 0.4364264 0.1623563 -0.9382938 0.1549124 0.3092037 -0.9369468 0.1863634 0.2956339 -0.8453984 0.5257077 0.09451512 -0.8607755 0.4969684 0.1099453 -0.8485205 0.5276491 0.03999143 -0.8696879 0.4926763 0.03021936 -0.9367618 0.251004 0.2438735 -0.9313972 0.2825441 0.2294955 -0.9116236 0.3776008 0.1623578 -0.9210687 0.3466672 0.1773539 -0.9471269 0.1247009 0.2956355 -0.9464141 0.09321819 0.3092099 -0.8914328 0.4396135 0.1099434 -0.8811448 0.4709823 0.04194926 -0.8928159 0.4494066 0.03022089 -0.8779728 0.4692868 0.0945184 -0.9478837 0.2210134 0.2294986 -0.9511734 0.1891931 0.243875 -0.9417693 0.2856906 0.1773456 -0.9343687 0.3171705 0.1623519 -0.9637586 0.006377603 0.2666995 -0.953257 0.06247187 0.295632 -0.950904 0.03512869 0.3074856 -0.9182819 0.3803586 0.1099354 -0.90679 0.4108526 0.09450891 -0.9101382 0.4123696 0.03999463 -0.9136797 0.4049993 0.03413164 -0.9324457 0.3596945 0.03413157 -0.9603091 0.1585419 0.2295012 -0.9615102 0.1265946 0.2438686 -0.9531101 0.255392 0.1623457 -0.9584395 0.2234747 0.1773492 -0.9317142 0.3506791 0.09451331 -0.9411909 0.3194863 0.1099461 -0.9490952 0.313536 0.03022422 -0.9351548 0.3519741 0.03999808 -0.9686247 0.09539892 0.2294891 -0.9752837 0.02923152 0.2190146 -0.9846376 0.0360796 0.1708422 -0.9719378 0.03772904 0.2321929 -0.967733 0.06342056 0.243866 -0.9710039 0.1603076 0.1773501 -0.967774 0.1924992 0.1623494 -0.9600683 0.2572566 0.1099452 -0.952656 0.2889851 0.0945207 -0.9633381 0.2665831 0.03021911 -0.9560979 0.2900291 0.04195144 -0.9794086 0.09646101 0.1773528 -0.9782913 0.1287934 0.1623529 -0.9748405 0.1939048 0.1099415 -0.9730985 0.2268927 0.0399894 -0.9751321 0.2189805 0.03413185 -0.984705 0.1708539 0.03413193 -0.9695179 0.2260579 0.09451336 -0.9924291 0.009903513 0.1224187 -0.9834315 0.02861753 0.1790066 -0.984619 0.06454157 0.1623574 -0.9858543 0.1627633 0.03999117 -0.982227 0.1621644 0.09451431 -0.9920244 0.1223688 0.03022322 -0.9854349 0.1297338 0.1099417 -0.9944385 0.03928743 0.09771711 -0.9918091 0.06501288 0.1099453 -0.9943078 0.09793714 0.04195542 -0.9907289 0.09758463 0.09451752 -0.9985101 0.03858401 0.03858401 -0.9968936 0.02823526 0.07352515 -0.9968357 0.07352088 0.03021909 -0.7242488 0.6895387 0 -0.7242488 0.6895387 0 -0.7572087 0.653173 0 -0.7572087 0.653173 0 -0.7883459 0.6152322 0 -0.7883459 0.6152322 0 -0.8175826 0.5758114 0 -0.8175826 0.5758114 0 -0.844856 0.5349938 0 -0.844856 0.5349938 0 -0.8700852 0.4929014 0 -0.8700852 0.4929014 0 -0.8932239 0.449612 0 -0.9142123 0.4052354 0 -0.8932239 0.449612 0 -0.9329892 0.3599041 0 -0.9142123 0.4052354 0 -0.9329892 0.3599041 0 -0.949529 0.3136793 0 -0.9637783 0.2667049 0 -0.949529 0.3136793 0 -0.9637783 0.2667049 0 -0.9757006 0.2191082 0 -0.9852791 0.1709535 0 -0.9757006 0.2191082 0 -0.9852791 0.1709535 0 -0.9924778 0.1224247 0 -0.9924778 0.1224247 0 -0.9972911 0.07355448 0 -0.9972911 0.07355448 0 -0.9996988 0.02454402 0 -0.9996988 0.02454402 0</float_array>
          <technique_common>
            <accessor count="5912" source="#cubenormals-array0-array" stride="3">
              <param type="float" name="X"/>
              <param type="float" name="Y"/>
              <param type="float" name="Z"/>
            </accessor>
          </technique_common>
        </source>
        <vertices id="cubeverts-array0-vertices">
          <input semantic="POSITION" source="#cubeverts-array0"/>
        </vertices>
        <triangles count="5912" material="ref_Body001">
          <input offset="0" semantic="VERTEX" source="#cubeverts-array0-vertices"/>
          <input offset="1" semantic="NORMAL" source="#cubenormals-array0"/>
          <p>0 0 1 0 2 0 2 1 1 1 3 1 4 2 5 2 6 2 5 3 7 3 6 3 7 4 8 4 6 4 8 5 9 5 6 5 8 6 10 6 9 6 11 7 12 7 8 7 8 8 13 8 11 8 12 9 14 9 8 9 7 10 15 10 8 10 8 11 15 11 13 11 14 12 16 12 8 12 7 13 17 13 15 13 16 14 18 14 8 14 7 15 19 15 17 15 18 16 20 16 8 16 7 17 21 17 19 17 20 18 22 18 8 18 22 19 23 19 8 19 23 20 24 20 8 20 24 21 25 21 8 21 26 22 27 22 28 22 7 23 29 23 21 23 26 24 29 24 27 24 21 25 29 25 26 25 27 26 30 26 28 26 28 27 30 27 31 27 7 28 32 28 29 28 31 29 33 29 34 29 30 30 33 30 31 30 7 31 35 31 32 31 33 32 36 32 34 32 34 33 36 33 37 33 7 34 38 34 35 34 37 35 39 35 40 35 36 36 39 36 37 36 7 37 41 37 38 37 40 38 42 38 43 38 39 39 42 39 40 39 7 40 44 40 41 40 42 41 45 41 43 41 43 42 45 42 46 42 7 43 47 43 44 43 46 44 48 44 49 44 45 45 48 45 46 45 49 46 50 46 51 46 48 47 50 47 49 47 25 48 52 48 8 48 53 49 52 49 25 49 54 50 52 50 53 50 51 51 55 51 56 51 50 52 55 52 51 52 57 53 58 53 54 53 59 54 58 54 57 54 60 55 58 55 59 55 54 56 58 56 52 56 56 57 61 57 62 57 55 58 61 58 56 58 60 59 63 59 58 59 64 60 63 60 60 60 65 61 63 61 64 61 66 62 63 62 65 62 67 63 63 63 66 63 68 64 63 64 67 64 69 65 63 65 68 65 70 66 63 66 69 66 61 67 71 67 62 67 62 68 71 68 72 68 70 69 73 69 63 69 72 70 74 70 75 70 71 71 74 71 72 71 74 72 76 72 75 72 76 73 77 73 75 73 75 74 77 74 78 74 77 75 79 75 78 75 78 76 79 76 80 76 81 77 82 77 83 77 84 78 82 78 81 78 85 79 82 79 84 79 86 80 82 80 85 80 80 81 82 81 86 81 87 82 88 82 79 82 89 83 88 83 87 83 90 84 88 84 89 84 91 85 88 85 90 85 79 86 88 86 80 86 80 87 88 87 82 87 91 88 92 88 88 88 93 89 94 89 95 89 96 90 97 90 93 90 93 91 97 91 94 91 95 92 98 92 99 92 94 93 98 93 95 93 100 94 101 94 96 94 96 95 101 95 97 95 99 96 102 96 103 96 98 97 102 97 99 97 47 98 104 98 100 98 7 99 104 99 47 99 100 100 104 100 101 100 103 101 105 101 106 101 102 102 105 102 103 102 7 103 107 103 104 103 105 104 108 104 106 104 106 105 108 105 109 105 7 106 110 106 107 106 109 107 111 107 112 107 108 108 111 108 109 108 7 109 113 109 110 109 112 110 114 110 115 110 111 111 114 111 112 111 7 112 116 112 113 112 114 113 117 113 115 113 115 114 117 114 118 114 7 115 119 115 116 115 117 116 120 116 118 116 118 117 120 117 121 117 120 118 122 118 121 118 121 119 122 119 123 119 122 120 124 120 123 120 123 121 124 121 125 121 124 122 126 122 125 122 126 123 127 123 125 123 125 124 127 124 128 124 127 125 129 125 128 125 128 126 129 126 130 126 131 127 132 127 133 127 134 128 132 128 131 128 135 129 132 129 134 129 136 130 132 130 135 130 130 131 132 131 136 131 129 132 137 132 130 132 138 133 137 133 129 133 139 134 137 134 138 134 130 135 137 135 132 135 140 136 137 136 139 136 140 137 141 137 137 137 141 138 142 138 137 138 143 139 144 139 145 139 145 140 146 140 147 140 144 141 146 141 145 141 148 142 149 142 143 142 143 143 149 143 144 143 147 144 150 144 151 144 146 145 150 145 147 145 152 146 153 146 148 146 148 147 153 147 149 147 151 148 154 148 155 148 150 149 154 149 151 149 152 150 156 150 153 150 157 151 156 151 152 151 155 152 158 152 159 152 154 153 158 153 155 153 119 154 160 154 157 154 157 155 160 155 156 155 159 156 161 156 162 156 158 157 161 157 159 157 7 158 163 158 119 158 119 159 163 159 160 159 162 160 164 160 165 160 161 161 164 161 162 161 7 162 166 162 163 162 165 163 167 163 168 163 164 164 167 164 165 164 7 165 169 165 166 165 168 166 170 166 171 166 167 167 170 167 168 167 7 168 172 168 169 168 171 169 173 169 174 169 170 170 173 170 171 170 7 171 175 171 172 171 176 172 177 172 178 172 174 173 177 173 176 173 173 174 177 174 174 174 177 175 179 175 178 175 178 176 179 176 180 176 179 177 181 177 180 177 182 178 183 178 184 178 185 179 183 179 182 179 186 180 183 180 185 180 187 181 183 181 186 181 180 182 183 182 187 182 181 183 183 183 180 183 188 184 189 184 181 184 190 185 189 185 188 185 191 186 189 186 190 186 181 187 189 187 183 187 191 188 192 188 189 188 192 189 193 189 189 189 194 190 195 190 196 190 194 191 197 191 195 191 198 192 197 192 194 192 196 193 199 193 200 193 195 194 199 194 196 194 201 195 202 195 198 195 198 196 202 196 197 196 200 197 203 197 204 197 199 198 203 198 200 198 205 199 206 199 201 199 201 200 206 200 202 200 204 201 207 201 208 201 203 202 207 202 204 202 205 203 209 203 206 203 210 204 209 204 205 204 207 205 211 205 208 205 208 206 211 206 212 206 210 207 213 207 209 207 214 208 213 208 210 208 211 209 215 209 212 209 212 210 215 210 216 210 214 211 217 211 213 211 218 212 217 212 214 212 215 213 219 213 216 213 216 214 219 214 220 214 218 215 221 215 217 215 7 216 221 216 175 216 175 217 221 217 218 217 219 218 222 218 220 218 220 219 222 219 223 219 7 220 224 220 221 220 222 221 225 221 223 221 7 222 226 222 224 222 225 223 227 223 223 223 223 224 227 224 228 224 7 225 229 225 226 225 230 226 231 226 232 226 233 227 231 227 230 227 234 228 231 228 233 228 235 229 231 229 234 229 236 230 231 230 235 230 227 231 237 231 228 231 228 232 237 232 236 232 238 233 239 233 7 233 7 234 239 234 229 234 236 235 240 235 231 235 237 236 240 236 236 236 241 237 240 237 237 237 242 238 240 238 241 238 242 239 243 239 240 239 243 240 244 240 240 240 244 241 245 241 240 241 246 242 247 242 248 242 248 243 249 243 250 243 247 244 249 244 248 244 251 245 252 245 246 245 246 246 252 246 247 246 249 247 253 247 250 247 250 248 253 248 254 248 251 249 255 249 252 249 256 250 255 250 251 250 253 251 257 251 254 251 254 252 257 252 258 252 259 253 260 253 256 253 256 254 260 254 255 254 257 255 261 255 258 255 258 256 261 256 262 256 259 257 263 257 260 257 264 258 263 258 259 258 261 259 265 259 262 259 262 260 265 260 266 260 267 261 268 261 264 261 264 262 268 262 263 262 266 263 269 263 270 263 265 264 269 264 266 264 271 265 272 265 273 265 274 266 272 266 271 266 275 267 272 267 274 267 276 268 272 268 275 268 277 269 272 269 276 269 278 270 279 270 267 270 267 271 279 271 268 271 280 272 281 272 282 272 270 273 281 273 280 273 269 274 281 274 270 274 278 275 283 275 279 275 239 276 283 276 278 276 282 277 284 277 277 277 281 278 284 278 282 278 239 279 285 279 283 279 238 280 285 280 239 280 284 281 286 281 277 281 277 282 286 282 272 282 238 283 287 283 285 283 238 284 288 284 287 284 289 285 290 285 286 285 286 286 290 286 272 286 289 287 291 287 290 287 238 288 292 288 288 288 291 289 293 289 290 289 238 290 294 290 292 290 293 291 295 291 290 291 295 292 296 292 290 292 297 293 298 293 299 293 300 294 298 294 297 294 301 295 298 295 300 295 302 296 298 296 301 296 303 297 298 297 302 297 304 298 305 298 306 298 304 299 307 299 305 299 308 300 307 300 304 300 306 301 309 301 310 301 305 302 309 302 306 302 308 303 311 303 307 303 312 304 311 304 308 304 310 305 313 305 314 305 309 306 313 306 310 306 312 307 315 307 311 307 316 308 315 308 312 308 314 309 317 309 318 309 313 310 317 310 314 310 316 311 319 311 315 311 320 312 319 312 316 312 318 313 321 313 322 313 317 314 321 314 318 314 320 315 323 315 319 315 324 316 323 316 320 316 321 317 325 317 322 317 324 318 326 318 323 318 327 319 326 319 324 319 325 320 328 320 322 320 322 321 328 321 329 321 327 322 330 322 326 322 331 323 330 323 327 323 328 324 332 324 329 324 329 325 332 325 303 325 332 326 333 326 303 326 303 327 333 327 298 327 331 328 334 328 330 328 335 329 334 329 331 329 332 330 336 330 333 330 335 331 337 331 334 331 338 332 337 332 335 332 336 333 339 333 333 333 338 334 340 334 337 334 238 335 340 335 294 335 294 336 340 336 338 336 339 337 341 337 333 337 238 338 342 338 340 338 341 339 343 339 333 339 238 340 344 340 342 340 343 341 345 341 333 341 238 342 346 342 344 342 238 343 347 343 346 343 238 344 348 344 347 344 349 345 350 345 351 345 352 346 350 346 349 346 353 347 350 347 352 347 354 348 350 348 353 348 355 349 350 349 354 349 356 350 357 350 358 350 358 351 359 351 360 351 357 352 359 352 358 352 361 353 362 353 356 353 356 354 362 354 357 354 360 355 363 355 364 355 359 356 363 356 360 356 365 357 366 357 361 357 361 358 366 358 362 358 364 359 367 359 368 359 363 360 367 360 364 360 365 361 369 361 366 361 370 362 369 362 365 362 371 363 372 363 373 363 368 364 372 364 371 364 367 365 372 365 368 365 374 366 375 366 370 366 370 367 375 367 369 367 373 368 376 368 355 368 372 369 376 369 373 369 374 370 377 370 375 370 378 371 377 371 374 371 376 372 379 372 355 372 355 373 379 373 350 373 350 374 379 374 380 374 381 375 382 375 378 375 378 376 382 376 377 376 379 377 383 377 380 377 381 378 384 378 382 378 385 379 384 379 381 379 383 380 386 380 380 380 387 381 388 381 385 381 385 382 388 382 384 382 386 383 389 383 380 383 348 384 390 384 387 384 387 385 390 385 388 385 389 386 391 386 380 386 238 387 392 387 348 387 348 388 392 388 390 388 391 389 393 389 380 389 238 390 394 390 392 390 238 391 395 391 394 391 238 392 396 392 395 392 238 393 397 393 396 393 238 394 398 394 397 394 238 395 399 395 398 395 400 396 401 396 402 396 403 397 401 397 400 397 404 398 401 398 403 398 405 399 401 399 404 399 406 400 401 400 405 400 406 401 407 401 401 401 408 402 409 402 410 402 410 403 411 403 412 403 409 404 411 404 410 404 413 405 414 405 408 405 408 406 414 406 409 406 411 407 415 407 412 407 413 408 416 408 414 408 417 409 416 409 413 409 415 410 418 410 412 410 412 411 418 411 419 411 420 412 421 412 417 412 417 413 421 413 416 413 406 414 422 414 407 414 418 415 422 415 419 415 419 416 422 416 406 416 420 417 423 417 421 417 424 418 423 418 420 418 422 419 425 419 407 419 424 420 426 420 423 420 427 421 426 421 424 421 425 422 428 422 407 422 427 423 429 423 426 423 430 424 429 424 427 424 428 425 431 425 407 425 430 426 432 426 429 426 433 427 432 427 430 427 431 428 434 428 407 428 433 429 435 429 432 429 436 430 435 430 433 430 434 431 437 431 407 431 436 432 438 432 435 432 439 433 438 433 436 433 439 434 440 434 438 434 441 435 440 435 439 435 441 436 442 436 440 436 443 437 442 437 441 437 443 438 444 438 442 438 238 439 444 439 399 439 399 440 444 440 443 440 238 441 445 441 444 441 238 442 446 442 445 442 238 443 447 443 446 443 238 444 448 444 447 444 238 445 449 445 448 445 238 446 450 446 449 446 451 447 452 447 453 447 454 448 452 448 451 448 455 449 452 449 454 449 456 450 452 450 455 450 457 451 452 451 456 451 458 452 459 452 460 452 461 453 459 453 458 453 461 454 462 454 459 454 463 455 462 455 461 455 460 456 464 456 457 456 459 457 464 457 460 457 463 458 465 458 462 458 466 459 465 459 463 459 464 460 467 460 457 460 452 461 467 461 468 461 457 462 467 462 452 462 469 463 470 463 466 463 466 464 470 464 465 464 467 465 471 465 468 465 469 466 472 466 470 466 473 467 472 467 469 467 471 468 474 468 468 468 475 469 476 469 473 469 473 470 476 470 472 470 474 471 477 471 468 471 475 472 478 472 476 472 479 473 478 473 475 473 477 474 480 474 468 474 481 475 482 475 479 475 479 476 482 476 478 476 480 477 483 477 468 477 484 478 485 478 481 478 481 479 485 479 482 479 486 480 487 480 484 480 484 481 487 481 485 481 488 482 489 482 486 482 486 483 489 483 487 483 488 484 490 484 489 484 491 485 490 485 488 485 492 486 493 486 491 486 491 487 493 487 490 487 450 488 494 488 492 488 492 489 494 489 493 489 450 490 495 490 494 490 238 491 495 491 450 491 238 492 496 492 495 492 238 493 497 493 496 493 238 494 498 494 497 494 238 495 499 495 498 495 238 496 500 496 499 496 238 497 501 497 500 497 502 498 503 498 504 498 505 499 503 499 502 499 506 500 503 500 505 500 507 501 503 501 506 501 508 502 503 502 507 502 508 503 509 503 503 503 510 504 511 504 512 504 512 505 513 505 508 505 508 506 513 506 509 506 511 507 513 507 512 507 510 508 514 508 511 508 513 509 515 509 509 509 510 510 516 510 514 510 517 511 516 511 510 511 515 512 518 512 509 512 517 513 519 513 516 513 520 514 519 514 517 514 518 515 521 515 509 515 520 516 522 516 519 516 523 517 522 517 520 517 521 518 524 518 509 518 523 519 525 519 522 519 526 520 525 520 523 520 524 521 527 521 509 521 526 522 528 522 525 522 529 523 528 523 526 523 529 524 530 524 528 524 531 525 530 525 529 525 532 526 533 526 531 526 531 527 533 527 530 527 532 528 534 528 533 528 535 529 534 529 532 529 536 530 537 530 535 530 535 531 537 531 534 531 536 532 538 532 537 532 539 533 538 533 536 533 539 534 540 534 538 534 541 535 540 535 539 535 541 536 542 536 540 536 543 537 542 537 541 537 543 538 544 538 542 538 545 539 544 539 543 539 238 540 546 540 501 540 545 541 546 541 544 541 501 542 546 542 545 542 238 543 547 543 546 543 238 544 548 544 547 544 238 545 549 545 548 545 550 546 551 546 552 546 553 547 551 547 550 547 554 548 551 548 553 548 555 549 551 549 554 549 556 550 551 550 555 550 551 551 557 551 558 551 558 552 557 552 559 552 556 553 557 553 551 553 559 554 560 554 558 554 561 555 562 555 556 555 556 556 562 556 557 556 560 557 563 557 558 557 564 558 565 558 561 558 566 559 565 559 564 559 561 560 565 560 562 560 563 561 567 561 558 561 566 562 568 562 565 562 569 563 568 563 566 563 567 564 570 564 558 564 569 565 571 565 568 565 572 566 571 566 569 566 573 567 574 567 572 567 572 568 574 568 571 568 575 569 576 569 573 569 573 570 576 570 574 570 577 571 578 571 575 571 575 572 578 572 576 572 579 573 580 573 577 573 577 574 580 574 578 574 581 575 582 575 579 575 579 576 582 576 580 576 583 577 584 577 581 577 581 578 584 578 582 578 585 579 586 579 583 579 583 580 586 580 584 580 587 581 588 581 585 581 585 582 588 582 586 582 589 583 590 583 587 583 587 584 590 584 588 584 591 585 592 585 589 585 589 586 592 586 590 586 593 587 594 587 591 587 591 588 594 588 592 588 593 589 595 589 594 589 596 590 597 590 598 590 599 591 597 591 596 591 600 592 597 592 599 592 601 593 597 593 600 593 602 594 597 594 601 594 603 595 604 595 605 595 605 596 606 596 603 596 604 597 607 597 605 597 597 598 608 598 605 598 605 599 608 599 606 599 602 600 608 600 597 600 607 601 609 601 605 601 602 602 610 602 608 602 611 603 610 603 602 603 612 604 613 604 611 604 614 605 613 605 612 605 611 606 613 606 610 606 614 607 615 607 613 607 616 608 615 608 614 608 616 609 617 609 615 609 618 610 617 610 616 610 618 611 619 611 617 611 620 612 619 612 618 612 621 613 622 613 620 613 620 614 622 614 619 614 621 615 623 615 622 615 624 616 623 616 621 616 625 617 626 617 624 617 624 618 626 618 623 618 625 619 627 619 626 619 628 620 627 620 625 620 628 621 629 621 627 621 630 622 629 622 628 622 630 623 631 623 629 623 632 624 631 624 630 624 632 625 633 625 631 625 634 626 633 626 632 626 634 627 635 627 633 627 636 628 635 628 634 628 636 629 637 629 635 629 638 630 637 630 636 630 638 631 639 631 637 631 640 632 641 632 642 632 643 633 641 633 640 633 644 634 641 634 643 634 645 635 641 635 593 635 646 636 641 636 644 636 647 637 641 637 645 637 648 638 641 638 646 638 549 639 641 639 647 639 649 640 641 640 648 640 650 641 641 641 649 641 651 642 641 642 650 642 652 643 641 643 651 643 653 644 641 644 652 644 639 645 641 645 653 645 593 646 641 646 595 646 638 647 641 647 639 647 238 648 641 648 549 648 654 649 641 649 638 649 655 650 641 650 654 650 656 651 641 651 655 651 657 652 641 652 656 652 658 653 641 653 657 653 659 654 641 654 658 654 595 655 641 655 659 655 660 656 661 656 662 656 663 657 661 657 660 657 664 658 661 658 663 658 665 659 661 659 664 659 666 660 661 660 665 660 667 661 661 661 666 661 668 662 661 662 667 662 669 663 661 663 668 663 670 664 671 664 669 664 672 665 671 665 670 665 673 666 671 666 672 666 669 667 671 667 661 667 674 668 0 668 673 668 675 669 0 669 674 669 676 670 0 670 675 670 673 671 0 671 671 671 677 672 1 672 676 672 678 673 1 673 677 673 642 674 1 674 678 674 676 675 1 675 0 675 641 676 1 676 642 676 3 677 1 677 679 677 680 678 679 678 681 678 680 679 3 679 679 679 682 680 681 680 683 680 682 681 680 681 681 681 684 682 683 682 685 682 684 683 682 683 683 683 686 684 684 684 685 684 687 685 686 685 685 685 687 686 685 686 688 686 689 687 687 687 688 687 689 688 688 688 690 688 691 689 690 689 692 689 691 690 689 690 690 690 693 691 691 691 692 691 693 692 692 692 694 692 695 693 694 693 696 693 695 694 693 694 694 694 697 695 696 695 698 695 697 696 695 696 696 696 699 697 698 697 700 697 699 698 697 698 698 698 701 699 700 699 702 699 701 700 699 700 700 700 703 701 702 701 704 701 703 702 701 702 702 702 705 703 704 703 706 703 705 704 703 704 704 704 707 705 706 705 708 705 707 706 705 706 706 706 709 707 708 707 710 707 709 708 707 708 708 708 711 709 710 709 712 709 711 710 709 710 710 710 713 711 712 711 714 711 713 712 711 712 712 712 715 713 714 713 716 713 715 714 713 714 714 714 717 715 716 715 718 715 717 716 715 716 716 716 719 717 718 717 720 717 719 718 717 718 718 718 721 719 720 719 722 719 721 720 719 720 720 720 723 721 721 721 722 721 723 722 722 722 724 722 725 723 724 723 726 723 725 724 723 724 724 724 727 725 726 725 728 725 727 726 725 726 726 726 729 727 728 727 730 727 729 728 727 728 728 728 731 729 730 729 732 729 731 730 729 730 730 730 733 731 732 731 734 731 733 732 731 732 732 732 735 733 734 733 736 733 735 734 733 734 734 734 737 735 736 735 738 735 737 736 738 736 739 736 737 737 735 737 736 737 740 738 737 738 739 738 740 739 739 739 741 739 742 740 740 740 741 740 742 741 741 741 743 741 744 742 742 742 743 742 744 743 743 743 745 743 746 744 744 744 745 744 746 745 745 745 747 745 748 746 746 746 747 746 748 747 747 747 749 747 750 748 748 748 749 748 750 749 749 749 751 749 752 750 750 750 751 750 752 751 751 751 753 751 754 752 752 752 753 752 671 753 0 753 2 753 671 754 2 754 755 754 661 755 755 755 756 755 661 756 671 756 755 756 662 757 756 757 757 757 662 758 661 758 756 758 758 759 759 759 760 759 761 760 758 760 760 760 762 761 761 761 760 761 763 762 762 762 760 762 764 763 762 763 763 763 765 764 766 764 762 764 767 765 762 765 766 765 768 766 765 766 762 766 769 767 761 767 762 767 769 768 762 768 767 768 770 769 768 769 762 769 771 770 761 770 769 770 772 771 770 771 762 771 773 772 761 772 771 772 774 773 772 773 762 773 775 774 761 774 773 774 776 775 774 775 762 775 777 776 776 776 762 776 778 777 777 777 762 777 779 778 778 778 762 778 780 779 781 779 782 779 783 780 761 780 775 780 783 781 781 781 780 781 783 782 775 782 781 782 784 783 780 783 782 783 784 784 782 784 785 784 786 785 761 785 783 785 787 786 785 786 788 786 787 787 784 787 785 787 789 788 761 788 786 788 790 789 787 789 788 789 790 790 788 790 791 790 792 791 761 791 789 791 793 792 791 792 794 792 793 793 790 793 791 793 795 794 761 794 792 794 796 795 794 795 797 795 796 796 793 796 794 796 798 797 761 797 795 797 799 798 796 798 797 798 799 799 797 799 800 799 801 800 761 800 798 800 802 801 800 801 803 801 802 802 799 802 800 802 804 803 803 803 805 803 804 804 802 804 803 804 806 805 779 805 762 805 806 806 807 806 779 806 806 807 808 807 807 807 809 808 805 808 810 808 809 809 804 809 805 809 811 810 812 810 808 810 811 811 813 811 812 811 811 812 814 812 813 812 811 813 808 813 806 813 815 814 810 814 816 814 815 815 809 815 810 815 817 816 814 816 811 816 817 817 818 817 814 817 817 818 819 818 818 818 817 819 820 819 819 819 817 820 821 820 820 820 817 821 822 821 821 821 817 822 823 822 822 822 817 823 824 823 823 823 825 824 815 824 816 824 825 825 816 825 826 825 827 826 824 826 817 826 828 827 826 827 829 827 828 828 825 828 826 828 830 829 828 829 829 829 831 830 830 830 829 830 831 831 829 831 832 831 833 832 831 832 832 832 833 833 832 833 834 833 835 834 836 834 837 834 835 835 838 835 836 835 835 836 839 836 838 836 835 837 840 837 839 837 835 838 834 838 840 838 841 839 842 839 833 839 841 840 843 840 842 840 841 841 844 841 843 841 841 842 845 842 844 842 841 843 833 843 834 843 841 844 834 844 835 844 846 845 845 845 841 845 847 846 848 846 849 846 850 847 851 847 848 847 850 848 848 848 847 848 852 849 849 849 853 849 852 850 847 850 849 850 854 851 855 851 851 851 854 852 851 852 850 852 856 853 853 853 857 853 856 854 852 854 853 854 858 855 801 855 855 855 858 856 761 856 801 856 858 857 855 857 854 857 859 858 857 858 860 858 859 859 856 859 857 859 861 860 761 860 858 860 862 861 859 861 860 861 862 862 860 862 863 862 864 863 761 863 861 863 865 864 863 864 866 864 865 865 862 865 863 865 867 866 761 866 864 866 868 867 866 867 869 867 868 868 865 868 866 868 870 869 761 869 867 869 871 870 868 870 869 870 871 871 869 871 872 871 873 872 761 872 870 872 874 873 871 873 872 873 874 874 872 874 875 874 876 875 874 875 875 875 876 876 875 876 877 876 878 877 876 877 877 877 878 878 877 878 879 878 880 879 878 879 879 879 881 880 880 880 879 880 881 881 879 881 882 881 883 882 881 882 882 882 883 883 882 883 884 883 885 884 886 884 887 884 885 885 888 885 886 885 885 886 889 886 888 886 885 887 890 887 889 887 885 888 884 888 890 888 891 889 883 889 884 889 891 890 892 890 883 890 891 891 893 891 892 891 891 892 884 892 885 892 891 893 894 893 893 893 895 894 894 894 891 894 896 895 895 895 891 895 897 896 898 896 899 896 900 897 899 897 901 897 900 898 897 898 899 898 902 899 903 899 898 899 902 900 898 900 897 900 904 901 901 901 905 901 904 902 900 902 901 902 906 903 907 903 903 903 906 904 903 904 902 904 908 905 905 905 909 905 908 906 904 906 905 906 910 907 907 907 906 907 910 908 911 908 907 908 912 909 909 909 913 909 912 910 908 910 909 910 914 911 873 911 911 911 914 912 911 912 910 912 915 913 913 913 916 913 915 914 912 914 913 914 917 915 761 915 873 915 917 916 873 916 914 916 918 917 916 917 919 917 918 918 915 918 916 918 920 919 761 919 917 919 921 920 919 920 922 920 921 921 918 921 919 921 923 922 761 922 920 922 924 923 922 923 925 923 924 924 921 924 922 924 926 925 761 925 923 925 927 926 925 926 928 926 927 927 924 927 925 927 929 928 761 928 926 928 930 929 931 929 932 929 930 930 928 930 931 930 930 931 927 931 928 931 933 932 930 932 932 932 933 933 932 933 934 933 935 934 933 934 934 934 936 935 937 935 938 935 936 936 939 936 937 936 936 937 940 937 939 937 936 938 941 938 940 938 936 939 934 939 941 939 936 940 935 940 934 940 942 941 943 941 935 941 942 942 944 942 943 942 942 943 945 943 944 943 942 944 935 944 936 944 946 945 945 945 942 945 947 946 946 946 942 946 948 947 949 947 950 947 951 948 949 948 948 948 951 949 952 949 949 949 953 950 950 950 954 950 953 951 948 951 950 951 955 952 956 952 952 952 955 953 952 953 951 953 957 954 954 954 958 954 957 955 953 955 954 955 959 956 960 956 956 956 959 957 956 957 955 957 961 958 958 958 962 958 961 959 957 959 958 959 963 960 960 960 959 960 963 961 964 961 960 961 965 962 961 962 962 962 965 963 962 963 966 963 967 964 964 964 963 964 967 965 968 965 964 965 969 966 965 966 966 966 969 967 966 967 970 967 971 968 968 968 967 968 971 969 972 969 968 969 973 970 969 970 970 970 973 971 970 971 974 971 975 972 972 972 971 972 975 973 761 973 929 973 975 974 929 974 972 974 976 975 973 975 974 975 976 976 974 976 977 976 978 977 761 977 975 977 979 978 976 978 977 978 980 979 761 979 978 979 981 980 979 980 977 980 981 981 977 981 982 981 983 982 761 982 980 982 984 983 985 983 986 983 984 984 987 984 985 984 984 985 988 985 987 985 984 986 989 986 988 986 984 987 990 987 989 987 991 988 981 988 982 988 991 989 982 989 990 989 992 990 993 990 761 990 992 991 761 991 983 991 994 992 990 992 984 992 994 993 991 993 990 993 994 994 995 994 991 994 994 995 996 995 995 995 997 996 996 996 994 996 998 997 997 997 994 997 999 998 998 998 994 998 1000 999 1001 999 1002 999 1003 1000 1002 1000 1004 1000 1003 1001 1000 1001 1002 1001 1005 1002 1006 1002 1001 1002 1005 1003 1001 1003 1000 1003 1007 1004 1003 1004 1004 1004 1007 1005 1004 1005 1008 1005 1009 1006 1006 1006 1005 1006 1009 1007 1010 1007 1006 1007 1011 1008 1007 1008 1008 1008 1011 1009 1008 1009 1012 1009 1013 1010 1014 1010 1010 1010 1013 1011 1010 1011 1009 1011 1015 1012 1011 1012 1012 1012 1015 1013 1012 1013 1016 1013 1017 1014 1014 1014 1013 1014 1017 1015 1018 1015 1014 1015 1019 1016 1015 1016 1016 1016 1019 1017 1016 1017 1020 1017 1021 1018 1022 1018 1018 1018 1021 1019 1018 1019 1017 1019 1023 1020 1020 1020 1024 1020 1023 1021 1019 1021 1020 1021 1025 1022 1026 1022 1027 1022 1025 1023 1028 1023 1026 1023 1025 1024 1029 1024 1028 1024 1025 1025 1030 1025 1029 1025 1025 1026 1031 1026 1030 1026 1032 1027 1033 1027 1022 1027 1032 1028 1022 1028 1021 1028 1034 1029 1035 1029 1036 1029 1034 1030 1024 1030 1035 1030 1034 1031 1023 1031 1024 1031 1037 1032 1033 1032 1032 1032 1037 1033 992 1033 1033 1033 1038 1034 1036 1034 1031 1034 1038 1035 1034 1035 1036 1035 1039 1036 992 1036 1037 1036 1039 1037 993 1037 992 1037 1040 1038 1038 1038 1031 1038 1040 1039 1031 1039 1025 1039 1041 1040 993 1040 1039 1040 1042 1041 993 1041 1041 1041 1043 1042 1044 1042 1040 1042 1043 1043 1040 1043 1025 1043 1045 1044 1044 1044 1043 1044 1046 1045 993 1045 1042 1045 1047 1046 1045 1046 1043 1046 1048 1047 993 1047 1046 1047 1049 1048 1047 1048 1043 1048 1050 1049 1049 1049 1043 1049 1051 1050 1052 1050 1053 1050 1051 1051 1054 1051 1052 1051 1051 1052 1055 1052 1054 1052 1051 1053 1056 1053 1055 1053 1051 1054 1057 1054 1056 1054 1058 1055 1059 1055 1060 1055 1061 1056 1059 1056 1058 1056 1061 1057 1062 1057 1059 1057 1063 1058 1060 1058 1064 1058 1063 1059 1058 1059 1060 1059 1065 1060 1062 1060 1061 1060 1065 1061 1066 1061 1062 1061 1067 1062 1064 1062 1068 1062 1067 1063 1063 1063 1064 1063 1069 1064 1066 1064 1065 1064 1069 1065 1070 1065 1066 1065 1071 1066 1068 1066 1072 1066 1071 1067 1067 1067 1068 1067 1073 1068 1070 1068 1069 1068 1073 1069 1074 1069 1070 1069 1075 1070 1072 1070 1076 1070 1075 1071 1071 1071 1072 1071 1077 1072 1074 1072 1073 1072 1077 1073 1078 1073 1074 1073 1079 1074 1075 1074 1076 1074 1080 1075 1078 1075 1077 1075 1080 1076 1081 1076 1078 1076 1082 1077 1079 1077 1076 1077 1082 1078 1076 1078 1083 1078 1084 1079 1081 1079 1080 1079 1084 1080 1085 1080 1081 1080 1086 1081 1082 1081 1083 1081 1086 1082 1083 1082 1057 1082 1087 1083 1086 1083 1057 1083 1087 1084 1057 1084 1051 1084 1088 1085 1085 1085 1084 1085 1088 1086 1089 1086 1085 1086 1090 1087 1086 1087 1087 1087 1091 1088 1089 1088 1088 1088 1091 1089 1092 1089 1089 1089 1093 1090 1090 1090 1087 1090 1094 1091 1092 1091 1091 1091 1094 1092 993 1092 1048 1092 1094 1093 1048 1093 1092 1093 1095 1094 1093 1094 1087 1094 1096 1095 993 1095 1094 1095 1097 1096 1095 1096 1087 1096 1098 1097 993 1097 1096 1097 1099 1098 1097 1098 1087 1098 1100 1099 993 1099 1098 1099 1101 1100 993 1100 1100 1100 1102 1101 993 1101 1101 1101 1103 1102 1104 1102 1105 1102 1103 1103 1106 1103 1104 1103 1103 1104 1107 1104 1106 1104 1103 1105 1108 1105 1107 1105 1103 1106 1109 1106 1108 1106 1110 1107 1111 1107 1112 1107 1113 1108 1112 1108 1114 1108 1113 1109 1110 1109 1112 1109 1115 1110 1116 1110 1111 1110 1115 1111 1111 1111 1110 1111 1117 1112 1114 1112 1118 1112 1117 1113 1113 1113 1114 1113 1119 1114 1120 1114 1116 1114 1119 1115 1116 1115 1115 1115 1121 1116 1118 1116 1122 1116 1121 1117 1117 1117 1118 1117 1123 1118 1120 1118 1119 1118 1123 1119 1124 1119 1120 1119 1125 1120 1126 1120 1127 1120 1125 1121 1122 1121 1126 1121 1125 1122 1121 1122 1122 1122 1128 1123 1129 1123 1124 1123 1128 1124 1124 1124 1123 1124 1130 1125 1127 1125 1109 1125 1130 1126 1125 1126 1127 1126 1131 1127 1129 1127 1128 1127 1131 1128 1132 1128 1129 1128 1133 1129 1130 1129 1109 1129 1133 1130 1109 1130 1103 1130 1133 1131 1103 1131 1134 1131 1135 1132 1136 1132 1132 1132 1135 1133 1132 1133 1131 1133 1137 1134 1133 1134 1134 1134 1138 1135 1136 1135 1135 1135 1138 1136 1139 1136 1136 1136 1140 1137 1137 1137 1134 1137 1141 1138 1142 1138 1139 1138 1141 1139 1139 1139 1138 1139 1143 1140 1140 1140 1134 1140 1144 1141 1102 1141 1142 1141 1144 1142 1142 1142 1141 1142 1145 1143 1143 1143 1134 1143 1146 1144 993 1144 1102 1144 1146 1145 1102 1145 1144 1145 1147 1146 1145 1146 1134 1146 1148 1147 993 1147 1146 1147 1149 1148 993 1148 1148 1148 1150 1149 993 1149 1149 1149 1151 1150 993 1150 1150 1150 1152 1151 993 1151 1151 1151 1153 1152 993 1152 1152 1152 1154 1153 1155 1153 1156 1153 1154 1154 1157 1154 1155 1154 1154 1155 1158 1155 1157 1155 1154 1156 1159 1156 1158 1156 1154 1157 1160 1157 1159 1157 1161 1158 1160 1158 1154 1158 1162 1159 1163 1159 1164 1159 1165 1160 1164 1160 1166 1160 1165 1161 1162 1161 1164 1161 1167 1162 1168 1162 1163 1162 1167 1163 1163 1163 1162 1163 1169 1164 1165 1164 1166 1164 1170 1165 1168 1165 1167 1165 1170 1166 1171 1166 1168 1166 1172 1167 1169 1167 1166 1167 1172 1168 1166 1168 1173 1168 1174 1169 1175 1169 1171 1169 1174 1170 1171 1170 1170 1170 1176 1171 1160 1171 1161 1171 1176 1172 1172 1172 1173 1172 1176 1173 1173 1173 1160 1173 1177 1174 1175 1174 1174 1174 1177 1175 1178 1175 1175 1175 1179 1176 1176 1176 1161 1176 1180 1177 1178 1177 1177 1177 1180 1178 1181 1178 1178 1178 1182 1179 1179 1179 1161 1179 1183 1180 1181 1180 1180 1180 1183 1181 1184 1181 1181 1181 1185 1182 1182 1182 1161 1182 1186 1183 1184 1183 1183 1183 1186 1184 1187 1184 1184 1184 1188 1185 1185 1185 1161 1185 1189 1186 1187 1186 1186 1186 1189 1187 1190 1187 1187 1187 1191 1188 1188 1188 1161 1188 1192 1189 1190 1189 1189 1189 1192 1190 1193 1190 1190 1190 1194 1191 1193 1191 1192 1191 1194 1192 1195 1192 1193 1192 1196 1193 1195 1193 1194 1193 1196 1194 1197 1194 1195 1194 1198 1195 1197 1195 1196 1195 1198 1196 993 1196 1153 1196 1198 1197 1153 1197 1197 1197 1199 1198 993 1198 1198 1198 1200 1199 993 1199 1199 1199 1201 1200 993 1200 1200 1200 1202 1201 993 1201 1201 1201 1203 1202 993 1202 1202 1202 1204 1203 993 1203 1203 1203 1205 1204 1206 1204 1207 1204 1205 1205 1208 1205 1206 1205 1205 1206 1209 1206 1208 1206 1205 1207 1210 1207 1209 1207 1205 1208 1211 1208 1210 1208 1212 1209 1213 1209 1214 1209 1212 1210 1215 1210 1213 1210 1216 1211 1215 1211 1212 1211 1216 1212 1217 1212 1215 1212 1218 1213 1214 1213 1211 1213 1218 1214 1212 1214 1214 1214 1219 1215 1217 1215 1216 1215 1219 1216 1220 1216 1217 1216 1221 1217 1218 1217 1211 1217 1221 1218 1205 1218 1222 1218 1221 1219 1211 1219 1205 1219 1223 1220 1224 1220 1220 1220 1223 1221 1220 1221 1219 1221 1225 1222 1221 1222 1222 1222 1226 1223 1224 1223 1223 1223 1226 1224 1227 1224 1224 1224 1228 1225 1225 1225 1222 1225 1229 1226 1230 1226 1227 1226 1229 1227 1227 1227 1226 1227 1231 1228 1228 1228 1222 1228 1232 1229 1230 1229 1229 1229 1232 1230 1233 1230 1230 1230 1234 1231 1231 1231 1222 1231 1235 1232 1236 1232 1233 1232 1235 1233 1233 1233 1232 1233 1237 1234 1234 1234 1222 1234 1238 1235 1239 1235 1236 1235 1238 1236 1236 1236 1235 1236 1240 1237 1241 1237 1239 1237 1240 1238 1239 1238 1238 1238 1242 1239 1243 1239 1241 1239 1242 1240 1241 1240 1240 1240 1244 1241 1243 1241 1242 1241 1244 1242 1245 1242 1243 1242 1246 1243 1247 1243 1245 1243 1246 1244 1245 1244 1244 1244 1248 1245 1204 1245 1247 1245 1248 1246 1247 1246 1246 1246 1249 1247 1204 1247 1248 1247 1249 1248 993 1248 1204 1248 1250 1249 993 1249 1249 1249 1251 1250 993 1250 1250 1250 1252 1251 993 1251 1251 1251 1253 1252 993 1252 1252 1252 1254 1253 993 1253 1253 1253 1255 1254 993 1254 1254 1254 1256 1255 1257 1255 1258 1255 1256 1256 1259 1256 1257 1256 1256 1257 1260 1257 1259 1257 1256 1258 1261 1258 1260 1258 1256 1259 1262 1259 1261 1259 1263 1260 1262 1260 1256 1260 1264 1261 1265 1261 1266 1261 1267 1262 1266 1262 1262 1262 1267 1263 1262 1263 1263 1263 1267 1264 1264 1264 1266 1264 1268 1265 1265 1265 1264 1265 1269 1266 1267 1266 1263 1266 1270 1267 1265 1267 1268 1267 1270 1268 1271 1268 1265 1268 1272 1269 1269 1269 1263 1269 1273 1270 1271 1270 1270 1270 1273 1271 1274 1271 1271 1271 1275 1272 1272 1272 1263 1272 1276 1273 1274 1273 1273 1273 1276 1274 1277 1274 1274 1274 1278 1275 1275 1275 1263 1275 1279 1276 1277 1276 1276 1276 1279 1277 1280 1277 1277 1277 1281 1278 1278 1278 1263 1278 1282 1279 1280 1279 1279 1279 1282 1280 1283 1280 1280 1280 1284 1281 1283 1281 1282 1281 1284 1282 1285 1282 1283 1282 1286 1283 1287 1283 1285 1283 1286 1284 1285 1284 1284 1284 1288 1285 1287 1285 1286 1285 1288 1286 1289 1286 1287 1286 1290 1287 1291 1287 1289 1287 1290 1288 1289 1288 1288 1288 1292 1289 1291 1289 1290 1289 1292 1290 1293 1290 1291 1290 1294 1291 1293 1291 1292 1291 1294 1292 1295 1292 1293 1292 1296 1293 1295 1293 1294 1293 1296 1294 1297 1294 1295 1294 1298 1295 1297 1295 1296 1295 1298 1296 1299 1296 1297 1296 1300 1297 993 1297 1255 1297 1300 1298 1299 1298 1298 1298 1300 1299 1255 1299 1299 1299 1301 1300 993 1300 1300 1300 1302 1301 993 1301 1301 1301 1303 1302 993 1302 1302 1302 1304 1303 1305 1303 1306 1303 1304 1304 1307 1304 1305 1304 1304 1305 1308 1305 1307 1305 1304 1306 1309 1306 1308 1306 1304 1307 1310 1307 1309 1307 1311 1308 1304 1308 1312 1308 1311 1309 1312 1309 1313 1309 1311 1310 1310 1310 1304 1310 1314 1311 1313 1311 1312 1311 1315 1312 1316 1312 1310 1312 1315 1313 1310 1313 1311 1313 1317 1314 1314 1314 1312 1314 1318 1315 1319 1315 1316 1315 1318 1316 1320 1316 1319 1316 1318 1317 1316 1317 1315 1317 1321 1318 1317 1318 1312 1318 1322 1319 1320 1319 1318 1319 1322 1320 1323 1320 1320 1320 1324 1321 1321 1321 1312 1321 1325 1322 1323 1322 1322 1322 1325 1323 1326 1323 1323 1323 1327 1324 1328 1324 1326 1324 1327 1325 1326 1325 1325 1325 1329 1326 1330 1326 1328 1326 1329 1327 1328 1327 1327 1327 1331 1328 1332 1328 1330 1328 1331 1329 1330 1329 1329 1329 1333 1330 1334 1330 1332 1330 1333 1331 1332 1331 1331 1331 1335 1332 1336 1332 1334 1332 1335 1333 1334 1333 1333 1333 1337 1334 1338 1334 1336 1334 1337 1335 1336 1335 1335 1335 1339 1336 1340 1336 1338 1336 1339 1337 1338 1337 1337 1337 1341 1338 1342 1338 1340 1338 1341 1339 1340 1339 1339 1339 1343 1340 1344 1340 1342 1340 1343 1341 1342 1341 1341 1341 1345 1342 1346 1342 1344 1342 1345 1343 1344 1343 1343 1343 1347 1344 1348 1344 1346 1344 1347 1345 1346 1345 1345 1345 1349 1346 1348 1346 1347 1346 1350 1347 1351 1347 1352 1347 1350 1348 1353 1348 1351 1348 1350 1349 1354 1349 1353 1349 1350 1350 1355 1350 1354 1350 1350 1351 1356 1351 1355 1351 1357 1352 1358 1352 1359 1352 1360 1353 1359 1353 1358 1353 1361 1354 1357 1354 1359 1354 1362 1355 1350 1355 1359 1355 1362 1356 1359 1356 1360 1356 1362 1357 1356 1357 1350 1357 1363 1358 1361 1358 1359 1358 1364 1359 1356 1359 1362 1359 1364 1360 1365 1360 1356 1360 1366 1361 1367 1361 1365 1361 1366 1362 1368 1362 1367 1362 1366 1363 1365 1363 1364 1363 1369 1364 1368 1364 1366 1364 1369 1365 1370 1365 1368 1365 1371 1366 1370 1366 1369 1366 1371 1367 1372 1367 1370 1367 1373 1368 1372 1368 1371 1368 1373 1369 1374 1369 1372 1369 1375 1370 1376 1370 1374 1370 1375 1371 1374 1371 1373 1371 1377 1372 1376 1372 1375 1372 1377 1373 1378 1373 1376 1373 1379 1374 1380 1374 1378 1374 1379 1375 1378 1375 1377 1375 1381 1376 1380 1376 1379 1376 1381 1377 1382 1377 1380 1377 1383 1378 1382 1378 1381 1378 1383 1379 1384 1379 1382 1379 1385 1380 1384 1380 1383 1380 1385 1381 1386 1381 1384 1381 1387 1382 1386 1382 1385 1382 1387 1383 1388 1383 1386 1383 1389 1384 1388 1384 1387 1384 1389 1385 1390 1385 1388 1385 1391 1386 1390 1386 1389 1386 1391 1387 1392 1387 1390 1387 1393 1388 1392 1388 1391 1388 1394 1389 1395 1389 1396 1389 1394 1390 1397 1390 1395 1390 1394 1391 1398 1391 1397 1391 1394 1392 1399 1392 1348 1392 1394 1393 1400 1393 1398 1393 1394 1394 1401 1394 1399 1394 1394 1395 1402 1395 1400 1395 1394 1396 1303 1396 1401 1396 1394 1397 1403 1397 1402 1397 1394 1398 1404 1398 1403 1398 1394 1399 1405 1399 1404 1399 1394 1400 1406 1400 1405 1400 1394 1401 1407 1401 1406 1401 1394 1402 1393 1402 1407 1402 1394 1403 1348 1403 1349 1403 1394 1404 1392 1404 1393 1404 1394 1405 993 1405 1303 1405 1394 1406 1408 1406 1392 1406 1394 1407 1409 1407 1408 1407 1394 1408 1410 1408 1409 1408 1394 1409 1411 1409 1410 1409 1394 1410 1412 1410 1411 1410 1394 1411 1413 1411 1412 1411 1394 1412 1349 1412 1413 1412 756 1413 1414 1413 757 1413 756 1414 1415 1414 1414 1414 756 1415 1416 1415 1415 1415 756 1416 1417 1416 1416 1416 756 1417 1418 1417 1417 1417 756 1418 1419 1418 1418 1418 756 1419 1420 1419 1419 1419 756 1420 1421 1420 1420 1420 755 1421 1422 1421 1421 1421 755 1422 1423 1422 1422 1422 755 1423 1424 1423 1423 1423 755 1424 1421 1424 756 1424 2 1425 1425 1425 1424 1425 2 1426 1426 1426 1425 1426 2 1427 1427 1427 1426 1427 2 1428 1424 1428 755 1428 3 1429 1428 1429 1427 1429 3 1430 1429 1430 1428 1430 3 1431 1396 1431 1429 1431 3 1432 1427 1432 2 1432 3 1433 1394 1433 1396 1433 1430 1434 1431 1434 1432 1434 1433 1435 1434 1435 1431 1435 1435 1436 1436 1436 1434 1436 1431 1437 1436 1437 1432 1437 1434 1438 1436 1438 1431 1438 1437 1439 1438 1439 1439 1439 1439 1440 1438 1440 1436 1440 1440 1441 1441 1441 1438 1441 1442 1442 1443 1442 1441 1442 1441 1443 1443 1443 1438 1443 1438 1444 1444 1444 1436 1444 1443 1445 1444 1445 1438 1445 1445 1446 1446 1446 1444 1446 1447 1447 1448 1447 1446 1447 1448 1448 1449 1448 1446 1448 1450 1449 1451 1449 1449 1449 1452 1450 1453 1450 1451 1450 1453 1451 1454 1451 1451 1451 1449 1452 1454 1452 1446 1452 1451 1453 1454 1453 1449 1453 1455 1454 1456 1454 1454 1454 1457 1455 1458 1455 1456 1455 1444 1456 1458 1456 1436 1456 1446 1457 1458 1457 1444 1457 1454 1458 1458 1458 1446 1458 1456 1459 1458 1459 1454 1459 1458 1460 1459 1460 1436 1460 1460 1461 1461 1461 1459 1461 1459 1462 6 1462 1436 1462 1461 1463 6 1463 1459 1463 1432 1464 6 1464 1462 1464 1436 1465 6 1465 1432 1465 6 1466 1463 1466 1462 1466 6 1467 9 1467 1463 1467 4 1468 1461 1468 1464 1468 6 1469 1461 1469 4 1469 1464 1470 1460 1470 1465 1470 1461 1471 1460 1471 1464 1471 1465 1472 1459 1472 1466 1472 1460 1473 1459 1473 1465 1473 1466 1474 1458 1474 1467 1474 1459 1475 1458 1475 1466 1475 1467 1476 1457 1476 1468 1476 1458 1477 1457 1477 1467 1477 1468 1478 1456 1478 1469 1478 1469 1479 1456 1479 1470 1479 1457 1480 1456 1480 1468 1480 1470 1481 1455 1481 1471 1481 1456 1482 1455 1482 1470 1482 1455 1483 1454 1483 1471 1483 1454 1484 1453 1484 1471 1484 1471 1485 1453 1485 1472 1485 1472 1486 1452 1486 1473 1486 1453 1487 1452 1487 1472 1487 1473 1488 1451 1488 1474 1488 1452 1489 1451 1489 1473 1489 1474 1490 1450 1490 1475 1490 1475 1491 1450 1491 1476 1491 1451 1492 1450 1492 1474 1492 1450 1493 1449 1493 1476 1493 1449 1494 1448 1494 1476 1494 1476 1495 1448 1495 1477 1495 1477 1496 1447 1496 1478 1496 1448 1497 1447 1497 1477 1497 1478 1498 1446 1498 1479 1498 1479 1499 1446 1499 1480 1499 1447 1500 1446 1500 1478 1500 1480 1501 1445 1501 1481 1501 1446 1502 1445 1502 1480 1502 1445 1503 1444 1503 1481 1503 1481 1504 1443 1504 1482 1504 1482 1505 1443 1505 1483 1505 1444 1506 1443 1506 1481 1506 1443 1507 1442 1507 1483 1507 1483 1508 1441 1508 1484 1508 1484 1509 1441 1509 1485 1509 1442 1510 1441 1510 1483 1510 1441 1511 1440 1511 1485 1511 1485 1512 1438 1512 1486 1512 1486 1513 1438 1513 1487 1513 1440 1514 1438 1514 1485 1514 1438 1515 1437 1515 1487 1515 1487 1516 1439 1516 1488 1516 1437 1517 1439 1517 1487 1517 1488 1518 1436 1518 1489 1518 1439 1519 1436 1519 1488 1519 1489 1520 1435 1520 1490 1520 1436 1521 1435 1521 1489 1521 1490 1522 1434 1522 1491 1522 1435 1523 1434 1523 1490 1523 1491 1524 1433 1524 1492 1524 1434 1525 1433 1525 1491 1525 1492 1526 1431 1526 1493 1526 1433 1527 1431 1527 1492 1527 1493 1528 1430 1528 1494 1528 1431 1529 1430 1529 1493 1529 1494 1530 1432 1530 1495 1530 1430 1531 1432 1531 1494 1531 763 1532 1496 1532 764 1532 1497 1533 1463 1533 1498 1533 1498 1534 1463 1534 1496 1534 9 1535 10 1535 1463 1535 10 1536 764 1536 1463 1536 1463 1537 764 1537 1496 1537 1499 1538 758 1538 1500 1538 1501 1539 758 1539 1499 1539 1502 1540 758 1540 1501 1540 1503 1541 758 1541 1502 1541 1504 1542 758 1542 1503 1542 1505 1543 758 1543 1504 1543 1506 1544 758 1544 1505 1544 1507 1545 758 1545 1506 1545 1508 1546 758 1546 1507 1546 1509 1547 758 1547 1508 1547 1510 1548 758 1548 1509 1548 1511 1549 758 1549 1510 1549 1512 1550 758 1550 1511 1550 1513 1551 758 1551 1512 1551 1514 1552 758 1552 1513 1552 1514 1553 1515 1553 758 1553 1515 1554 1516 1554 758 1554 1516 1555 1517 1555 758 1555 1517 1556 1518 1556 758 1556 1518 1557 1519 1557 758 1557 1519 1558 1520 1558 758 1558 1520 1559 1521 1559 758 1559 1521 1560 1522 1560 758 1560 1523 1561 759 1561 1522 1561 1524 1562 759 1562 1523 1562 1525 1563 759 1563 1524 1563 1526 1564 759 1564 1525 1564 1527 1565 759 1565 1526 1565 1528 1566 759 1566 1527 1566 1529 1567 759 1567 1528 1567 1530 1568 759 1568 1529 1568 1522 1569 759 1569 758 1569 759 1570 1531 1570 1532 1570 1532 1571 1531 1571 1533 1571 759 1572 1534 1572 1531 1572 1534 1573 1535 1573 1536 1573 759 1574 1537 1574 1534 1574 1534 1575 1537 1575 1535 1575 1530 1576 1537 1576 759 1576 1530 1577 1538 1577 1537 1577 1537 1578 1538 1578 1539 1578 1538 1579 1540 1579 1541 1579 1541 1580 1540 1580 1542 1580 1542 1581 1540 1581 1543 1581 1538 1582 1544 1582 1540 1582 1540 1583 1544 1583 1545 1583 1538 1584 1546 1584 1544 1584 1538 1585 1547 1585 1546 1585 1538 1586 1548 1586 1547 1586 1547 1587 1548 1587 1549 1587 1538 1588 1550 1588 1548 1588 1548 1589 1550 1589 1551 1589 1551 1590 1550 1590 1552 1590 1538 1591 1553 1591 1550 1591 1553 1592 1554 1592 1555 1592 1553 1593 1556 1593 1554 1593 1538 1594 1557 1594 1553 1594 1553 1595 1557 1595 1556 1595 1538 1596 1558 1596 1557 1596 1557 1597 1558 1597 1559 1597 1530 1598 1560 1598 1538 1598 1538 1599 1560 1599 1558 1599 1558 1600 1560 1600 1561 1600 1561 1601 1560 1601 1562 1601 1563 1602 5 1602 1564 1602 1564 1603 5 1603 1565 1603 1565 1604 5 1604 1566 1604 1566 1605 5 1605 1567 1605 1567 1606 5 1606 1568 1606 1568 1607 5 1607 1569 1607 1569 1608 5 1608 1570 1608 1570 1609 5 1609 1571 1609 1571 1610 5 1610 1572 1610 1572 1611 5 1611 1573 1611 1573 1612 5 1612 1574 1612 1574 1613 5 1613 1575 1613 1575 1614 5 1614 1576 1614 1576 1615 5 1615 1577 1615 1577 1616 5 1616 1578 1616 1578 1617 5 1617 1579 1617 1579 1618 5 1618 1580 1618 1580 1619 5 1619 1581 1619 1581 1620 5 1620 1582 1620 1582 1621 5 1621 1583 1621 1583 1622 5 1622 1584 1622 1585 1623 1495 1623 1530 1623 1530 1624 1495 1624 1560 1624 1584 1625 4 1625 1586 1625 1586 1626 4 1626 1587 1626 1587 1627 4 1627 1588 1627 1588 1628 4 1628 1589 1628 1589 1629 4 1629 1590 1629 1590 1630 4 1630 1591 1630 1591 1631 4 1631 1592 1631 1592 1632 4 1632 1585 1632 5 1633 4 1633 1584 1633 1464 1634 1466 1634 4 1634 1465 1635 1466 1635 1464 1635 4 1636 1466 1636 1585 1636 1585 1637 1492 1637 1495 1637 1494 1638 1492 1638 1493 1638 1495 1639 1492 1639 1494 1639 1492 1640 1490 1640 1491 1640 1492 1641 1489 1641 1490 1641 1466 1642 1488 1642 1585 1642 1585 1643 1488 1643 1492 1643 1492 1644 1488 1644 1489 1644 1467 1645 1488 1645 1466 1645 1469 1646 1470 1646 1468 1646 1470 1647 1472 1647 1468 1647 1468 1648 1472 1648 1467 1648 1471 1649 1472 1649 1470 1649 1472 1650 1473 1650 1467 1650 1486 1651 1484 1651 1485 1651 1487 1652 1484 1652 1486 1652 1488 1653 1484 1653 1487 1653 1473 1654 1475 1654 1467 1654 1474 1655 1475 1655 1473 1655 1475 1656 1476 1656 1467 1656 1484 1657 1482 1657 1483 1657 1488 1658 1481 1658 1484 1658 1484 1659 1481 1659 1482 1659 1477 1660 1478 1660 1476 1660 1476 1661 1478 1661 1467 1661 1467 1662 1479 1662 1488 1662 1481 1663 1479 1663 1480 1663 1488 1664 1479 1664 1481 1664 1478 1665 1479 1665 1467 1665 758 1666 761 1666 1500 1666 7 1667 5 1667 1593 1667 1593 1668 5 1668 1594 1668 1594 1669 5 1669 1563 1669 10 1670 8 1670 762 1670 10 1671 762 1671 764 1671 8 1672 52 1672 762 1672 762 1673 52 1673 806 1673 238 1674 7 1674 1595 1674 1595 1675 1593 1675 1596 1675 7 1676 1593 1676 1595 1676 1596 1677 1594 1677 1597 1677 1593 1678 1594 1678 1596 1678 1597 1679 1563 1679 1598 1679 1594 1680 1563 1680 1597 1680 1598 1681 1564 1681 1599 1681 1563 1682 1564 1682 1598 1682 1599 1683 1565 1683 1600 1683 1564 1684 1565 1684 1599 1684 1600 1685 1566 1685 1601 1685 1565 1686 1566 1686 1600 1686 1601 1687 1567 1687 1602 1687 1566 1688 1567 1688 1601 1688 1567 1689 1568 1689 1602 1689 1602 1690 1568 1690 1603 1690 1568 1691 1569 1691 1603 1691 1603 1692 1569 1692 1604 1692 1604 1693 1570 1693 1605 1693 1569 1694 1570 1694 1604 1694 1605 1695 1571 1695 1606 1695 1570 1696 1571 1696 1605 1696 1606 1697 1572 1697 1607 1697 1571 1698 1572 1698 1606 1698 1607 1699 1573 1699 1608 1699 1572 1700 1573 1700 1607 1700 1608 1701 1574 1701 1609 1701 1573 1702 1574 1702 1608 1702 1609 1703 1575 1703 1610 1703 1574 1704 1575 1704 1609 1704 1610 1705 1576 1705 1611 1705 1575 1706 1576 1706 1610 1706 1611 1707 1577 1707 1612 1707 1576 1708 1577 1708 1611 1708 1612 1709 1578 1709 1613 1709 1577 1710 1578 1710 1612 1710 1613 1711 1579 1711 1614 1711 1578 1712 1579 1712 1613 1712 1614 1713 1580 1713 1615 1713 1579 1714 1580 1714 1614 1714 1615 1715 1581 1715 1616 1715 1580 1716 1581 1716 1615 1716 1616 1717 1582 1717 1617 1717 1581 1718 1582 1718 1616 1718 1617 1719 1583 1719 1618 1719 1582 1720 1583 1720 1617 1720 1618 1721 1584 1721 1619 1721 1583 1722 1584 1722 1618 1722 1584 1723 1586 1723 1619 1723 1619 1724 1587 1724 1620 1724 1620 1725 1587 1725 1621 1725 1586 1726 1587 1726 1619 1726 1621 1727 1588 1727 1622 1727 1587 1728 1588 1728 1621 1728 1588 1729 1589 1729 1622 1729 1622 1730 1590 1730 1623 1730 1623 1731 1590 1731 1624 1731 1589 1732 1590 1732 1622 1732 1624 1733 1591 1733 1625 1733 1590 1734 1591 1734 1624 1734 1591 1735 1592 1735 1625 1735 1625 1736 1585 1736 1626 1736 1592 1737 1585 1737 1625 1737 63 1738 73 1738 827 1738 63 1739 827 1739 817 1739 63 1740 817 1740 811 1740 58 1741 63 1741 811 1741 52 1742 811 1742 806 1742 52 1743 58 1743 811 1743 641 1744 238 1744 1627 1744 238 1745 1628 1745 1627 1745 1627 1746 1629 1746 1630 1746 1630 1747 1629 1747 1631 1747 1628 1748 1629 1748 1627 1748 1629 1749 1632 1749 1631 1749 1631 1750 1633 1750 1634 1750 1632 1751 1633 1751 1631 1751 1634 1752 1635 1752 1636 1752 1636 1753 1635 1753 1637 1753 1633 1754 1635 1754 1634 1754 1635 1755 1638 1755 1637 1755 1637 1756 1639 1756 1640 1756 1640 1757 1639 1757 1641 1757 1638 1758 1639 1758 1637 1758 1639 1759 1642 1759 1641 1759 1642 1760 1643 1760 1641 1760 1641 1761 1643 1761 1644 1761 1644 1762 1645 1762 1646 1762 1643 1763 1645 1763 1644 1763 1646 1764 1647 1764 1648 1764 1648 1765 1647 1765 1649 1765 1645 1766 1647 1766 1646 1766 1647 1767 1650 1767 1649 1767 1649 1768 1651 1768 1652 1768 1650 1769 1651 1769 1649 1769 1652 1770 1653 1770 1654 1770 1651 1771 1653 1771 1652 1771 1654 1772 1655 1772 1656 1772 1656 1773 1655 1773 1657 1773 1653 1774 1655 1774 1654 1774 1655 1775 1658 1775 1657 1775 1657 1776 1659 1776 1660 1776 1660 1777 1659 1777 1661 1777 1658 1778 1659 1778 1657 1778 1659 1779 1662 1779 1661 1779 1661 1780 1663 1780 1664 1780 1662 1781 1663 1781 1661 1781 1664 1782 1665 1782 1666 1782 1666 1783 1665 1783 1667 1783 1663 1784 1665 1784 1664 1784 1665 1785 1668 1785 1667 1785 1667 1786 1669 1786 1670 1786 1670 1787 1669 1787 1671 1787 1668 1788 1669 1788 1667 1788 1669 1789 1672 1789 1671 1789 1671 1790 1673 1790 1674 1790 1672 1791 1673 1791 1671 1791 1674 1792 1675 1792 1676 1792 1676 1793 1675 1793 1677 1793 1673 1794 1675 1794 1674 1794 1675 1795 1678 1795 1677 1795 1677 1796 1679 1796 1680 1796 1680 1797 1679 1797 1681 1797 1678 1798 1679 1798 1677 1798 1681 1799 1682 1799 1683 1799 1679 1800 1682 1800 1681 1800 1682 1801 1684 1801 1683 1801 1683 1802 1685 1802 1686 1802 1686 1803 1685 1803 1687 1803 1684 1804 1685 1804 1683 1804 1687 1805 1688 1805 1689 1805 1685 1806 1688 1806 1687 1806 1688 1807 1690 1807 1689 1807 837 1808 836 1808 83 1808 83 1809 836 1809 81 1809 836 1810 838 1810 81 1810 81 1811 838 1811 84 1811 838 1812 839 1812 84 1812 84 1813 839 1813 85 1813 839 1814 840 1814 85 1814 85 1815 840 1815 86 1815 86 1816 840 1816 80 1816 840 1817 834 1817 80 1817 834 1818 832 1818 80 1818 80 1819 832 1819 78 1819 832 1820 829 1820 78 1820 78 1821 829 1821 75 1821 75 1822 829 1822 72 1822 829 1823 826 1823 72 1823 826 1824 816 1824 72 1824 72 1825 816 1825 62 1825 816 1826 810 1826 62 1826 62 1827 810 1827 56 1827 56 1828 810 1828 51 1828 810 1829 805 1829 51 1829 805 1830 803 1830 51 1830 51 1831 803 1831 49 1831 49 1832 803 1832 46 1832 803 1833 800 1833 46 1833 800 1834 797 1834 46 1834 46 1835 797 1835 43 1835 43 1836 797 1836 40 1836 797 1837 794 1837 40 1837 40 1838 791 1838 37 1838 794 1839 791 1839 40 1839 37 1840 788 1840 34 1840 791 1841 788 1841 37 1841 34 1842 785 1842 31 1842 788 1843 785 1843 34 1843 31 1844 782 1844 28 1844 785 1845 782 1845 31 1845 28 1846 781 1846 26 1846 26 1847 781 1847 21 1847 782 1848 781 1848 28 1848 781 1849 775 1849 21 1849 21 1850 773 1850 19 1850 19 1851 773 1851 17 1851 775 1852 773 1852 21 1852 773 1853 771 1853 17 1853 17 1854 769 1854 15 1854 771 1855 769 1855 17 1855 769 1856 767 1856 15 1856 15 1857 767 1857 13 1857 13 1858 767 1858 11 1858 767 1859 766 1859 11 1859 766 1860 765 1860 11 1860 11 1861 765 1861 12 1861 765 1862 768 1862 12 1862 12 1863 768 1863 14 1863 768 1864 770 1864 14 1864 14 1865 770 1865 16 1865 770 1866 772 1866 16 1866 16 1867 772 1867 18 1867 772 1868 774 1868 18 1868 18 1869 774 1869 20 1869 774 1870 776 1870 20 1870 20 1871 776 1871 22 1871 776 1872 777 1872 22 1872 22 1873 777 1873 23 1873 777 1874 778 1874 23 1874 23 1875 778 1875 24 1875 778 1876 779 1876 24 1876 24 1877 779 1877 25 1877 779 1878 807 1878 25 1878 25 1879 807 1879 53 1879 807 1880 808 1880 53 1880 53 1881 808 1881 54 1881 808 1882 812 1882 54 1882 54 1883 812 1883 57 1883 812 1884 813 1884 57 1884 57 1885 813 1885 59 1885 813 1886 814 1886 59 1886 59 1887 814 1887 60 1887 60 1888 814 1888 64 1888 814 1889 818 1889 64 1889 818 1890 819 1890 64 1890 64 1891 819 1891 65 1891 819 1892 820 1892 65 1892 65 1893 820 1893 66 1893 820 1894 821 1894 66 1894 66 1895 821 1895 67 1895 67 1896 821 1896 68 1896 821 1897 822 1897 68 1897 68 1898 822 1898 69 1898 822 1899 823 1899 69 1899 823 1900 824 1900 69 1900 69 1901 824 1901 70 1901 824 1902 827 1902 70 1902 70 1903 827 1903 73 1903 1691 1904 753 1904 751 1904 1692 1905 751 1905 749 1905 1692 1906 1691 1906 751 1906 1693 1907 749 1907 747 1907 1693 1908 1692 1908 749 1908 1694 1909 747 1909 745 1909 1694 1910 1693 1910 747 1910 1695 1911 745 1911 743 1911 1695 1912 1694 1912 745 1912 1696 1913 741 1913 739 1913 1696 1914 743 1914 741 1914 1696 1915 1695 1915 743 1915 1697 1916 1696 1916 739 1916 1697 1917 739 1917 738 1917 1698 1918 1697 1918 738 1918 1698 1919 738 1919 736 1919 1699 1920 1698 1920 736 1920 1699 1921 736 1921 734 1921 1700 1922 1699 1922 734 1922 1700 1923 734 1923 732 1923 1701 1924 1700 1924 732 1924 1701 1925 732 1925 730 1925 1702 1926 1701 1926 730 1926 1702 1927 730 1927 728 1927 1703 1928 728 1928 726 1928 1703 1929 1702 1929 728 1929 1704 1930 724 1930 722 1930 1704 1931 726 1931 724 1931 1704 1932 1703 1932 726 1932 1705 1933 1704 1933 722 1933 1705 1934 722 1934 720 1934 1706 1935 720 1935 718 1935 1706 1936 1705 1936 720 1936 1707 1937 718 1937 716 1937 1707 1938 1706 1938 718 1938 1708 1939 716 1939 714 1939 1708 1940 1707 1940 716 1940 1709 1941 714 1941 712 1941 1709 1942 1708 1942 714 1942 1710 1943 712 1943 710 1943 1710 1944 1709 1944 712 1944 1711 1945 710 1945 708 1945 1711 1946 1710 1946 710 1946 1712 1947 706 1947 704 1947 1712 1948 708 1948 706 1948 1712 1949 1711 1949 708 1949 1713 1950 704 1950 702 1950 1713 1951 1712 1951 704 1951 1714 1952 702 1952 700 1952 1714 1953 1713 1953 702 1953 1715 1954 700 1954 698 1954 1715 1955 1714 1955 700 1955 1716 1956 696 1956 694 1956 1716 1957 698 1957 696 1957 1716 1958 1715 1958 698 1958 1717 1959 694 1959 692 1959 1717 1960 1716 1960 694 1960 1718 1961 692 1961 690 1961 1718 1962 1717 1962 692 1962 1719 1963 688 1963 685 1963 1719 1964 690 1964 688 1964 1719 1965 1718 1965 690 1965 1720 1966 685 1966 683 1966 1720 1967 1719 1967 685 1967 1721 1968 683 1968 681 1968 1721 1969 1720 1969 683 1969 1722 1970 681 1970 679 1970 1722 1971 1721 1971 681 1971 641 1972 679 1972 1 1972 641 1973 1722 1973 679 1973 92 1974 846 1974 841 1974 88 1975 92 1975 841 1975 82 1976 841 1976 835 1976 82 1977 88 1977 841 1977 83 1978 835 1978 837 1978 83 1979 82 1979 835 1979 887 1980 886 1980 133 1980 133 1981 886 1981 131 1981 886 1982 888 1982 131 1982 131 1983 888 1983 134 1983 888 1984 889 1984 134 1984 134 1985 889 1985 135 1985 135 1986 889 1986 136 1986 889 1987 890 1987 136 1987 890 1988 884 1988 136 1988 136 1989 884 1989 130 1989 130 1990 884 1990 128 1990 884 1991 882 1991 128 1991 882 1992 879 1992 128 1992 128 1993 879 1993 125 1993 879 1994 877 1994 125 1994 125 1995 877 1995 123 1995 123 1996 877 1996 121 1996 877 1997 875 1997 121 1997 875 1998 872 1998 121 1998 121 1999 872 1999 118 1999 118 2000 872 2000 115 2000 872 2001 869 2001 115 2001 869 2002 866 2002 115 2002 115 2003 866 2003 112 2003 866 2004 863 2004 112 2004 112 2005 863 2005 109 2005 863 2006 860 2006 109 2006 109 2007 860 2007 106 2007 860 2008 857 2008 106 2008 106 2009 857 2009 103 2009 103 2010 853 2010 99 2010 857 2011 853 2011 103 2011 99 2012 853 2012 95 2012 853 2013 849 2013 95 2013 95 2014 848 2014 93 2014 849 2015 848 2015 95 2015 93 2016 851 2016 96 2016 848 2017 851 2017 93 2017 96 2018 855 2018 100 2018 851 2019 855 2019 96 2019 100 2020 801 2020 47 2020 855 2021 801 2021 100 2021 47 2022 798 2022 44 2022 801 2023 798 2023 47 2023 44 2024 795 2024 41 2024 798 2025 795 2025 44 2025 41 2026 792 2026 38 2026 795 2027 792 2027 41 2027 792 2028 789 2028 38 2028 38 2029 789 2029 35 2029 789 2030 786 2030 35 2030 35 2031 786 2031 32 2031 786 2032 783 2032 32 2032 32 2033 783 2033 29 2033 29 2034 783 2034 27 2034 783 2035 780 2035 27 2035 780 2036 784 2036 27 2036 27 2037 784 2037 30 2037 784 2038 787 2038 30 2038 30 2039 787 2039 33 2039 787 2040 790 2040 33 2040 33 2041 790 2041 36 2041 790 2042 793 2042 36 2042 36 2043 793 2043 39 2043 793 2044 796 2044 39 2044 39 2045 796 2045 42 2045 42 2046 796 2046 45 2046 796 2047 799 2047 45 2047 799 2048 802 2048 45 2048 45 2049 802 2049 48 2049 48 2050 802 2050 50 2050 802 2051 804 2051 50 2051 50 2052 804 2052 55 2052 804 2053 809 2053 55 2053 809 2054 815 2054 55 2054 55 2055 815 2055 61 2055 61 2056 815 2056 71 2056 815 2057 825 2057 71 2057 825 2058 828 2058 71 2058 71 2059 828 2059 74 2059 828 2060 830 2060 74 2060 74 2061 830 2061 76 2061 76 2062 830 2062 77 2062 830 2063 831 2063 77 2063 831 2064 833 2064 77 2064 77 2065 833 2065 79 2065 79 2066 833 2066 87 2066 833 2067 842 2067 87 2067 842 2068 843 2068 87 2068 87 2069 843 2069 89 2069 89 2070 843 2070 90 2070 843 2071 844 2071 90 2071 90 2072 844 2072 91 2072 844 2073 845 2073 91 2073 91 2074 845 2074 92 2074 845 2075 846 2075 92 2075 142 2076 896 2076 891 2076 137 2077 142 2077 891 2077 132 2078 891 2078 885 2078 132 2079 137 2079 891 2079 133 2080 885 2080 887 2080 133 2081 132 2081 885 2081 662 2082 757 2082 660 2082 757 2083 1414 2083 660 2083 660 2084 1414 2084 663 2084 1414 2085 1415 2085 663 2085 1415 2086 1416 2086 663 2086 663 2087 1416 2087 664 2087 1416 2088 1417 2088 664 2088 664 2089 1417 2089 665 2089 1417 2090 1418 2090 665 2090 665 2091 1418 2091 666 2091 1418 2092 1419 2092 666 2092 666 2093 1419 2093 667 2093 1419 2094 1420 2094 667 2094 667 2095 1420 2095 668 2095 668 2096 1420 2096 669 2096 1420 2097 1421 2097 669 2097 669 2098 1421 2098 670 2098 1421 2099 1422 2099 670 2099 1422 2100 1423 2100 670 2100 670 2101 1423 2101 672 2101 1423 2102 1424 2102 672 2102 672 2103 1424 2103 673 2103 1424 2104 1425 2104 673 2104 673 2105 1425 2105 674 2105 1425 2106 1426 2106 674 2106 674 2107 1426 2107 675 2107 1426 2108 1427 2108 675 2108 675 2109 1427 2109 676 2109 1427 2110 1428 2110 676 2110 676 2111 1428 2111 677 2111 677 2112 1429 2112 678 2112 1428 2113 1429 2113 677 2113 678 2114 1429 2114 642 2114 1429 2115 1396 2115 642 2115 642 2116 1395 2116 640 2116 640 2117 1395 2117 643 2117 1396 2118 1395 2118 642 2118 1395 2119 1397 2119 643 2119 643 2120 1398 2120 644 2120 1397 2121 1398 2121 643 2121 644 2122 1400 2122 646 2122 646 2123 1400 2123 648 2123 1398 2124 1400 2124 644 2124 1400 2125 1402 2125 648 2125 648 2126 1403 2126 649 2126 649 2127 1403 2127 650 2127 1402 2128 1403 2128 648 2128 650 2129 1404 2129 651 2129 1403 2130 1404 2130 650 2130 1404 2131 1405 2131 651 2131 1405 2132 1406 2132 651 2132 651 2133 1406 2133 652 2133 652 2134 1406 2134 653 2134 1406 2135 1407 2135 653 2135 1407 2136 1393 2136 653 2136 653 2137 1393 2137 639 2137 639 2138 1393 2138 637 2138 1393 2139 1391 2139 637 2139 1391 2140 1389 2140 637 2140 637 2141 1389 2141 635 2141 635 2142 1389 2142 633 2142 1389 2143 1387 2143 633 2143 633 2144 1387 2144 631 2144 1387 2145 1385 2145 631 2145 1385 2146 1383 2146 631 2146 631 2147 1383 2147 629 2147 629 2148 1383 2148 627 2148 1383 2149 1381 2149 627 2149 1381 2150 1379 2150 627 2150 627 2151 1379 2151 626 2151 626 2152 1379 2152 623 2152 1379 2153 1377 2153 623 2153 1377 2154 1375 2154 623 2154 623 2155 1375 2155 622 2155 1375 2156 1373 2156 622 2156 622 2157 1373 2157 619 2157 1373 2158 1371 2158 619 2158 619 2159 1371 2159 617 2159 1371 2160 1369 2160 617 2160 617 2161 1369 2161 615 2161 615 2162 1369 2162 613 2162 1369 2163 1366 2163 613 2163 1366 2164 1364 2164 613 2164 613 2165 1364 2165 610 2165 1364 2166 1362 2166 610 2166 610 2167 1362 2167 608 2167 1362 2168 1360 2168 608 2168 608 2169 1360 2169 606 2169 1360 2170 1358 2170 606 2170 606 2171 1358 2171 603 2171 1358 2172 1357 2172 603 2172 603 2173 1357 2173 604 2173 1357 2174 1361 2174 604 2174 604 2175 1361 2175 607 2175 1361 2176 1363 2176 607 2176 607 2177 1363 2177 609 2177 938 2178 937 2178 184 2178 184 2179 937 2179 182 2179 182 2180 937 2180 185 2180 937 2181 939 2181 185 2181 939 2182 940 2182 185 2182 185 2183 940 2183 186 2183 940 2184 941 2184 186 2184 186 2185 941 2185 187 2185 941 2186 934 2186 187 2186 187 2187 934 2187 180 2187 180 2188 934 2188 178 2188 934 2189 932 2189 178 2189 178 2190 932 2190 176 2190 932 2191 931 2191 176 2191 931 2192 928 2192 176 2192 176 2193 928 2193 174 2193 174 2194 928 2194 171 2194 928 2195 925 2195 171 2195 171 2196 925 2196 168 2196 925 2197 922 2197 168 2197 168 2198 922 2198 165 2198 922 2199 919 2199 165 2199 919 2200 916 2200 165 2200 165 2201 916 2201 162 2201 916 2202 913 2202 162 2202 162 2203 913 2203 159 2203 913 2204 909 2204 159 2204 159 2205 909 2205 155 2205 909 2206 905 2206 155 2206 155 2207 905 2207 151 2207 151 2208 905 2208 147 2208 905 2209 901 2209 147 2209 147 2210 899 2210 145 2210 901 2211 899 2211 147 2211 145 2212 898 2212 143 2212 143 2213 898 2213 148 2213 899 2214 898 2214 145 2214 148 2215 903 2215 152 2215 898 2216 903 2216 148 2216 903 2217 907 2217 152 2217 152 2218 911 2218 157 2218 157 2219 911 2219 119 2219 907 2220 911 2220 152 2220 119 2221 873 2221 116 2221 911 2222 873 2222 119 2222 116 2223 870 2223 113 2223 873 2224 870 2224 116 2224 870 2225 867 2225 113 2225 867 2226 864 2226 113 2226 113 2227 864 2227 110 2227 110 2228 864 2228 107 2228 864 2229 861 2229 107 2229 861 2230 858 2230 107 2230 107 2231 858 2231 104 2231 858 2232 854 2232 104 2232 104 2233 854 2233 101 2233 101 2234 854 2234 97 2234 854 2235 850 2235 97 2235 97 2236 850 2236 94 2236 850 2237 847 2237 94 2237 847 2238 852 2238 94 2238 94 2239 852 2239 98 2239 852 2240 856 2240 98 2240 98 2241 856 2241 102 2241 856 2242 859 2242 102 2242 102 2243 859 2243 105 2243 859 2244 862 2244 105 2244 105 2245 862 2245 108 2245 862 2246 865 2246 108 2246 108 2247 865 2247 111 2247 111 2248 865 2248 114 2248 865 2249 868 2249 114 2249 868 2250 871 2250 114 2250 114 2251 871 2251 117 2251 117 2252 871 2252 120 2252 871 2253 874 2253 120 2253 874 2254 876 2254 120 2254 120 2255 876 2255 122 2255 876 2256 878 2256 122 2256 122 2257 878 2257 124 2257 878 2258 880 2258 124 2258 124 2259 880 2259 126 2259 126 2260 880 2260 127 2260 880 2261 881 2261 127 2261 127 2262 881 2262 129 2262 881 2263 883 2263 129 2263 883 2264 892 2264 129 2264 129 2265 892 2265 138 2265 892 2266 893 2266 138 2266 138 2267 893 2267 139 2267 893 2268 894 2268 139 2268 139 2269 894 2269 140 2269 894 2270 895 2270 140 2270 140 2271 895 2271 141 2271 895 2272 896 2272 141 2272 141 2273 896 2273 142 2273 609 2274 1363 2274 1359 2274 605 2275 609 2275 1359 2275 597 2276 1359 2276 1350 2276 597 2277 605 2277 1359 2277 598 2278 1350 2278 1352 2278 598 2279 597 2279 1350 2279 193 2280 947 2280 942 2280 189 2281 193 2281 942 2281 183 2282 942 2282 936 2282 183 2283 189 2283 942 2283 184 2284 936 2284 938 2284 184 2285 183 2285 936 2285 1352 2286 1351 2286 598 2286 598 2287 1351 2287 596 2287 1351 2288 1353 2288 596 2288 596 2289 1353 2289 599 2289 599 2290 1353 2290 600 2290 1353 2291 1354 2291 600 2291 1354 2292 1355 2292 600 2292 600 2293 1355 2293 601 2293 1355 2294 1356 2294 601 2294 601 2295 1356 2295 602 2295 1356 2296 1365 2296 602 2296 602 2297 1365 2297 611 2297 611 2298 1365 2298 612 2298 1365 2299 1367 2299 612 2299 1367 2300 1368 2300 612 2300 612 2301 1368 2301 614 2301 614 2302 1368 2302 616 2302 1368 2303 1370 2303 616 2303 616 2304 1370 2304 618 2304 1370 2305 1372 2305 618 2305 1372 2306 1374 2306 618 2306 618 2307 1374 2307 620 2307 620 2308 1374 2308 621 2308 1374 2309 1376 2309 621 2309 621 2310 1376 2310 624 2310 1376 2311 1378 2311 624 2311 1378 2312 1380 2312 624 2312 624 2313 1380 2313 625 2313 1380 2314 1382 2314 625 2314 625 2315 1382 2315 628 2315 628 2316 1384 2316 630 2316 1382 2317 1384 2317 628 2317 630 2318 1386 2318 632 2318 1384 2319 1386 2319 630 2319 632 2320 1388 2320 634 2320 1386 2321 1388 2321 632 2321 634 2322 1390 2322 636 2322 1388 2323 1390 2323 634 2323 636 2324 1392 2324 638 2324 1390 2325 1392 2325 636 2325 638 2326 1408 2326 654 2326 1392 2327 1408 2327 638 2327 654 2328 1409 2328 655 2328 655 2329 1409 2329 656 2329 1408 2330 1409 2330 654 2330 1409 2331 1410 2331 656 2331 656 2332 1411 2332 657 2332 1410 2333 1411 2333 656 2333 1411 2334 1412 2334 657 2334 657 2335 1412 2335 658 2335 1412 2336 1413 2336 658 2336 658 2337 1413 2337 659 2337 1413 2338 1349 2338 659 2338 659 2339 1349 2339 595 2339 595 2340 1349 2340 594 2340 1349 2341 1347 2341 594 2341 1347 2342 1345 2342 594 2342 594 2343 1345 2343 592 2343 592 2344 1345 2344 590 2344 1345 2345 1343 2345 590 2345 1343 2346 1341 2346 590 2346 590 2347 1341 2347 588 2347 1341 2348 1339 2348 588 2348 588 2349 1339 2349 586 2349 586 2350 1339 2350 584 2350 1339 2351 1337 2351 584 2351 1337 2352 1335 2352 584 2352 584 2353 1335 2353 582 2353 582 2354 1335 2354 580 2354 1335 2355 1333 2355 580 2355 1333 2356 1331 2356 580 2356 580 2357 1331 2357 578 2357 578 2358 1331 2358 576 2358 1331 2359 1329 2359 576 2359 1329 2360 1327 2360 576 2360 576 2361 1327 2361 574 2361 574 2362 1327 2362 571 2362 1327 2363 1325 2363 571 2363 1325 2364 1322 2364 571 2364 571 2365 1322 2365 568 2365 1322 2366 1318 2366 568 2366 568 2367 1318 2367 565 2367 565 2368 1318 2368 562 2368 1318 2369 1315 2369 562 2369 1315 2370 1311 2370 562 2370 562 2371 1311 2371 557 2371 557 2372 1311 2372 559 2372 1311 2373 1313 2373 559 2373 1313 2374 1314 2374 559 2374 559 2375 1314 2375 560 2375 560 2376 1314 2376 563 2376 1314 2377 1317 2377 563 2377 1317 2378 1321 2378 563 2378 563 2379 1321 2379 567 2379 1321 2380 1324 2380 567 2380 567 2381 1324 2381 570 2381 986 2382 985 2382 232 2382 232 2383 985 2383 230 2383 230 2384 985 2384 233 2384 985 2385 987 2385 233 2385 233 2386 987 2386 234 2386 987 2387 988 2387 234 2387 988 2388 989 2388 234 2388 234 2389 989 2389 235 2389 989 2390 990 2390 235 2390 235 2391 990 2391 236 2391 236 2392 990 2392 228 2392 990 2393 982 2393 228 2393 982 2394 977 2394 228 2394 228 2395 977 2395 223 2395 977 2396 974 2396 223 2396 223 2397 974 2397 220 2397 220 2398 974 2398 216 2398 974 2399 970 2399 216 2399 970 2400 966 2400 216 2400 216 2401 966 2401 212 2401 212 2402 966 2402 208 2402 966 2403 962 2403 208 2403 208 2404 962 2404 204 2404 962 2405 958 2405 204 2405 958 2406 954 2406 204 2406 204 2407 954 2407 200 2407 200 2408 954 2408 196 2408 954 2409 950 2409 196 2409 950 2410 949 2410 196 2410 196 2411 949 2411 194 2411 194 2412 952 2412 198 2412 949 2413 952 2413 194 2413 198 2414 956 2414 201 2414 952 2415 956 2415 198 2415 201 2416 960 2416 205 2416 956 2417 960 2417 201 2417 205 2418 964 2418 210 2418 960 2419 964 2419 205 2419 210 2420 968 2420 214 2420 214 2421 968 2421 218 2421 964 2422 968 2422 210 2422 968 2423 972 2423 218 2423 218 2424 929 2424 175 2424 972 2425 929 2425 218 2425 175 2426 926 2426 172 2426 929 2427 926 2427 175 2427 172 2428 923 2428 169 2428 926 2429 923 2429 172 2429 923 2430 920 2430 169 2430 169 2431 920 2431 166 2431 920 2432 917 2432 166 2432 166 2433 917 2433 163 2433 917 2434 914 2434 163 2434 163 2435 914 2435 160 2435 914 2436 910 2436 160 2436 160 2437 910 2437 156 2437 910 2438 906 2438 156 2438 156 2439 906 2439 153 2439 906 2440 902 2440 153 2440 153 2441 902 2441 149 2441 902 2442 897 2442 149 2442 149 2443 897 2443 144 2443 897 2444 900 2444 144 2444 144 2445 900 2445 146 2445 900 2446 904 2446 146 2446 146 2447 904 2447 150 2447 904 2448 908 2448 150 2448 150 2449 908 2449 154 2449 908 2450 912 2450 154 2450 154 2451 912 2451 158 2451 912 2452 915 2452 158 2452 158 2453 915 2453 161 2453 915 2454 918 2454 161 2454 161 2455 918 2455 164 2455 918 2456 921 2456 164 2456 164 2457 921 2457 167 2457 167 2458 921 2458 170 2458 921 2459 924 2459 170 2459 924 2460 927 2460 170 2460 170 2461 927 2461 173 2461 173 2462 927 2462 177 2462 927 2463 930 2463 177 2463 930 2464 933 2464 177 2464 177 2465 933 2465 179 2465 933 2466 935 2466 179 2466 179 2467 935 2467 181 2467 935 2468 943 2468 181 2468 181 2469 943 2469 188 2469 943 2470 944 2470 188 2470 188 2471 944 2471 190 2471 944 2472 945 2472 190 2472 190 2473 945 2473 191 2473 945 2474 946 2474 191 2474 191 2475 946 2475 192 2475 946 2476 947 2476 192 2476 192 2477 947 2477 193 2477 570 2478 1324 2478 1312 2478 558 2479 570 2479 1312 2479 551 2480 1312 2480 1304 2480 551 2481 558 2481 1312 2481 552 2482 1304 2482 1306 2482 552 2483 551 2483 1304 2483 240 2484 245 2484 999 2484 240 2485 999 2485 994 2485 231 2486 994 2486 984 2486 231 2487 240 2487 994 2487 232 2488 984 2488 986 2488 232 2489 231 2489 984 2489 1306 2490 1305 2490 552 2490 552 2491 1305 2491 550 2491 1305 2492 1307 2492 550 2492 550 2493 1307 2493 553 2493 1307 2494 1308 2494 553 2494 553 2495 1308 2495 554 2495 1308 2496 1309 2496 554 2496 554 2497 1309 2497 555 2497 555 2498 1309 2498 556 2498 1309 2499 1310 2499 556 2499 556 2500 1310 2500 561 2500 1310 2501 1316 2501 561 2501 1316 2502 1319 2502 561 2502 561 2503 1319 2503 564 2503 564 2504 1319 2504 566 2504 1319 2505 1320 2505 566 2505 1320 2506 1323 2506 566 2506 566 2507 1323 2507 569 2507 1323 2508 1326 2508 569 2508 569 2509 1326 2509 572 2509 1326 2510 1328 2510 572 2510 572 2511 1328 2511 573 2511 1328 2512 1330 2512 573 2512 573 2513 1330 2513 575 2513 575 2514 1330 2514 577 2514 1330 2515 1332 2515 577 2515 1332 2516 1334 2516 577 2516 577 2517 1334 2517 579 2517 1334 2518 1336 2518 579 2518 579 2519 1336 2519 581 2519 581 2520 1338 2520 583 2520 1336 2521 1338 2521 581 2521 583 2522 1340 2522 585 2522 1338 2523 1340 2523 583 2523 585 2524 1342 2524 587 2524 1340 2525 1342 2525 585 2525 587 2526 1344 2526 589 2526 1342 2527 1344 2527 587 2527 589 2528 1346 2528 591 2528 591 2529 1346 2529 593 2529 1344 2530 1346 2530 589 2530 1346 2531 1348 2531 593 2531 593 2532 1399 2532 645 2532 645 2533 1399 2533 647 2533 1348 2534 1399 2534 593 2534 1399 2535 1401 2535 647 2535 647 2536 1303 2536 549 2536 1401 2537 1303 2537 647 2537 1303 2538 1302 2538 549 2538 549 2539 1302 2539 548 2539 548 2540 1302 2540 547 2540 1302 2541 1301 2541 547 2541 1301 2542 1300 2542 547 2542 547 2543 1300 2543 546 2543 1300 2544 1298 2544 546 2544 546 2545 1298 2545 544 2545 1298 2546 1296 2546 544 2546 544 2547 1296 2547 542 2547 1296 2548 1294 2548 542 2548 542 2549 1294 2549 540 2549 1294 2550 1292 2550 540 2550 540 2551 1292 2551 538 2551 538 2552 1292 2552 537 2552 1292 2553 1290 2553 537 2553 1290 2554 1288 2554 537 2554 537 2555 1288 2555 534 2555 534 2556 1288 2556 533 2556 1288 2557 1286 2557 533 2557 533 2558 1286 2558 530 2558 1286 2559 1284 2559 530 2559 1284 2560 1282 2560 530 2560 530 2561 1282 2561 528 2561 528 2562 1282 2562 525 2562 1282 2563 1279 2563 525 2563 1279 2564 1276 2564 525 2564 525 2565 1276 2565 522 2565 1276 2566 1273 2566 522 2566 522 2567 1273 2567 519 2567 1273 2568 1270 2568 519 2568 519 2569 1270 2569 516 2569 1270 2570 1268 2570 516 2570 516 2571 1268 2571 514 2571 1268 2572 1264 2572 514 2572 514 2573 1264 2573 511 2573 511 2574 1264 2574 513 2574 1264 2575 1267 2575 513 2575 513 2576 1267 2576 515 2576 1267 2577 1269 2577 515 2577 515 2578 1269 2578 518 2578 1269 2579 1272 2579 518 2579 1272 2580 1275 2580 518 2580 518 2581 1275 2581 521 2581 521 2582 1275 2582 524 2582 1275 2583 1278 2583 524 2583 524 2584 1278 2584 527 2584 1278 2585 1281 2585 527 2585 273 2586 1027 2586 271 2586 1027 2587 1026 2587 271 2587 1026 2588 1028 2588 271 2588 271 2589 1028 2589 274 2589 1028 2590 1029 2590 274 2590 274 2591 1029 2591 275 2591 1029 2592 1030 2592 275 2592 275 2593 1030 2593 276 2593 1030 2594 1031 2594 276 2594 276 2595 1031 2595 277 2595 1031 2596 1036 2596 277 2596 277 2597 1036 2597 282 2597 1036 2598 1035 2598 282 2598 282 2599 1035 2599 280 2599 280 2600 1035 2600 270 2600 1035 2601 1024 2601 270 2601 1024 2602 1020 2602 270 2602 270 2603 1020 2603 266 2603 266 2604 1020 2604 262 2604 1020 2605 1016 2605 262 2605 1016 2606 1012 2606 262 2606 262 2607 1012 2607 258 2607 258 2608 1012 2608 254 2608 1012 2609 1008 2609 254 2609 1008 2610 1004 2610 254 2610 254 2611 1004 2611 250 2611 1004 2612 1002 2612 250 2612 250 2613 1002 2613 248 2613 248 2614 1002 2614 246 2614 1002 2615 1001 2615 246 2615 246 2616 1006 2616 251 2616 1001 2617 1006 2617 246 2617 251 2618 1010 2618 256 2618 1006 2619 1010 2619 251 2619 256 2620 1014 2620 259 2620 259 2621 1014 2621 264 2621 1010 2622 1014 2622 256 2622 1014 2623 1018 2623 264 2623 264 2624 1022 2624 267 2624 1018 2625 1022 2625 264 2625 267 2626 1033 2626 278 2626 1022 2627 1033 2627 267 2627 278 2628 992 2628 239 2628 1033 2629 992 2629 278 2629 239 2630 983 2630 229 2630 992 2631 983 2631 239 2631 229 2632 980 2632 226 2632 983 2633 980 2633 229 2633 980 2634 978 2634 226 2634 226 2635 978 2635 224 2635 978 2636 975 2636 224 2636 224 2637 975 2637 221 2637 975 2638 971 2638 221 2638 221 2639 971 2639 217 2639 971 2640 967 2640 217 2640 217 2641 967 2641 213 2641 213 2642 967 2642 209 2642 967 2643 963 2643 209 2643 963 2644 959 2644 209 2644 209 2645 959 2645 206 2645 206 2646 959 2646 202 2646 959 2647 955 2647 202 2647 955 2648 951 2648 202 2648 202 2649 951 2649 197 2649 197 2650 951 2650 195 2650 951 2651 948 2651 195 2651 948 2652 953 2652 195 2652 195 2653 953 2653 199 2653 199 2654 953 2654 203 2654 953 2655 957 2655 203 2655 957 2656 961 2656 203 2656 203 2657 961 2657 207 2657 961 2658 965 2658 207 2658 207 2659 965 2659 211 2659 211 2660 965 2660 215 2660 965 2661 969 2661 215 2661 969 2662 973 2662 215 2662 215 2663 973 2663 219 2663 219 2664 973 2664 222 2664 973 2665 976 2665 222 2665 976 2666 979 2666 222 2666 222 2667 979 2667 225 2667 979 2668 981 2668 225 2668 225 2669 981 2669 227 2669 227 2670 981 2670 237 2670 981 2671 991 2671 237 2671 237 2672 991 2672 241 2672 991 2673 995 2673 241 2673 995 2674 996 2674 241 2674 241 2675 996 2675 242 2675 996 2676 997 2676 242 2676 242 2677 997 2677 243 2677 997 2678 998 2678 243 2678 243 2679 998 2679 244 2679 244 2680 998 2680 245 2680 998 2681 999 2681 245 2681 527 2682 1281 2682 1263 2682 509 2683 527 2683 1263 2683 503 2684 1263 2684 1256 2684 503 2685 509 2685 1263 2685 504 2686 1256 2686 1258 2686 504 2687 503 2687 1256 2687 290 2688 296 2688 1050 2688 290 2689 1050 2689 1043 2689 272 2690 1043 2690 1025 2690 272 2691 290 2691 1043 2691 273 2692 1025 2692 1027 2692 273 2693 272 2693 1025 2693 504 2694 1258 2694 502 2694 1258 2695 1257 2695 502 2695 1257 2696 1259 2696 502 2696 502 2697 1259 2697 505 2697 1259 2698 1260 2698 505 2698 505 2699 1260 2699 506 2699 1260 2700 1261 2700 506 2700 506 2701 1261 2701 507 2701 507 2702 1261 2702 508 2702 1261 2703 1262 2703 508 2703 1262 2704 1266 2704 508 2704 508 2705 1266 2705 512 2705 1266 2706 1265 2706 512 2706 512 2707 1265 2707 510 2707 510 2708 1265 2708 517 2708 1265 2709 1271 2709 517 2709 517 2710 1271 2710 520 2710 1271 2711 1274 2711 520 2711 1274 2712 1277 2712 520 2712 520 2713 1277 2713 523 2713 1277 2714 1280 2714 523 2714 523 2715 1280 2715 526 2715 1280 2716 1283 2716 526 2716 526 2717 1283 2717 529 2717 1283 2718 1285 2718 529 2718 529 2719 1285 2719 531 2719 531 2720 1285 2720 532 2720 1285 2721 1287 2721 532 2721 1287 2722 1289 2722 532 2722 532 2723 1289 2723 535 2723 535 2724 1289 2724 536 2724 1289 2725 1291 2725 536 2725 536 2726 1293 2726 539 2726 1291 2727 1293 2727 536 2727 539 2728 1295 2728 541 2728 1293 2729 1295 2729 539 2729 541 2730 1297 2730 543 2730 1295 2731 1297 2731 541 2731 543 2732 1299 2732 545 2732 1297 2733 1299 2733 543 2733 545 2734 1255 2734 501 2734 1299 2735 1255 2735 545 2735 501 2736 1254 2736 500 2736 1255 2737 1254 2737 501 2737 500 2738 1253 2738 499 2738 1254 2739 1253 2739 500 2739 499 2740 1252 2740 498 2740 498 2741 1252 2741 497 2741 1253 2742 1252 2742 499 2742 1252 2743 1251 2743 497 2743 1251 2744 1250 2744 497 2744 497 2745 1250 2745 496 2745 1250 2746 1249 2746 496 2746 496 2747 1249 2747 495 2747 1249 2748 1248 2748 495 2748 495 2749 1248 2749 494 2749 1248 2750 1246 2750 494 2750 494 2751 1246 2751 493 2751 493 2752 1246 2752 490 2752 1246 2753 1244 2753 490 2753 1244 2754 1242 2754 490 2754 490 2755 1242 2755 489 2755 1242 2756 1240 2756 489 2756 489 2757 1240 2757 487 2757 1240 2758 1238 2758 487 2758 487 2759 1238 2759 485 2759 1238 2760 1235 2760 485 2760 485 2761 1235 2761 482 2761 1235 2762 1232 2762 482 2762 482 2763 1232 2763 478 2763 1232 2764 1229 2764 478 2764 478 2765 1229 2765 476 2765 1229 2766 1226 2766 476 2766 476 2767 1226 2767 472 2767 1226 2768 1223 2768 472 2768 472 2769 1223 2769 470 2769 470 2770 1223 2770 465 2770 1223 2771 1219 2771 465 2771 1219 2772 1216 2772 465 2772 465 2773 1216 2773 462 2773 462 2774 1216 2774 459 2774 1216 2775 1212 2775 459 2775 1212 2776 1218 2776 459 2776 459 2777 1218 2777 464 2777 1218 2778 1221 2778 464 2778 464 2779 1221 2779 467 2779 1221 2780 1225 2780 467 2780 467 2781 1225 2781 471 2781 1225 2782 1228 2782 471 2782 471 2783 1228 2783 474 2783 1228 2784 1231 2784 474 2784 474 2785 1231 2785 477 2785 1231 2786 1234 2786 477 2786 477 2787 1234 2787 480 2787 1234 2788 1237 2788 480 2788 480 2789 1237 2789 483 2789 1053 2790 1052 2790 299 2790 299 2791 1052 2791 297 2791 1052 2792 1054 2792 297 2792 297 2793 1054 2793 300 2793 1054 2794 1055 2794 300 2794 300 2795 1055 2795 301 2795 1055 2796 1056 2796 301 2796 301 2797 1056 2797 302 2797 1056 2798 1057 2798 302 2798 302 2799 1057 2799 303 2799 1057 2800 1083 2800 303 2800 303 2801 1083 2801 329 2801 1083 2802 1076 2802 329 2802 329 2803 1076 2803 322 2803 1076 2804 1072 2804 322 2804 322 2805 1072 2805 318 2805 1072 2806 1068 2806 318 2806 318 2807 1068 2807 314 2807 1068 2808 1064 2808 314 2808 314 2809 1064 2809 310 2809 1064 2810 1060 2810 310 2810 310 2811 1060 2811 306 2811 1060 2812 1059 2812 306 2812 306 2813 1059 2813 304 2813 304 2814 1059 2814 308 2814 1059 2815 1062 2815 308 2815 1062 2816 1066 2816 308 2816 308 2817 1066 2817 312 2817 312 2818 1066 2818 316 2818 1066 2819 1070 2819 316 2819 316 2820 1074 2820 320 2820 1070 2821 1074 2821 316 2821 320 2822 1078 2822 324 2822 324 2823 1078 2823 327 2823 1074 2824 1078 2824 320 2824 1078 2825 1081 2825 327 2825 327 2826 1085 2826 331 2826 331 2827 1085 2827 335 2827 1081 2828 1085 2828 327 2828 1085 2829 1089 2829 335 2829 335 2830 1092 2830 338 2830 338 2831 1092 2831 294 2831 1089 2832 1092 2832 335 2832 294 2833 1048 2833 292 2833 1092 2834 1048 2834 294 2834 1048 2835 1046 2835 292 2835 292 2836 1042 2836 288 2836 1046 2837 1042 2837 292 2837 1042 2838 1041 2838 288 2838 288 2839 1041 2839 287 2839 287 2840 1041 2840 285 2840 1041 2841 1039 2841 285 2841 1039 2842 1037 2842 285 2842 285 2843 1037 2843 283 2843 1037 2844 1032 2844 283 2844 283 2845 1032 2845 279 2845 279 2846 1032 2846 268 2846 1032 2847 1021 2847 268 2847 1021 2848 1017 2848 268 2848 268 2849 1017 2849 263 2849 263 2850 1017 2850 260 2850 1017 2851 1013 2851 260 2851 1013 2852 1009 2852 260 2852 260 2853 1009 2853 255 2853 255 2854 1009 2854 252 2854 1009 2855 1005 2855 252 2855 1005 2856 1000 2856 252 2856 252 2857 1000 2857 247 2857 1000 2858 1003 2858 247 2858 247 2859 1003 2859 249 2859 1003 2860 1007 2860 249 2860 249 2861 1007 2861 253 2861 1007 2862 1011 2862 253 2862 253 2863 1011 2863 257 2863 1011 2864 1015 2864 257 2864 257 2865 1015 2865 261 2865 1015 2866 1019 2866 261 2866 261 2867 1019 2867 265 2867 1019 2868 1023 2868 265 2868 265 2869 1023 2869 269 2869 1023 2870 1034 2870 269 2870 269 2871 1034 2871 281 2871 281 2872 1034 2872 284 2872 1034 2873 1038 2873 284 2873 1038 2874 1040 2874 284 2874 284 2875 1040 2875 286 2875 1040 2876 1044 2876 286 2876 286 2877 1044 2877 289 2877 1044 2878 1045 2878 289 2878 289 2879 1045 2879 291 2879 1045 2880 1047 2880 291 2880 291 2881 1047 2881 293 2881 1047 2882 1049 2882 293 2882 293 2883 1049 2883 295 2883 295 2884 1049 2884 296 2884 1049 2885 1050 2885 296 2885 483 2886 1237 2886 1222 2886 468 2887 483 2887 1222 2887 452 2888 1222 2888 1205 2888 452 2889 468 2889 1222 2889 453 2890 1205 2890 1207 2890 453 2891 452 2891 1205 2891 345 2892 1099 2892 1087 2892 333 2893 1087 2893 1051 2893 333 2894 345 2894 1087 2894 298 2895 333 2895 1051 2895 299 2896 1051 2896 1053 2896 299 2897 298 2897 1051 2897 453 2898 1207 2898 451 2898 1207 2899 1206 2899 451 2899 1206 2900 1208 2900 451 2900 451 2901 1208 2901 454 2901 1208 2902 1209 2902 454 2902 454 2903 1209 2903 455 2903 455 2904 1209 2904 456 2904 1209 2905 1210 2905 456 2905 1210 2906 1211 2906 456 2906 456 2907 1211 2907 457 2907 1211 2908 1214 2908 457 2908 457 2909 1214 2909 460 2909 1214 2910 1213 2910 460 2910 460 2911 1213 2911 458 2911 458 2912 1213 2912 461 2912 1213 2913 1215 2913 461 2913 1215 2914 1217 2914 461 2914 461 2915 1217 2915 463 2915 463 2916 1217 2916 466 2916 1217 2917 1220 2917 466 2917 1220 2918 1224 2918 466 2918 466 2919 1224 2919 469 2919 1224 2920 1227 2920 469 2920 469 2921 1227 2921 473 2921 473 2922 1227 2922 475 2922 1227 2923 1230 2923 475 2923 1230 2924 1233 2924 475 2924 475 2925 1233 2925 479 2925 479 2926 1233 2926 481 2926 1233 2927 1236 2927 481 2927 481 2928 1239 2928 484 2928 1236 2929 1239 2929 481 2929 484 2930 1239 2930 486 2930 1239 2931 1241 2931 486 2931 486 2932 1243 2932 488 2932 1241 2933 1243 2933 486 2933 488 2934 1245 2934 491 2934 1243 2935 1245 2935 488 2935 491 2936 1247 2936 492 2936 492 2937 1247 2937 450 2937 1245 2938 1247 2938 491 2938 1247 2939 1204 2939 450 2939 450 2940 1203 2940 449 2940 1204 2941 1203 2941 450 2941 449 2942 1202 2942 448 2942 1203 2943 1202 2943 449 2943 448 2944 1201 2944 447 2944 447 2945 1201 2945 446 2945 1202 2946 1201 2946 448 2946 1201 2947 1200 2947 446 2947 1200 2948 1199 2948 446 2948 446 2949 1199 2949 445 2949 1199 2950 1198 2950 445 2950 445 2951 1198 2951 444 2951 444 2952 1198 2952 442 2952 1198 2953 1196 2953 442 2953 1196 2954 1194 2954 442 2954 442 2955 1194 2955 440 2955 1194 2956 1192 2956 440 2956 440 2957 1192 2957 438 2957 1192 2958 1189 2958 438 2958 438 2959 1189 2959 435 2959 435 2960 1189 2960 432 2960 1189 2961 1186 2961 432 2961 1186 2962 1183 2962 432 2962 432 2963 1183 2963 429 2963 1183 2964 1180 2964 429 2964 429 2965 1180 2965 426 2965 1180 2966 1177 2966 426 2966 426 2967 1177 2967 423 2967 1177 2968 1174 2968 423 2968 423 2969 1174 2969 421 2969 421 2970 1174 2970 416 2970 1174 2971 1170 2971 416 2971 416 2972 1170 2972 414 2972 1170 2973 1167 2973 414 2973 1167 2974 1162 2974 414 2974 414 2975 1162 2975 409 2975 409 2976 1162 2976 411 2976 1162 2977 1165 2977 411 2977 1165 2978 1169 2978 411 2978 411 2979 1169 2979 415 2979 1169 2980 1172 2980 415 2980 415 2981 1172 2981 418 2981 1172 2982 1176 2982 418 2982 418 2983 1176 2983 422 2983 1176 2984 1179 2984 422 2984 422 2985 1179 2985 425 2985 425 2986 1179 2986 428 2986 1179 2987 1182 2987 428 2987 1182 2988 1185 2988 428 2988 428 2989 1185 2989 431 2989 431 2990 1185 2990 434 2990 1185 2991 1188 2991 434 2991 1188 2992 1191 2992 434 2992 434 2993 1191 2993 437 2993 351 2994 1105 2994 349 2994 1105 2995 1104 2995 349 2995 1104 2996 1106 2996 349 2996 349 2997 1106 2997 352 2997 1106 2998 1107 2998 352 2998 352 2999 1107 2999 353 2999 1107 3000 1108 3000 353 3000 353 3001 1108 3001 354 3001 354 3002 1108 3002 355 3002 1108 3003 1109 3003 355 3003 1109 3004 1127 3004 355 3004 355 3005 1127 3005 373 3005 1127 3006 1126 3006 373 3006 373 3007 1126 3007 371 3007 1126 3008 1122 3008 371 3008 371 3009 1122 3009 368 3009 1122 3010 1118 3010 368 3010 368 3011 1118 3011 364 3011 364 3012 1118 3012 360 3012 1118 3013 1114 3013 360 3013 1114 3014 1112 3014 360 3014 360 3015 1112 3015 358 3015 358 3016 1112 3016 356 3016 1112 3017 1111 3017 356 3017 1111 3018 1116 3018 356 3018 356 3019 1116 3019 361 3019 1116 3020 1120 3020 361 3020 361 3021 1120 3021 365 3021 365 3022 1120 3022 370 3022 1120 3023 1124 3023 370 3023 370 3024 1129 3024 374 3024 1124 3025 1129 3025 370 3025 374 3026 1132 3026 378 3026 1129 3027 1132 3027 374 3027 378 3028 1136 3028 381 3028 381 3029 1136 3029 385 3029 1132 3030 1136 3030 378 3030 1136 3031 1139 3031 385 3031 385 3032 1142 3032 387 3032 1139 3033 1142 3033 385 3033 387 3034 1102 3034 348 3034 1142 3035 1102 3035 387 3035 348 3036 1101 3036 347 3036 1102 3037 1101 3037 348 3037 347 3038 1100 3038 346 3038 346 3039 1100 3039 344 3039 1101 3040 1100 3040 347 3040 1100 3041 1098 3041 344 3041 1098 3042 1096 3042 344 3042 344 3043 1096 3043 342 3043 1096 3044 1094 3044 342 3044 342 3045 1094 3045 340 3045 340 3046 1094 3046 337 3046 1094 3047 1091 3047 337 3047 1091 3048 1088 3048 337 3048 337 3049 1088 3049 334 3049 1088 3050 1084 3050 334 3050 334 3051 1084 3051 330 3051 330 3052 1084 3052 326 3052 1084 3053 1080 3053 326 3053 1080 3054 1077 3054 326 3054 326 3055 1077 3055 323 3055 323 3056 1077 3056 319 3056 1077 3057 1073 3057 319 3057 319 3058 1073 3058 315 3058 1073 3059 1069 3059 315 3059 1069 3060 1065 3060 315 3060 315 3061 1065 3061 311 3061 311 3062 1065 3062 307 3062 1065 3063 1061 3063 307 3063 1061 3064 1058 3064 307 3064 307 3065 1058 3065 305 3065 305 3066 1058 3066 309 3066 1058 3067 1063 3067 309 3067 1063 3068 1067 3068 309 3068 309 3069 1067 3069 313 3069 1067 3070 1071 3070 313 3070 313 3071 1071 3071 317 3071 1071 3072 1075 3072 317 3072 317 3073 1075 3073 321 3073 321 3074 1075 3074 325 3074 1075 3075 1079 3075 325 3075 1079 3076 1082 3076 325 3076 325 3077 1082 3077 328 3077 328 3078 1082 3078 332 3078 1082 3079 1086 3079 332 3079 1086 3080 1090 3080 332 3080 332 3081 1090 3081 336 3081 1090 3082 1093 3082 336 3082 336 3083 1093 3083 339 3083 1093 3084 1095 3084 339 3084 339 3085 1095 3085 341 3085 1095 3086 1097 3086 341 3086 341 3087 1097 3087 343 3087 1097 3088 1099 3088 343 3088 343 3089 1099 3089 345 3089 437 3090 1191 3090 1161 3090 407 3091 437 3091 1161 3091 401 3092 1161 3092 1154 3092 401 3093 1154 3093 1156 3093 401 3094 407 3094 1161 3094 402 3095 401 3095 1156 3095 380 3096 393 3096 1147 3096 380 3097 1147 3097 1134 3097 350 3098 1134 3098 1103 3098 350 3099 380 3099 1134 3099 351 3100 1103 3100 1105 3100 351 3101 350 3101 1103 3101 1156 3102 1155 3102 402 3102 402 3103 1155 3103 400 3103 1155 3104 1157 3104 400 3104 400 3105 1157 3105 403 3105 403 3106 1157 3106 404 3106 1157 3107 1158 3107 404 3107 1158 3108 1159 3108 404 3108 404 3109 1159 3109 405 3109 405 3110 1159 3110 406 3110 1159 3111 1160 3111 406 3111 1160 3112 1173 3112 406 3112 406 3113 1173 3113 419 3113 1173 3114 1166 3114 419 3114 419 3115 1166 3115 412 3115 412 3116 1166 3116 410 3116 1166 3117 1164 3117 410 3117 410 3118 1164 3118 408 3118 1164 3119 1163 3119 408 3119 1163 3120 1168 3120 408 3120 408 3121 1168 3121 413 3121 1168 3122 1171 3122 413 3122 413 3123 1171 3123 417 3123 1171 3124 1175 3124 417 3124 417 3125 1175 3125 420 3125 1175 3126 1178 3126 420 3126 420 3127 1178 3127 424 3127 1178 3128 1181 3128 424 3128 424 3129 1181 3129 427 3129 1181 3130 1184 3130 427 3130 427 3131 1184 3131 430 3131 430 3132 1184 3132 433 3132 1184 3133 1187 3133 433 3133 433 3134 1190 3134 436 3134 436 3135 1190 3135 439 3135 1187 3136 1190 3136 433 3136 439 3137 1193 3137 441 3137 1190 3138 1193 3138 439 3138 1193 3139 1195 3139 441 3139 441 3140 1197 3140 443 3140 1195 3141 1197 3141 441 3141 443 3142 1153 3142 399 3142 399 3143 1153 3143 398 3143 1197 3144 1153 3144 443 3144 1153 3145 1152 3145 398 3145 398 3146 1151 3146 397 3146 1152 3147 1151 3147 398 3147 397 3148 1150 3148 396 3148 396 3149 1150 3149 395 3149 1151 3150 1150 3150 397 3150 1150 3151 1149 3151 395 3151 1149 3152 1148 3152 395 3152 395 3153 1148 3153 394 3153 394 3154 1148 3154 392 3154 1148 3155 1146 3155 392 3155 1146 3156 1144 3156 392 3156 392 3157 1144 3157 390 3157 390 3158 1144 3158 388 3158 1144 3159 1141 3159 388 3159 1141 3160 1138 3160 388 3160 388 3161 1138 3161 384 3161 384 3162 1138 3162 382 3162 1138 3163 1135 3163 382 3163 1135 3164 1131 3164 382 3164 382 3165 1131 3165 377 3165 377 3166 1131 3166 375 3166 1131 3167 1128 3167 375 3167 1128 3168 1123 3168 375 3168 375 3169 1123 3169 369 3169 369 3170 1123 3170 366 3170 1123 3171 1119 3171 366 3171 1119 3172 1115 3172 366 3172 366 3173 1115 3173 362 3173 1115 3174 1110 3174 362 3174 362 3175 1110 3175 357 3175 1110 3176 1113 3176 357 3176 357 3177 1113 3177 359 3177 359 3178 1113 3178 363 3178 1113 3179 1117 3179 363 3179 1117 3180 1121 3180 363 3180 363 3181 1121 3181 367 3181 1121 3182 1125 3182 367 3182 367 3183 1125 3183 372 3183 1125 3184 1130 3184 372 3184 372 3185 1130 3185 376 3185 1130 3186 1133 3186 376 3186 376 3187 1133 3187 379 3187 1133 3188 1137 3188 379 3188 379 3189 1137 3189 383 3189 383 3190 1137 3190 386 3190 1137 3191 1140 3191 386 3191 386 3192 1140 3192 389 3192 1140 3193 1143 3193 389 3193 1143 3194 1145 3194 389 3194 389 3195 1145 3195 391 3195 1145 3196 1147 3196 391 3196 391 3197 1147 3197 393 3197 754 3198 753 3198 1723 3198 753 3199 1691 3199 1723 3199 754 3200 1723 3200 752 3200 752 3201 1724 3201 750 3201 1723 3202 1724 3202 752 3202 750 3203 1725 3203 748 3203 1724 3204 1725 3204 750 3204 748 3205 1726 3205 746 3205 1725 3206 1726 3206 748 3206 746 3207 1727 3207 744 3207 1726 3208 1727 3208 746 3208 742 3209 1728 3209 740 3209 744 3210 1728 3210 742 3210 1727 3211 1728 3211 744 3211 1728 3212 1729 3212 740 3212 740 3213 1729 3213 737 3213 1729 3214 1730 3214 737 3214 737 3215 1730 3215 735 3215 1730 3216 1731 3216 735 3216 735 3217 1731 3217 733 3217 1731 3218 1732 3218 733 3218 733 3219 1732 3219 731 3219 1732 3220 1733 3220 731 3220 731 3221 1733 3221 729 3221 1733 3222 1734 3222 729 3222 729 3223 1734 3223 727 3223 727 3224 1735 3224 725 3224 1734 3225 1735 3225 727 3225 723 3226 1736 3226 721 3226 725 3227 1736 3227 723 3227 1735 3228 1736 3228 725 3228 1736 3229 1737 3229 721 3229 721 3230 1737 3230 719 3230 719 3231 1738 3231 717 3231 1737 3232 1738 3232 719 3232 717 3233 1739 3233 715 3233 1738 3234 1739 3234 717 3234 715 3235 1740 3235 713 3235 1739 3236 1740 3236 715 3236 713 3237 1741 3237 711 3237 1740 3238 1741 3238 713 3238 711 3239 1742 3239 709 3239 1741 3240 1742 3240 711 3240 709 3241 1743 3241 707 3241 1742 3242 1743 3242 709 3242 705 3243 1744 3243 703 3243 707 3244 1744 3244 705 3244 1743 3245 1744 3245 707 3245 703 3246 1745 3246 701 3246 1744 3247 1745 3247 703 3247 701 3248 1746 3248 699 3248 1745 3249 1746 3249 701 3249 699 3250 1747 3250 697 3250 1746 3251 1747 3251 699 3251 695 3252 1748 3252 693 3252 697 3253 1748 3253 695 3253 1747 3254 1748 3254 697 3254 693 3255 1749 3255 691 3255 1748 3256 1749 3256 693 3256 691 3257 1750 3257 689 3257 1749 3258 1750 3258 691 3258 687 3259 1751 3259 686 3259 689 3260 1751 3260 687 3260 1750 3261 1751 3261 689 3261 686 3262 1752 3262 684 3262 1751 3263 1752 3263 686 3263 684 3264 1753 3264 682 3264 1752 3265 1753 3265 684 3265 682 3266 1754 3266 680 3266 1753 3267 1754 3267 682 3267 680 3268 1394 3268 3 3268 1754 3269 1394 3269 680 3269 1755 3270 1756 3270 1757 3270 1755 3271 1758 3271 1756 3271 1759 3272 1760 3272 1755 3272 1760 3273 1761 3273 1755 3273 1762 3274 1763 3274 1764 3274 1758 3275 1763 3275 1762 3275 1765 3276 1766 3276 1761 3276 1763 3277 1767 3277 1768 3277 1769 3278 1770 3278 1766 3278 1755 3279 1770 3279 1758 3279 1766 3280 1770 3280 1761 3280 1761 3281 1770 3281 1755 3281 1767 3282 1771 3282 1772 3282 1773 3283 1774 3283 1770 3283 1758 3284 1775 3284 1763 3284 1767 3285 1775 3285 1771 3285 1763 3286 1775 3286 1767 3286 1776 3287 1777 3287 1774 3287 1778 3288 1777 3288 1776 3288 1770 3289 1777 3289 1758 3289 1774 3290 1777 3290 1770 3290 1758 3291 1777 3291 1775 3291 1779 3292 1780 3292 1781 3292 1775 3293 1780 3293 1779 3293 1782 3294 1783 3294 1777 3294 1780 3295 1784 3295 1785 3295 1775 3296 1784 3296 1780 3296 1783 3297 1786 3297 1777 3297 1775 3298 760 3298 1784 3298 1786 3299 760 3299 1777 3299 1777 3300 760 3300 1775 3300 1786 3301 1787 3301 760 3301 760 3302 1496 3302 763 3302 1787 3303 1496 3303 760 3303 1784 3304 759 3304 1532 3304 1784 3305 760 3305 759 3305 1785 3306 1532 3306 1533 3306 1785 3307 1784 3307 1532 3307 1780 3308 1533 3308 1531 3308 1780 3309 1785 3309 1533 3309 1781 3310 1531 3310 1534 3310 1781 3311 1780 3311 1531 3311 1779 3312 1534 3312 1536 3312 1779 3313 1781 3313 1534 3313 1775 3314 1536 3314 1535 3314 1775 3315 1779 3315 1536 3315 1771 3316 1535 3316 1537 3316 1771 3317 1537 3317 1539 3317 1771 3318 1775 3318 1535 3318 1772 3319 1771 3319 1539 3319 1767 3320 1772 3320 1539 3320 1767 3321 1539 3321 1538 3321 1767 3322 1538 3322 1541 3322 1768 3323 1767 3323 1541 3323 1763 3324 1768 3324 1541 3324 1763 3325 1541 3325 1542 3325 1763 3326 1542 3326 1543 3326 1764 3327 1763 3327 1543 3327 1762 3328 1543 3328 1540 3328 1762 3329 1764 3329 1543 3329 1758 3330 1540 3330 1545 3330 1758 3331 1545 3331 1544 3331 1758 3332 1762 3332 1540 3332 1756 3333 1758 3333 1544 3333 1757 3334 1544 3334 1546 3334 1757 3335 1756 3335 1544 3335 1755 3336 1546 3336 1547 3336 1755 3337 1757 3337 1546 3337 1759 3338 1547 3338 1549 3338 1759 3339 1549 3339 1548 3339 1759 3340 1755 3340 1547 3340 1760 3341 1759 3341 1548 3341 1761 3342 1548 3342 1551 3342 1761 3343 1760 3343 1548 3343 1765 3344 1551 3344 1552 3344 1765 3345 1761 3345 1551 3345 1766 3346 1552 3346 1550 3346 1766 3347 1550 3347 1553 3347 1766 3348 1765 3348 1552 3348 1769 3349 1766 3349 1553 3349 1770 3350 1553 3350 1555 3350 1770 3351 1555 3351 1554 3351 1770 3352 1769 3352 1553 3352 1773 3353 1770 3353 1554 3353 1774 3354 1554 3354 1556 3354 1774 3355 1773 3355 1554 3355 1776 3356 1556 3356 1557 3356 1776 3357 1774 3357 1556 3357 1778 3358 1557 3358 1559 3358 1778 3359 1559 3359 1558 3359 1778 3360 1776 3360 1557 3360 1777 3361 1558 3361 1561 3361 1777 3362 1778 3362 1558 3362 1782 3363 1777 3363 1561 3363 1783 3364 1561 3364 1562 3364 1783 3365 1562 3365 1560 3365 1783 3366 1782 3366 1561 3366 1786 3367 1783 3367 1560 3367 1500 3368 993 3368 1788 3368 1500 3369 761 3369 993 3369 1499 3370 1788 3370 1789 3370 1499 3371 1500 3371 1788 3371 1501 3372 1789 3372 1790 3372 1501 3373 1499 3373 1789 3373 1502 3374 1790 3374 1791 3374 1502 3375 1501 3375 1790 3375 1503 3376 1791 3376 1792 3376 1503 3377 1502 3377 1791 3377 1504 3378 1792 3378 1793 3378 1504 3379 1793 3379 1794 3379 1504 3380 1503 3380 1792 3380 1505 3381 1504 3381 1794 3381 1506 3382 1505 3382 1794 3382 1506 3383 1794 3383 1795 3383 1506 3384 1795 3384 1796 3384 1507 3385 1506 3385 1796 3385 1508 3386 1796 3386 1797 3386 1508 3387 1797 3387 1798 3387 1508 3388 1507 3388 1796 3388 1509 3389 1508 3389 1798 3389 1510 3390 1798 3390 1799 3390 1510 3391 1799 3391 1800 3391 1510 3392 1509 3392 1798 3392 1511 3393 1800 3393 1801 3393 1511 3394 1510 3394 1800 3394 1512 3395 1511 3395 1801 3395 1513 3396 1801 3396 1802 3396 1513 3397 1512 3397 1801 3397 1514 3398 1802 3398 1803 3398 1514 3399 1513 3399 1802 3399 1515 3400 1803 3400 1804 3400 1515 3401 1514 3401 1803 3401 1516 3402 1804 3402 1805 3402 1516 3403 1515 3403 1804 3403 1517 3404 1805 3404 1806 3404 1517 3405 1516 3405 1805 3405 1518 3406 1806 3406 1807 3406 1518 3407 1807 3407 1808 3407 1518 3408 1517 3408 1806 3408 1519 3409 1518 3409 1808 3409 1520 3410 1808 3410 1809 3410 1520 3411 1519 3411 1808 3411 1521 3412 1809 3412 1810 3412 1521 3413 1520 3413 1809 3413 1522 3414 1810 3414 1811 3414 1522 3415 1811 3415 1812 3415 1522 3416 1521 3416 1810 3416 1523 3417 1522 3417 1812 3417 1524 3418 1812 3418 1813 3418 1524 3419 1523 3419 1812 3419 1525 3420 1813 3420 1814 3420 1525 3421 1524 3421 1813 3421 1526 3422 1814 3422 1815 3422 1526 3423 1525 3423 1814 3423 1527 3424 1815 3424 1816 3424 1527 3425 1526 3425 1815 3425 1528 3426 1816 3426 1817 3426 1528 3427 1527 3427 1816 3427 1529 3428 1817 3428 1818 3428 1529 3429 1528 3429 1817 3429 1530 3430 1818 3430 1819 3430 1530 3431 1529 3431 1818 3431 993 3432 1394 3432 1820 3432 1821 3433 993 3433 1820 3433 1822 3434 1820 3434 1823 3434 1822 3435 1823 3435 1824 3435 1822 3436 1821 3436 1820 3436 1825 3437 1822 3437 1824 3437 1826 3438 1824 3438 1827 3438 1826 3439 1825 3439 1824 3439 1828 3440 1827 3440 1829 3440 1828 3441 1829 3441 1830 3441 1828 3442 1826 3442 1827 3442 1831 3443 1828 3443 1830 3443 1832 3444 1830 3444 1833 3444 1832 3445 1833 3445 1834 3445 1832 3446 1831 3446 1830 3446 1835 3447 1832 3447 1834 3447 1836 3448 1835 3448 1834 3448 1836 3449 1834 3449 1837 3449 1838 3450 1837 3450 1839 3450 1838 3451 1836 3451 1837 3451 1840 3452 1839 3452 1841 3452 1840 3453 1841 3453 1842 3453 1840 3454 1838 3454 1839 3454 1843 3455 1840 3455 1842 3455 1844 3456 1842 3456 1845 3456 1844 3457 1843 3457 1842 3457 1846 3458 1845 3458 1847 3458 1846 3459 1844 3459 1845 3459 1848 3460 1847 3460 1849 3460 1848 3461 1849 3461 1850 3461 1848 3462 1846 3462 1847 3462 1851 3463 1848 3463 1850 3463 1852 3464 1850 3464 1853 3464 1852 3465 1853 3465 1854 3465 1852 3466 1851 3466 1850 3466 1855 3467 1852 3467 1854 3467 1856 3468 1854 3468 1857 3468 1856 3469 1855 3469 1854 3469 1858 3470 1857 3470 1859 3470 1858 3471 1859 3471 1860 3471 1858 3472 1856 3472 1857 3472 1861 3473 1858 3473 1860 3473 1862 3474 1860 3474 1863 3474 1862 3475 1863 3475 1864 3475 1862 3476 1861 3476 1860 3476 1865 3477 1862 3477 1864 3477 1866 3478 1864 3478 1867 3478 1866 3479 1865 3479 1864 3479 1868 3480 1867 3480 1869 3480 1868 3481 1869 3481 1870 3481 1868 3482 1866 3482 1867 3482 1871 3483 1868 3483 1870 3483 1872 3484 1870 3484 1873 3484 1872 3485 1873 3485 1874 3485 1872 3486 1871 3486 1870 3486 1875 3487 1874 3487 1876 3487 1875 3488 1872 3488 1874 3488 1877 3489 1875 3489 1876 3489 1878 3490 1876 3490 1879 3490 1878 3491 1879 3491 1880 3491 1878 3492 1877 3492 1876 3492 1881 3493 1880 3493 1882 3493 1881 3494 1878 3494 1880 3494 1883 3495 1881 3495 1882 3495 1560 3496 1787 3496 1786 3496 1495 3497 1462 3497 1560 3497 1560 3498 1462 3498 1787 3498 1462 3499 1884 3499 1787 3499 1495 3500 1432 3500 1462 3500 1462 3501 1885 3501 1884 3501 1885 3502 1462 3502 1463 3502 1885 3503 1463 3503 1497 3503 1787 3504 1884 3504 1498 3504 1787 3505 1498 3505 1496 3505 1885 3506 1497 3506 1884 3506 1884 3507 1497 3507 1498 3507 1626 3508 1585 3508 1819 3508 1819 3509 1585 3509 1530 3509 1886 3510 1690 3510 1688 3510 1626 3511 1887 3511 1625 3511 1888 3512 1629 3512 1628 3512 1889 3513 1628 3513 238 3513 1889 3514 1888 3514 1628 3514 1890 3515 1889 3515 238 3515 1891 3516 1632 3516 1629 3516 1891 3517 1888 3517 1889 3517 1891 3518 1629 3518 1888 3518 1892 3519 1890 3519 238 3519 1893 3520 1891 3520 1889 3520 1893 3521 1889 3521 1890 3521 1894 3522 1633 3522 1632 3522 1894 3523 1635 3523 1633 3523 1894 3524 1632 3524 1891 3524 1895 3525 1892 3525 238 3525 1896 3526 1893 3526 1890 3526 1896 3527 1890 3527 1892 3527 1897 3528 1891 3528 1893 3528 1897 3529 1894 3529 1891 3529 1898 3530 1895 3530 238 3530 1899 3531 1892 3531 1895 3531 1899 3532 1896 3532 1892 3532 1900 3533 1893 3533 1896 3533 1900 3534 1897 3534 1893 3534 1901 3535 1898 3535 238 3535 1902 3536 1638 3536 1635 3536 1902 3537 1894 3537 1897 3537 1902 3538 1635 3538 1894 3538 1903 3539 1899 3539 1895 3539 1903 3540 1895 3540 1898 3540 1904 3541 1900 3541 1896 3541 1904 3542 1896 3542 1899 3542 1905 3543 1901 3543 238 3543 1906 3544 1897 3544 1900 3544 1906 3545 1902 3545 1897 3545 1907 3546 1903 3546 1898 3546 1907 3547 1898 3547 1901 3547 1908 3548 1639 3548 1638 3548 1908 3549 1642 3549 1639 3549 1908 3550 1638 3550 1902 3550 1909 3551 1904 3551 1899 3551 1909 3552 1899 3552 1903 3552 1910 3553 1905 3553 238 3553 1911 3554 1906 3554 1900 3554 1911 3555 1900 3555 1904 3555 1912 3556 1901 3556 1905 3556 1912 3557 1907 3557 1901 3557 1913 3558 1902 3558 1906 3558 1913 3559 1908 3559 1902 3559 1914 3560 1909 3560 1903 3560 1914 3561 1903 3561 1907 3561 1915 3562 1910 3562 238 3562 1916 3563 1911 3563 1904 3563 1916 3564 1904 3564 1909 3564 1917 3565 1905 3565 1910 3565 1917 3566 1912 3566 1905 3566 1918 3567 1906 3567 1911 3567 1918 3568 1913 3568 1906 3568 1919 3569 1907 3569 1912 3569 1919 3570 1914 3570 1907 3570 1920 3571 1642 3571 1908 3571 1920 3572 1643 3572 1642 3572 1920 3573 1908 3573 1913 3573 1921 3574 1915 3574 238 3574 1921 3575 238 3575 1595 3575 1922 3576 1916 3576 1909 3576 1922 3577 1909 3577 1914 3577 1923 3578 1910 3578 1915 3578 1923 3579 1917 3579 1910 3579 1924 3580 1911 3580 1916 3580 1924 3581 1918 3581 1911 3581 1925 3582 1912 3582 1917 3582 1925 3583 1919 3583 1912 3583 1926 3584 1920 3584 1913 3584 1926 3585 1913 3585 1918 3585 1927 3586 1595 3586 1596 3586 1927 3587 1921 3587 1595 3587 1928 3588 1914 3588 1919 3588 1928 3589 1922 3589 1914 3589 1929 3590 1645 3590 1643 3590 1929 3591 1643 3591 1920 3591 1930 3592 1923 3592 1915 3592 1930 3593 1915 3593 1921 3593 1931 3594 1924 3594 1916 3594 1931 3595 1916 3595 1922 3595 1932 3596 1917 3596 1923 3596 1932 3597 1925 3597 1917 3597 1933 3598 1926 3598 1918 3598 1933 3599 1918 3599 1924 3599 1934 3600 1919 3600 1925 3600 1934 3601 1928 3601 1919 3601 1935 3602 1920 3602 1926 3602 1935 3603 1929 3603 1920 3603 1936 3604 1596 3604 1597 3604 1936 3605 1930 3605 1921 3605 1936 3606 1927 3606 1596 3606 1936 3607 1921 3607 1927 3607 1937 3608 1922 3608 1928 3608 1937 3609 1931 3609 1922 3609 1938 3610 1923 3610 1930 3610 1938 3611 1932 3611 1923 3611 1939 3612 1924 3612 1931 3612 1939 3613 1933 3613 1924 3613 1940 3614 1925 3614 1932 3614 1940 3615 1934 3615 1925 3615 1941 3616 1926 3616 1933 3616 1941 3617 1935 3617 1926 3617 1942 3618 1937 3618 1928 3618 1942 3619 1928 3619 1934 3619 1943 3620 1647 3620 1645 3620 1943 3621 1650 3621 1647 3621 1943 3622 1929 3622 1935 3622 1943 3623 1645 3623 1929 3623 1944 3624 1930 3624 1936 3624 1944 3625 1938 3625 1930 3625 1945 3626 1931 3626 1937 3626 1945 3627 1939 3627 1931 3627 1946 3628 1940 3628 1932 3628 1946 3629 1932 3629 1938 3629 1947 3630 1941 3630 1933 3630 1947 3631 1933 3631 1939 3631 1948 3632 1934 3632 1940 3632 1948 3633 1942 3633 1934 3633 1949 3634 1943 3634 1935 3634 1949 3635 1935 3635 1941 3635 1950 3636 1944 3636 1936 3636 1950 3637 1936 3637 1597 3637 1950 3638 1597 3638 1598 3638 1950 3639 1598 3639 1599 3639 1951 3640 1937 3640 1942 3640 1951 3641 1945 3641 1937 3641 1952 3642 1650 3642 1943 3642 1952 3643 1651 3643 1650 3643 1953 3644 1938 3644 1944 3644 1953 3645 1946 3645 1938 3645 1954 3646 1947 3646 1939 3646 1954 3647 1939 3647 1945 3647 1955 3648 1948 3648 1940 3648 1955 3649 1940 3649 1946 3649 1956 3650 1941 3650 1947 3650 1956 3651 1949 3651 1941 3651 1957 3652 1942 3652 1948 3652 1957 3653 1951 3653 1942 3653 1958 3654 1943 3654 1949 3654 1958 3655 1952 3655 1943 3655 1959 3656 1953 3656 1944 3656 1959 3657 1944 3657 1950 3657 1959 3658 1599 3658 1600 3658 1959 3659 1950 3659 1599 3659 1960 3660 1945 3660 1951 3660 1960 3661 1954 3661 1945 3661 1961 3662 1946 3662 1953 3662 1961 3663 1955 3663 1946 3663 1962 3664 1956 3664 1947 3664 1962 3665 1947 3665 1954 3665 1963 3666 1957 3666 1948 3666 1963 3667 1948 3667 1955 3667 1964 3668 1958 3668 1949 3668 1964 3669 1949 3669 1956 3669 1965 3670 1960 3670 1951 3670 1965 3671 1951 3671 1957 3671 1966 3672 1653 3672 1651 3672 1966 3673 1655 3673 1653 3673 1966 3674 1651 3674 1952 3674 1966 3675 1952 3675 1958 3675 1967 3676 1953 3676 1959 3676 1967 3677 1961 3677 1953 3677 1968 3678 1954 3678 1960 3678 1968 3679 1962 3679 1954 3679 1969 3680 1955 3680 1961 3680 1969 3681 1963 3681 1955 3681 1970 3682 1956 3682 1962 3682 1970 3683 1964 3683 1956 3683 1971 3684 1957 3684 1963 3684 1971 3685 1965 3685 1957 3685 1972 3686 1958 3686 1964 3686 1972 3687 1966 3687 1958 3687 1973 3688 1600 3688 1601 3688 1973 3689 1601 3689 1602 3689 1973 3690 1959 3690 1600 3690 1973 3691 1967 3691 1959 3691 1974 3692 1960 3692 1965 3692 1974 3693 1968 3693 1960 3693 1975 3694 1658 3694 1655 3694 1975 3695 1655 3695 1966 3695 1976 3696 1969 3696 1961 3696 1976 3697 1961 3697 1967 3697 1977 3698 1970 3698 1962 3698 1977 3699 1962 3699 1968 3699 1978 3700 1971 3700 1963 3700 1978 3701 1963 3701 1969 3701 1979 3702 1972 3702 1964 3702 1979 3703 1964 3703 1970 3703 1980 3704 1965 3704 1971 3704 1980 3705 1974 3705 1965 3705 1981 3706 1966 3706 1972 3706 1981 3707 1975 3707 1966 3707 1982 3708 1602 3708 1603 3708 1982 3709 1973 3709 1602 3709 1982 3710 1976 3710 1967 3710 1982 3711 1967 3711 1973 3711 1983 3712 1977 3712 1968 3712 1983 3713 1968 3713 1974 3713 1984 3714 1969 3714 1976 3714 1984 3715 1978 3715 1969 3715 1985 3716 1970 3716 1977 3716 1985 3717 1979 3717 1970 3717 1986 3718 1971 3718 1978 3718 1986 3719 1980 3719 1971 3719 1987 3720 1972 3720 1979 3720 1987 3721 1981 3721 1972 3721 1988 3722 1983 3722 1974 3722 1988 3723 1974 3723 1980 3723 1989 3724 1658 3724 1975 3724 1989 3725 1659 3725 1658 3725 1989 3726 1975 3726 1981 3726 1990 3727 1984 3727 1976 3727 1990 3728 1976 3728 1982 3728 1991 3729 1985 3729 1977 3729 1991 3730 1977 3730 1983 3730 1992 3731 1978 3731 1984 3731 1992 3732 1986 3732 1978 3732 1993 3733 1979 3733 1985 3733 1993 3734 1987 3734 1979 3734 1994 3735 1988 3735 1980 3735 1994 3736 1980 3736 1986 3736 1995 3737 1981 3737 1987 3737 1995 3738 1989 3738 1981 3738 1996 3739 1990 3739 1982 3739 1996 3740 1982 3740 1603 3740 1996 3741 1603 3741 1604 3741 1997 3742 1983 3742 1988 3742 1997 3743 1991 3743 1983 3743 1998 3744 1662 3744 1659 3744 1998 3745 1663 3745 1662 3745 1998 3746 1659 3746 1989 3746 1999 3747 1984 3747 1990 3747 1999 3748 1992 3748 1984 3748 2000 3749 1993 3749 1985 3749 2000 3750 1985 3750 1991 3750 2001 3751 1986 3751 1992 3751 2001 3752 1994 3752 1986 3752 2002 3753 1987 3753 1993 3753 2002 3754 1995 3754 1987 3754 2003 3755 1988 3755 1994 3755 2003 3756 1997 3756 1988 3756 2004 3757 1989 3757 1995 3757 2004 3758 1998 3758 1989 3758 2005 3759 1604 3759 1605 3759 2005 3760 1605 3760 1606 3760 2005 3761 1990 3761 1996 3761 2005 3762 1999 3762 1990 3762 2005 3763 1996 3763 1604 3763 2006 3764 1991 3764 1997 3764 2006 3765 2000 3765 1991 3765 2007 3766 1992 3766 1999 3766 2007 3767 2001 3767 1992 3767 2008 3768 1993 3768 2000 3768 2008 3769 2002 3769 1993 3769 2009 3770 2003 3770 1994 3770 2009 3771 1994 3771 2001 3771 2010 3772 2004 3772 1995 3772 2010 3773 1995 3773 2002 3773 2011 3774 2006 3774 1997 3774 2011 3775 1997 3775 2003 3775 2012 3776 1663 3776 1998 3776 2012 3777 1665 3777 1663 3777 2012 3778 1998 3778 2004 3778 2013 3779 1999 3779 2005 3779 2013 3780 2007 3780 1999 3780 2014 3781 2000 3781 2006 3781 2014 3782 2008 3782 2000 3782 2015 3783 2009 3783 2001 3783 2015 3784 2001 3784 2007 3784 2016 3785 2010 3785 2002 3785 2016 3786 2002 3786 2008 3786 2017 3787 2003 3787 2009 3787 2017 3788 2011 3788 2003 3788 2018 3789 2004 3789 2010 3789 2018 3790 2012 3790 2004 3790 2019 3791 2013 3791 2005 3791 2019 3792 1606 3792 1607 3792 2019 3793 2005 3793 1606 3793 2020 3794 2014 3794 2006 3794 2020 3795 2006 3795 2011 3795 2021 3796 1668 3796 1665 3796 2021 3797 1669 3797 1668 3797 2021 3798 1665 3798 2012 3798 2022 3799 2007 3799 2013 3799 2022 3800 2015 3800 2007 3800 2023 3801 2016 3801 2008 3801 2023 3802 2008 3802 2014 3802 2024 3803 2009 3803 2015 3803 2024 3804 2017 3804 2009 3804 2025 3805 2018 3805 2010 3805 2025 3806 2010 3806 2016 3806 2026 3807 2011 3807 2017 3807 2026 3808 2020 3808 2011 3808 2027 3809 2021 3809 2012 3809 2027 3810 2012 3810 2018 3810 2028 3811 2022 3811 2013 3811 2028 3812 2013 3812 2019 3812 2028 3813 1607 3813 1608 3813 2028 3814 1608 3814 1609 3814 2028 3815 2019 3815 1607 3815 2029 3816 2014 3816 2020 3816 2029 3817 2023 3817 2014 3817 2030 3818 2024 3818 2015 3818 2030 3819 2015 3819 2022 3819 2031 3820 2016 3820 2023 3820 2031 3821 2025 3821 2016 3821 2032 3822 2017 3822 2024 3822 2032 3823 2026 3823 2017 3823 2033 3824 2027 3824 2018 3824 2033 3825 2018 3825 2025 3825 2034 3826 2029 3826 2020 3826 2034 3827 2020 3827 2026 3827 2035 3828 1672 3828 1669 3828 2035 3829 1669 3829 2021 3829 2035 3830 2021 3830 2027 3830 2036 3831 2030 3831 2022 3831 2036 3832 2022 3832 2028 3832 2037 3833 2023 3833 2029 3833 2037 3834 2031 3834 2023 3834 2038 3835 2024 3835 2030 3835 2038 3836 2032 3836 2024 3836 2039 3837 2025 3837 2031 3837 2039 3838 2033 3838 2025 3838 2040 3839 2034 3839 2026 3839 2040 3840 2026 3840 2032 3840 2041 3841 2035 3841 2027 3841 2041 3842 2027 3842 2033 3842 2042 3843 2036 3843 2028 3843 2042 3844 1609 3844 1610 3844 2042 3845 2028 3845 1609 3845 2043 3846 2037 3846 2029 3846 2043 3847 2029 3847 2034 3847 2044 3848 1673 3848 1672 3848 2044 3849 1672 3849 2035 3849 2045 3850 2038 3850 2030 3850 2045 3851 2030 3851 2036 3851 2046 3852 2031 3852 2037 3852 2046 3853 2039 3853 2031 3853 2047 3854 2032 3854 2038 3854 2047 3855 2040 3855 2032 3855 2048 3856 2033 3856 2039 3856 2048 3857 2041 3857 2033 3857 2049 3858 2043 3858 2034 3858 2049 3859 2034 3859 2040 3859 2050 3860 2035 3860 2041 3860 2050 3861 2044 3861 2035 3861 2051 3862 2042 3862 1610 3862 2051 3863 2045 3863 2036 3863 2051 3864 1610 3864 1611 3864 2051 3865 2036 3865 2042 3865 2052 3866 2046 3866 2037 3866 2052 3867 2037 3867 2043 3867 2053 3868 2038 3868 2045 3868 2053 3869 2047 3869 2038 3869 2054 3870 2048 3870 2039 3870 2054 3871 2039 3871 2046 3871 2055 3872 2040 3872 2047 3872 2055 3873 2049 3873 2040 3873 2056 3874 2050 3874 2041 3874 2056 3875 2041 3875 2048 3875 2057 3876 2052 3876 2043 3876 2057 3877 2043 3877 2049 3877 2058 3878 1673 3878 2044 3878 2058 3879 1675 3879 1673 3879 2058 3880 1678 3880 1675 3880 2058 3881 2044 3881 2050 3881 2059 3882 2053 3882 2045 3882 2059 3883 2045 3883 2051 3883 2060 3884 2054 3884 2046 3884 2060 3885 2046 3885 2052 3885 2061 3886 2055 3886 2047 3886 2061 3887 2047 3887 2053 3887 2062 3888 2056 3888 2048 3888 2062 3889 2048 3889 2054 3889 2063 3890 2049 3890 2055 3890 2063 3891 2057 3891 2049 3891 2064 3892 2050 3892 2056 3892 2064 3893 2058 3893 2050 3893 2065 3894 2051 3894 1611 3894 2065 3895 2059 3895 2051 3895 2065 3896 1611 3896 1612 3896 2065 3897 1612 3897 1613 3897 2066 3898 2052 3898 2057 3898 2066 3899 2060 3899 2052 3899 2067 3900 1678 3900 2058 3900 2067 3901 1679 3901 1678 3901 2068 3902 2053 3902 2059 3902 2068 3903 2061 3903 2053 3903 2069 3904 2062 3904 2054 3904 2069 3905 2054 3905 2060 3905 2070 3906 2063 3906 2055 3906 2070 3907 2055 3907 2061 3907 2071 3908 2056 3908 2062 3908 2071 3909 2064 3909 2056 3909 2072 3910 2057 3910 2063 3910 2072 3911 2066 3911 2057 3911 2073 3912 2067 3912 2058 3912 2073 3913 2058 3913 2064 3913 2074 3914 1613 3914 1614 3914 2074 3915 2068 3915 2059 3915 2074 3916 2059 3916 2065 3916 2074 3917 2065 3917 1613 3917 2075 3918 2060 3918 2066 3918 2075 3919 2069 3919 2060 3919 2076 3920 2070 3920 2061 3920 2076 3921 2061 3921 2068 3921 2077 3922 2062 3922 2069 3922 2077 3923 2071 3923 2062 3923 2078 3924 2063 3924 2070 3924 2078 3925 2072 3925 2063 3925 2079 3926 2064 3926 2071 3926 2079 3927 2073 3927 2064 3927 2080 3928 2066 3928 2072 3928 2080 3929 2075 3929 2066 3929 2081 3930 2067 3930 2073 3930 2081 3931 1682 3931 1679 3931 2081 3932 1684 3932 1682 3932 2081 3933 1679 3933 2067 3933 2082 3934 2076 3934 2068 3934 2082 3935 2068 3935 2074 3935 2083 3936 2077 3936 2069 3936 2083 3937 2069 3937 2075 3937 2084 3938 2070 3938 2076 3938 2084 3939 2078 3939 2070 3939 2085 3940 2079 3940 2071 3940 2085 3941 2071 3941 2077 3941 2086 3942 2080 3942 2072 3942 2086 3943 2072 3943 2078 3943 2087 3944 2081 3944 2073 3944 2087 3945 2073 3945 2079 3945 2088 3946 2074 3946 1614 3946 2088 3947 1614 3947 1615 3947 2088 3948 1615 3948 1616 3948 2088 3949 2082 3949 2074 3949 2089 3950 2083 3950 2075 3950 2089 3951 2075 3951 2080 3951 2090 3952 1684 3952 2081 3952 2090 3953 1685 3953 1684 3953 2091 3954 2084 3954 2076 3954 2091 3955 2076 3955 2082 3955 2092 3956 2085 3956 2077 3956 2092 3957 2077 3957 2083 3957 2093 3958 2086 3958 2078 3958 2093 3959 2078 3959 2084 3959 2094 3960 2079 3960 2085 3960 2094 3961 2087 3961 2079 3961 2095 3962 2080 3962 2086 3962 2095 3963 2089 3963 2080 3963 2096 3964 2081 3964 2087 3964 2096 3965 2090 3965 2081 3965 2097 3966 2088 3966 1616 3966 2097 3967 2082 3967 2088 3967 2097 3968 1616 3968 1617 3968 2097 3969 2091 3969 2082 3969 2098 3970 2092 3970 2083 3970 2098 3971 2083 3971 2089 3971 2099 3972 2084 3972 2091 3972 2099 3973 2093 3973 2084 3973 2100 3974 2085 3974 2092 3974 2100 3975 2094 3975 2085 3975 2101 3976 2086 3976 2093 3976 2101 3977 2095 3977 2086 3977 2102 3978 2087 3978 2094 3978 2102 3979 2096 3979 2087 3979 2103 3980 2089 3980 2095 3980 2103 3981 2098 3981 2089 3981 2104 3982 1688 3982 1685 3982 2104 3983 2090 3983 2096 3983 2104 3984 1685 3984 2090 3984 2104 3985 2105 3985 1886 3985 2104 3986 1886 3986 1688 3986 2106 3987 2099 3987 2091 3987 2106 3988 2091 3988 2097 3988 2107 3989 2092 3989 2098 3989 2107 3990 2100 3990 2092 3990 2108 3991 2101 3991 2093 3991 2108 3992 2093 3992 2099 3992 2109 3993 2102 3993 2094 3993 2109 3994 2094 3994 2100 3994 2110 3995 2095 3995 2101 3995 2110 3996 2103 3996 2095 3996 2111 3997 2104 3997 2096 3997 2111 3998 2105 3998 2104 3998 2111 3999 2112 3999 2105 3999 2111 4000 2096 4000 2102 4000 2113 4001 2106 4001 2097 4001 2113 4002 1617 4002 1618 4002 2113 4003 2097 4003 1617 4003 2114 4004 2098 4004 2103 4004 2114 4005 2107 4005 2098 4005 2115 4006 2099 4006 2106 4006 2115 4007 2108 4007 2099 4007 2116 4008 2109 4008 2100 4008 2116 4009 2100 4009 2107 4009 2117 4010 2101 4010 2108 4010 2117 4011 2110 4011 2101 4011 2118 4012 2102 4012 2109 4012 2118 4013 2112 4013 2111 4013 2118 4014 2119 4014 2112 4014 2118 4015 2120 4015 2119 4015 2118 4016 2111 4016 2102 4016 2121 4017 2103 4017 2110 4017 2121 4018 2114 4018 2103 4018 2122 4019 2113 4019 1618 4019 2122 4020 1618 4020 1619 4020 2122 4021 1619 4021 1620 4021 2122 4022 2106 4022 2113 4022 2122 4023 2115 4023 2106 4023 2123 4024 2107 4024 2114 4024 2123 4025 2116 4025 2107 4025 2124 4026 2108 4026 2115 4026 2124 4027 2117 4027 2108 4027 2125 4028 2118 4028 2109 4028 2125 4029 2109 4029 2116 4029 2125 4030 2120 4030 2118 4030 2125 4031 2126 4031 2120 4031 2127 4032 2110 4032 2117 4032 2127 4033 2121 4033 2110 4033 2128 4034 2123 4034 2114 4034 2128 4035 2114 4035 2121 4035 2129 4036 2124 4036 2115 4036 2129 4037 2115 4037 2122 4037 2130 4038 2116 4038 2123 4038 2130 4039 2126 4039 2125 4039 2130 4040 2131 4040 2126 4040 2130 4041 2125 4041 2116 4041 2132 4042 2127 4042 2117 4042 2132 4043 2117 4043 2124 4043 2133 4044 2121 4044 2127 4044 2133 4045 2128 4045 2121 4045 2134 4046 1620 4046 1621 4046 2134 4047 2129 4047 2122 4047 2134 4048 2122 4048 1620 4048 2135 4049 2123 4049 2128 4049 2135 4050 2130 4050 2123 4050 2135 4051 2131 4051 2130 4051 2135 4052 2136 4052 2131 4052 2135 4053 2137 4053 2136 4053 2138 4054 2132 4054 2124 4054 2138 4055 2124 4055 2129 4055 2139 4056 2133 4056 2127 4056 2139 4057 2127 4057 2132 4057 2140 4058 2135 4058 2128 4058 2140 4059 2128 4059 2133 4059 2140 4060 2141 4060 2137 4060 2140 4061 2137 4061 2135 4061 2142 4062 2138 4062 2129 4062 2142 4063 1621 4063 1622 4063 2142 4064 1622 4064 1623 4064 2142 4065 2134 4065 1621 4065 2142 4066 2129 4066 2134 4066 2143 4067 2132 4067 2138 4067 2143 4068 2139 4068 2132 4068 2144 4069 2133 4069 2139 4069 2144 4070 2140 4070 2133 4070 2144 4071 2145 4071 2141 4071 2144 4072 2141 4072 2140 4072 2146 4073 2138 4073 2142 4073 2146 4074 2143 4074 2138 4074 2147 4075 2139 4075 2143 4075 2147 4076 2145 4076 2144 4076 2147 4077 2148 4077 2145 4077 2147 4078 2149 4078 2148 4078 2147 4079 2144 4079 2139 4079 2150 4080 1623 4080 1624 4080 2150 4081 2142 4081 1623 4081 2150 4082 2146 4082 2142 4082 2151 4083 2149 4083 2147 4083 2151 4084 2147 4084 2143 4084 2151 4085 2152 4085 2149 4085 2151 4086 2143 4086 2146 4086 2153 4087 2150 4087 1624 4087 2153 4088 2146 4088 2150 4088 2153 4089 2152 4089 2151 4089 2153 4090 2151 4090 2146 4090 2153 4091 1625 4091 1887 4091 2153 4092 1624 4092 1625 4092 2153 4093 1887 4093 2152 4093 2154 4094 1691 4094 1692 4094 1689 4095 2155 4095 1687 4095 2156 4096 1721 4096 1722 4096 2157 4097 1722 4097 641 4097 2157 4098 2156 4098 1722 4098 2158 4099 2157 4099 641 4099 2159 4100 1720 4100 1721 4100 2159 4101 2156 4101 2157 4101 2159 4102 1721 4102 2156 4102 2160 4103 2158 4103 641 4103 2161 4104 2159 4104 2157 4104 2161 4105 2157 4105 2158 4105 2162 4106 1719 4106 1720 4106 2162 4107 1718 4107 1719 4107 2162 4108 1720 4108 2159 4108 2163 4109 2160 4109 641 4109 2164 4110 2161 4110 2158 4110 2164 4111 2158 4111 2160 4111 2165 4112 2162 4112 2159 4112 2165 4113 2159 4113 2161 4113 2166 4114 2163 4114 641 4114 2167 4115 2160 4115 2163 4115 2167 4116 2164 4116 2160 4116 2168 4117 2161 4117 2164 4117 2168 4118 2165 4118 2161 4118 2169 4119 2166 4119 641 4119 2170 4120 1717 4120 1718 4120 2170 4121 2162 4121 2165 4121 2170 4122 1718 4122 2162 4122 2171 4123 2167 4123 2163 4123 2171 4124 2163 4124 2166 4124 2172 4125 2168 4125 2164 4125 2172 4126 2164 4126 2167 4126 2173 4127 2169 4127 641 4127 2174 4128 2165 4128 2168 4128 2174 4129 2170 4129 2165 4129 2175 4130 2171 4130 2166 4130 2175 4131 2166 4131 2169 4131 2176 4132 1716 4132 1717 4132 2176 4133 1715 4133 1716 4133 2176 4134 1717 4134 2170 4134 2177 4135 2172 4135 2167 4135 2177 4136 2167 4136 2171 4136 2178 4137 2173 4137 641 4137 2179 4138 2168 4138 2172 4138 2179 4139 2174 4139 2168 4139 2180 4140 2169 4140 2173 4140 2180 4141 2175 4141 2169 4141 2181 4142 2176 4142 2170 4142 2181 4143 2170 4143 2174 4143 2182 4144 2177 4144 2171 4144 2182 4145 2171 4145 2175 4145 2183 4146 2178 4146 641 4146 2184 4147 2179 4147 2172 4147 2184 4148 2172 4148 2177 4148 2185 4149 2180 4149 2173 4149 2185 4150 2173 4150 2178 4150 2186 4151 2181 4151 2174 4151 2186 4152 2174 4152 2179 4152 2187 4153 2175 4153 2180 4153 2187 4154 2182 4154 2175 4154 2188 4155 1715 4155 2176 4155 2188 4156 1714 4156 1715 4156 2188 4157 2176 4157 2181 4157 2189 4158 2183 4158 641 4158 2189 4159 641 4159 1627 4159 2190 4160 2177 4160 2182 4160 2190 4161 2184 4161 2177 4161 2191 4162 2185 4162 2178 4162 2191 4163 2178 4163 2183 4163 2192 4164 2179 4164 2184 4164 2192 4165 2186 4165 2179 4165 2193 4166 2180 4166 2185 4166 2193 4167 2187 4167 2180 4167 2194 4168 2188 4168 2181 4168 2194 4169 2181 4169 2186 4169 2195 4170 1627 4170 1630 4170 2195 4171 2189 4171 1627 4171 2196 4172 2182 4172 2187 4172 2196 4173 2190 4173 2182 4173 2197 4174 1713 4174 1714 4174 2197 4175 1714 4175 2188 4175 2198 4176 2183 4176 2189 4176 2198 4177 2191 4177 2183 4177 2199 4178 2192 4178 2184 4178 2199 4179 2184 4179 2190 4179 2200 4180 2185 4180 2191 4180 2200 4181 2193 4181 2185 4181 2201 4182 2194 4182 2186 4182 2201 4183 2186 4183 2192 4183 2202 4184 2187 4184 2193 4184 2202 4185 2196 4185 2187 4185 2203 4186 2188 4186 2194 4186 2203 4187 2197 4187 2188 4187 2204 4188 1630 4188 1631 4188 2204 4189 2198 4189 2189 4189 2204 4190 2195 4190 1630 4190 2204 4191 2189 4191 2195 4191 2205 4192 2190 4192 2196 4192 2205 4193 2199 4193 2190 4193 2206 4194 2200 4194 2191 4194 2206 4195 2191 4195 2198 4195 2207 4196 2201 4196 2192 4196 2207 4197 2192 4197 2199 4197 2208 4198 2202 4198 2193 4198 2208 4199 2193 4199 2200 4199 2209 4200 2194 4200 2201 4200 2209 4201 2203 4201 2194 4201 2210 4202 2205 4202 2196 4202 2210 4203 2196 4203 2202 4203 2211 4204 1712 4204 1713 4204 2211 4205 1711 4205 1712 4205 2211 4206 2197 4206 2203 4206 2211 4207 1713 4207 2197 4207 2212 4208 2198 4208 2204 4208 2212 4209 2206 4209 2198 4209 2213 4210 2199 4210 2205 4210 2213 4211 2207 4211 2199 4211 2214 4212 2200 4212 2206 4212 2214 4213 2208 4213 2200 4213 2215 4214 2209 4214 2201 4214 2215 4215 2201 4215 2207 4215 2216 4216 2202 4216 2208 4216 2216 4217 2210 4217 2202 4217 2217 4218 2211 4218 2203 4218 2217 4219 2203 4219 2209 4219 2218 4220 1631 4220 1634 4220 2218 4221 1634 4221 1636 4221 2218 4222 2212 4222 2204 4222 2218 4223 2204 4223 1631 4223 2219 4224 2205 4224 2210 4224 2219 4225 2213 4225 2205 4225 2220 4226 1711 4226 2211 4226 2220 4227 1710 4227 1711 4227 2221 4228 2214 4228 2206 4228 2221 4229 2206 4229 2212 4229 2222 4230 2207 4230 2213 4230 2222 4231 2215 4231 2207 4231 2223 4232 2216 4232 2208 4232 2223 4233 2208 4233 2214 4233 2224 4234 2209 4234 2215 4234 2224 4235 2217 4235 2209 4235 2225 4236 2210 4236 2216 4236 2225 4237 2219 4237 2210 4237 2226 4238 2211 4238 2217 4238 2226 4239 2220 4239 2211 4239 2227 4240 1636 4240 1637 4240 2227 4241 2212 4241 2218 4241 2227 4242 2218 4242 1636 4242 2227 4243 2221 4243 2212 4243 2228 4244 2213 4244 2219 4244 2228 4245 2222 4245 2213 4245 2229 4246 2223 4246 2214 4246 2229 4247 2214 4247 2221 4247 2230 4248 2215 4248 2222 4248 2230 4249 2224 4249 2215 4249 2231 4250 2225 4250 2216 4250 2231 4251 2216 4251 2223 4251 2232 4252 2217 4252 2224 4252 2232 4253 2226 4253 2217 4253 2233 4254 2228 4254 2219 4254 2233 4255 2219 4255 2225 4255 2234 4256 1709 4256 1710 4256 2234 4257 1708 4257 1709 4257 2234 4258 1710 4258 2220 4258 2234 4259 2220 4259 2226 4259 2235 4260 2221 4260 2227 4260 2235 4261 2229 4261 2221 4261 2236 4262 2230 4262 2222 4262 2236 4263 2222 4263 2228 4263 2237 4264 2223 4264 2229 4264 2237 4265 2231 4265 2223 4265 2238 4266 2224 4266 2230 4266 2238 4267 2232 4267 2224 4267 2239 4268 2225 4268 2231 4268 2239 4269 2233 4269 2225 4269 2240 4270 2226 4270 2232 4270 2240 4271 2234 4271 2226 4271 2241 4272 2227 4272 1637 4272 2241 4273 1637 4273 1640 4273 2241 4274 1640 4274 1641 4274 2241 4275 2235 4275 2227 4275 2242 4276 2228 4276 2233 4276 2242 4277 2236 4277 2228 4277 2243 4278 1707 4278 1708 4278 2243 4279 1708 4279 2234 4279 2244 4280 2237 4280 2229 4280 2244 4281 2229 4281 2235 4281 2245 4282 2238 4282 2230 4282 2245 4283 2230 4283 2236 4283 2246 4284 2239 4284 2231 4284 2246 4285 2231 4285 2237 4285 2247 4286 2240 4286 2232 4286 2247 4287 2232 4287 2238 4287 2248 4288 2233 4288 2239 4288 2248 4289 2242 4289 2233 4289 2249 4290 2234 4290 2240 4290 2249 4291 2243 4291 2234 4291 2250 4292 2241 4292 1641 4292 2250 4293 2235 4293 2241 4293 2250 4294 2244 4294 2235 4294 2250 4295 1641 4295 1644 4295 2251 4296 2245 4296 2236 4296 2251 4297 2236 4297 2242 4297 2252 4298 2246 4298 2237 4298 2252 4299 2237 4299 2244 4299 2253 4300 2238 4300 2245 4300 2253 4301 2247 4301 2238 4301 2254 4302 2248 4302 2239 4302 2254 4303 2239 4303 2246 4303 2255 4304 2240 4304 2247 4304 2255 4305 2249 4305 2240 4305 2256 4306 2251 4306 2242 4306 2256 4307 2242 4307 2248 4307 2257 4308 1707 4308 2243 4308 2257 4309 1706 4309 1707 4309 2257 4310 2243 4310 2249 4310 2258 4311 2252 4311 2244 4311 2258 4312 2244 4312 2250 4312 2259 4313 2245 4313 2251 4313 2259 4314 2253 4314 2245 4314 2260 4315 2246 4315 2252 4315 2260 4316 2254 4316 2246 4316 2261 4317 2247 4317 2253 4317 2261 4318 2255 4318 2247 4318 2262 4319 2248 4319 2254 4319 2262 4320 2256 4320 2248 4320 2263 4321 2249 4321 2255 4321 2263 4322 2257 4322 2249 4322 2264 4323 2250 4323 1644 4323 2264 4324 1644 4324 1646 4324 2264 4325 2258 4325 2250 4325 2265 4326 2259 4326 2251 4326 2265 4327 2251 4327 2256 4327 2266 4328 1705 4328 1706 4328 2266 4329 1704 4329 1705 4329 2266 4330 1706 4330 2257 4330 2267 4331 2260 4331 2252 4331 2267 4332 2252 4332 2258 4332 2268 4333 2261 4333 2253 4333 2268 4334 2253 4334 2259 4334 2269 4335 2254 4335 2260 4335 2269 4336 2262 4336 2254 4336 2270 4337 2255 4337 2261 4337 2270 4338 2263 4338 2255 4338 2271 4339 2256 4339 2262 4339 2271 4340 2265 4340 2256 4340 2272 4341 2257 4341 2263 4341 2272 4342 2266 4342 2257 4342 2273 4343 1646 4343 1648 4343 2273 4344 1648 4344 1649 4344 2273 4345 2267 4345 2258 4345 2273 4346 2264 4346 1646 4346 2273 4347 2258 4347 2264 4347 2274 4348 2259 4348 2265 4348 2274 4349 2268 4349 2259 4349 2275 4350 2260 4350 2267 4350 2275 4351 2269 4351 2260 4351 2276 4352 2261 4352 2268 4352 2276 4353 2270 4353 2261 4353 2277 4354 2271 4354 2262 4354 2277 4355 2262 4355 2269 4355 2278 4356 2272 4356 2263 4356 2278 4357 2263 4357 2270 4357 2279 4358 2274 4358 2265 4358 2279 4359 2265 4359 2271 4359 2280 4360 1704 4360 2266 4360 2280 4361 1703 4361 1704 4361 2280 4362 2266 4362 2272 4362 2281 4363 2267 4363 2273 4363 2281 4364 2275 4364 2267 4364 2282 4365 2268 4365 2274 4365 2282 4366 2276 4366 2268 4366 2283 4367 2277 4367 2269 4367 2283 4368 2269 4368 2275 4368 2284 4369 2278 4369 2270 4369 2284 4370 2270 4370 2276 4370 2285 4371 2271 4371 2277 4371 2285 4372 2279 4372 2271 4372 2286 4373 2272 4373 2278 4373 2286 4374 2280 4374 2272 4374 2287 4375 2281 4375 2273 4375 2287 4376 1649 4376 1652 4376 2287 4377 2273 4377 1649 4377 2288 4378 2282 4378 2274 4378 2288 4379 2274 4379 2279 4379 2289 4380 1702 4380 1703 4380 2289 4381 1701 4381 1702 4381 2289 4382 1703 4382 2280 4382 2290 4383 2275 4383 2281 4383 2290 4384 2283 4384 2275 4384 2291 4385 2276 4385 2282 4385 2291 4386 2284 4386 2276 4386 2292 4387 2285 4387 2277 4387 2292 4388 2277 4388 2283 4388 2293 4389 2278 4389 2284 4389 2293 4390 2286 4390 2278 4390 2294 4391 2279 4391 2285 4391 2294 4392 2288 4392 2279 4392 2295 4393 2289 4393 2280 4393 2295 4394 2280 4394 2286 4394 2296 4395 2290 4395 2281 4395 2296 4396 1652 4396 1654 4396 2296 4397 1654 4397 1656 4397 2296 4398 2287 4398 1652 4398 2296 4399 2281 4399 2287 4399 2297 4400 2282 4400 2288 4400 2297 4401 2291 4401 2282 4401 2298 4402 2292 4402 2283 4402 2298 4403 2283 4403 2290 4403 2299 4404 2284 4404 2291 4404 2299 4405 2293 4405 2284 4405 2300 4406 2294 4406 2285 4406 2300 4407 2285 4407 2292 4407 2301 4408 2286 4408 2293 4408 2301 4409 2295 4409 2286 4409 2302 4410 2288 4410 2294 4410 2302 4411 2297 4411 2288 4411 2303 4412 1700 4412 1701 4412 2303 4413 2289 4413 2295 4413 2303 4414 1701 4414 2289 4414 2304 4415 2298 4415 2290 4415 2304 4416 2290 4416 2296 4416 2305 4417 2291 4417 2297 4417 2305 4418 2299 4418 2291 4418 2306 4419 2292 4419 2298 4419 2306 4420 2300 4420 2292 4420 2307 4421 2301 4421 2293 4421 2307 4422 2293 4422 2299 4422 2308 4423 2294 4423 2300 4423 2308 4424 2302 4424 2294 4424 2309 4425 2295 4425 2301 4425 2309 4426 2303 4426 2295 4426 2310 4427 1656 4427 1657 4427 2310 4428 2296 4428 1656 4428 2310 4429 2304 4429 2296 4429 2311 4430 2305 4430 2297 4430 2311 4431 2297 4431 2302 4431 2312 4432 1699 4432 1700 4432 2312 4433 1700 4433 2303 4433 2313 4434 2306 4434 2298 4434 2313 4435 2298 4435 2304 4435 2314 4436 2299 4436 2305 4436 2314 4437 2307 4437 2299 4437 2315 4438 2308 4438 2300 4438 2315 4439 2300 4439 2306 4439 2316 4440 2309 4440 2301 4440 2316 4441 2301 4441 2307 4441 2317 4442 2302 4442 2308 4442 2317 4443 2311 4443 2302 4443 2318 4444 2303 4444 2309 4444 2318 4445 2312 4445 2303 4445 2319 4446 2310 4446 1657 4446 2319 4447 2304 4447 2310 4447 2319 4448 2313 4448 2304 4448 2319 4449 1657 4449 1660 4449 2320 4450 2305 4450 2311 4450 2320 4451 2314 4451 2305 4451 2321 4452 2315 4452 2306 4452 2321 4453 2306 4453 2313 4453 2322 4454 2316 4454 2307 4454 2322 4455 2307 4455 2314 4455 2323 4456 2317 4456 2308 4456 2323 4457 2308 4457 2315 4457 2324 4458 2309 4458 2316 4458 2324 4459 2318 4459 2309 4459 2325 4460 2320 4460 2311 4460 2325 4461 2311 4461 2317 4461 2326 4462 2312 4462 2318 4462 2326 4463 1699 4463 2312 4463 2326 4464 1698 4464 1699 4464 2326 4465 1697 4465 1698 4465 2327 4466 2313 4466 2319 4466 2327 4467 2321 4467 2313 4467 2328 4468 2314 4468 2320 4468 2328 4469 2322 4469 2314 4469 2329 4470 2315 4470 2321 4470 2329 4471 2323 4471 2315 4471 2330 4472 2316 4472 2322 4472 2330 4473 2324 4473 2316 4473 2331 4474 2317 4474 2323 4474 2331 4475 2325 4475 2317 4475 2332 4476 2326 4476 2318 4476 2332 4477 2318 4477 2324 4477 2333 4478 2319 4478 1660 4478 2333 4479 2327 4479 2319 4479 2333 4480 1660 4480 1661 4480 2333 4481 1661 4481 1664 4481 2334 4482 2328 4482 2320 4482 2334 4483 2320 4483 2325 4483 2335 4484 1696 4484 1697 4484 2335 4485 1697 4485 2326 4485 2336 4486 2321 4486 2327 4486 2336 4487 2329 4487 2321 4487 2337 4488 2330 4488 2322 4488 2337 4489 2322 4489 2328 4489 2338 4490 2323 4490 2329 4490 2338 4491 2331 4491 2323 4491 2339 4492 2332 4492 2324 4492 2339 4493 2324 4493 2330 4493 2340 4494 2334 4494 2325 4494 2340 4495 2325 4495 2331 4495 2341 4496 2326 4496 2332 4496 2341 4497 2335 4497 2326 4497 2342 4498 1664 4498 1666 4498 2342 4499 2336 4499 2327 4499 2342 4500 2327 4500 2333 4500 2342 4501 2333 4501 1664 4501 2343 4502 2328 4502 2334 4502 2343 4503 2337 4503 2328 4503 2344 4504 2329 4504 2336 4504 2344 4505 2338 4505 2329 4505 2345 4506 2330 4506 2337 4506 2345 4507 2339 4507 2330 4507 2346 4508 2331 4508 2338 4508 2346 4509 2340 4509 2331 4509 2347 4510 2341 4510 2332 4510 2347 4511 2332 4511 2339 4511 2348 4512 2334 4512 2340 4512 2348 4513 2343 4513 2334 4513 2349 4514 2335 4514 2341 4514 2349 4515 1695 4515 1696 4515 2349 4516 1694 4516 1695 4516 2349 4517 1696 4517 2335 4517 2350 4518 2336 4518 2342 4518 2350 4519 2344 4519 2336 4519 2351 4520 2345 4520 2337 4520 2351 4521 2337 4521 2343 4521 2352 4522 2338 4522 2344 4522 2352 4523 2346 4523 2338 4523 2353 4524 2347 4524 2339 4524 2353 4525 2339 4525 2345 4525 2354 4526 2340 4526 2346 4526 2354 4527 2348 4527 2340 4527 2355 4528 2341 4528 2347 4528 2355 4529 2349 4529 2341 4529 2356 4530 2350 4530 2342 4530 2356 4531 1666 4531 1667 4531 2356 4532 1667 4532 1670 4532 2356 4533 2342 4533 1666 4533 2357 4534 2343 4534 2348 4534 2357 4535 2351 4535 2343 4535 2358 4536 1694 4536 2349 4536 2358 4537 1693 4537 1694 4537 2359 4538 2352 4538 2344 4538 2359 4539 2344 4539 2350 4539 2360 4540 2345 4540 2351 4540 2360 4541 2353 4541 2345 4541 2361 4542 2346 4542 2352 4542 2361 4543 2354 4543 2346 4543 2362 4544 2347 4544 2353 4544 2362 4545 2355 4545 2347 4545 2363 4546 2348 4546 2354 4546 2363 4547 2357 4547 2348 4547 2364 4548 2358 4548 2349 4548 2364 4549 2349 4549 2355 4549 2365 4550 2350 4550 2356 4550 2365 4551 2356 4551 1670 4551 2365 4552 1670 4552 1671 4552 2365 4553 2359 4553 2350 4553 2366 4554 2351 4554 2357 4554 2366 4555 2360 4555 2351 4555 2367 4556 2352 4556 2359 4556 2367 4557 2361 4557 2352 4557 2368 4558 2353 4558 2360 4558 2368 4559 2362 4559 2353 4559 2369 4560 2354 4560 2361 4560 2369 4561 2363 4561 2354 4561 2370 4562 2355 4562 2362 4562 2370 4563 2364 4563 2355 4563 2371 4564 2366 4564 2357 4564 2371 4565 2357 4565 2363 4565 2372 4566 1692 4566 1693 4566 2372 4567 2358 4567 2364 4567 2372 4568 2373 4568 2154 4568 2372 4569 1693 4569 2358 4569 2372 4570 2154 4570 1692 4570 2374 4571 2367 4571 2359 4571 2374 4572 2359 4572 2365 4572 2375 4573 2360 4573 2366 4573 2375 4574 2368 4574 2360 4574 2376 4575 2361 4575 2367 4575 2376 4576 2369 4576 2361 4576 2377 4577 2362 4577 2368 4577 2377 4578 2370 4578 2362 4578 2378 4579 2363 4579 2369 4579 2378 4580 2371 4580 2363 4580 2379 4581 2372 4581 2364 4581 2379 4582 2373 4582 2372 4582 2379 4583 2380 4583 2373 4583 2379 4584 2364 4584 2370 4584 2381 4585 2374 4585 2365 4585 2381 4586 1671 4586 1674 4586 2381 4587 2365 4587 1671 4587 2382 4588 2366 4588 2371 4588 2382 4589 2375 4589 2366 4589 2383 4590 2367 4590 2374 4590 2383 4591 2376 4591 2367 4591 2384 4592 2368 4592 2375 4592 2384 4593 2377 4593 2368 4593 2385 4594 2378 4594 2369 4594 2385 4595 2369 4595 2376 4595 2386 4596 2379 4596 2370 4596 2386 4597 2370 4597 2377 4597 2386 4598 2380 4598 2379 4598 2386 4599 2387 4599 2380 4599 2386 4600 2388 4600 2387 4600 2389 4601 2371 4601 2378 4601 2389 4602 2382 4602 2371 4602 2390 4603 2383 4603 2374 4603 2390 4604 2381 4604 1674 4604 2390 4605 2374 4605 2381 4605 2390 4606 1674 4606 1676 4606 2390 4607 1676 4607 1677 4607 2391 4608 2384 4608 2375 4608 2391 4609 2375 4609 2382 4609 2392 4610 2376 4610 2383 4610 2392 4611 2385 4611 2376 4611 2393 4612 2386 4612 2377 4612 2393 4613 2377 4613 2384 4613 2393 4614 2388 4614 2386 4614 2393 4615 2394 4615 2388 4615 2395 4616 2378 4616 2385 4616 2395 4617 2389 4617 2378 4617 2396 4618 2382 4618 2389 4618 2396 4619 2391 4619 2382 4619 2397 4620 2392 4620 2383 4620 2397 4621 2383 4621 2390 4621 2398 4622 2384 4622 2391 4622 2398 4623 2394 4623 2393 4623 2398 4624 2399 4624 2394 4624 2398 4625 2393 4625 2384 4625 2400 4626 2395 4626 2385 4626 2400 4627 2385 4627 2392 4627 2401 4628 2389 4628 2395 4628 2401 4629 2396 4629 2389 4629 2402 4630 2390 4630 1677 4630 2402 4631 2397 4631 2390 4631 2402 4632 1677 4632 1680 4632 2403 4633 2391 4633 2396 4633 2403 4634 2398 4634 2391 4634 2403 4635 2399 4635 2398 4635 2403 4636 2404 4636 2399 4636 2403 4637 2405 4637 2404 4637 2406 4638 2392 4638 2397 4638 2406 4639 2400 4639 2392 4639 2407 4640 2401 4640 2395 4640 2407 4641 2395 4641 2400 4641 2408 4642 2396 4642 2401 4642 2408 4643 2403 4643 2396 4643 2408 4644 2409 4644 2405 4644 2408 4645 2405 4645 2403 4645 2410 4646 1680 4646 1681 4646 2410 4647 1681 4647 1683 4647 2410 4648 2406 4648 2397 4648 2410 4649 2397 4649 2402 4649 2410 4650 2402 4650 1680 4650 2411 4651 2400 4651 2406 4651 2411 4652 2407 4652 2400 4652 2412 4653 2408 4653 2401 4653 2412 4654 2401 4654 2407 4654 2412 4655 2413 4655 2409 4655 2412 4656 2409 4656 2408 4656 2414 4657 2411 4657 2406 4657 2414 4658 2406 4658 2410 4658 2415 4659 2407 4659 2411 4659 2415 4660 2413 4660 2412 4660 2415 4661 2416 4661 2413 4661 2415 4662 2417 4662 2416 4662 2415 4663 2412 4663 2407 4663 2418 4664 2414 4664 2410 4664 2418 4665 2410 4665 1683 4665 2418 4666 1683 4666 1686 4666 2419 4667 2417 4667 2415 4667 2419 4668 2420 4668 2417 4668 2419 4669 2415 4669 2411 4669 2419 4670 2411 4670 2414 4670 2421 4671 2418 4671 1686 4671 2421 4672 2419 4672 2414 4672 2421 4673 1687 4673 2155 4673 2421 4674 2414 4674 2418 4674 2421 4675 1686 4675 1687 4675 2421 4676 2155 4676 2420 4676 2421 4677 2420 4677 2419 4677 1689 4678 1690 4678 1882 4678 1882 4679 1690 4679 1883 4679 2422 4680 1723 4680 1691 4680 2422 4681 1691 4681 2154 4681 2423 4682 2154 4682 2373 4682 2423 4683 2422 4683 2154 4683 2424 4684 2373 4684 2380 4684 2424 4685 2423 4685 2373 4685 2425 4686 2380 4686 2387 4686 2425 4687 2424 4687 2380 4687 2426 4688 2387 4688 2388 4688 2426 4689 2425 4689 2387 4689 2427 4690 2388 4690 2394 4690 2427 4691 2426 4691 2388 4691 2428 4692 2394 4692 2399 4692 2428 4693 2399 4693 2404 4693 2428 4694 2427 4694 2394 4694 2429 4695 2404 4695 2405 4695 2429 4696 2428 4696 2404 4696 2430 4697 2429 4697 2405 4697 2431 4698 2405 4698 2409 4698 2431 4699 2409 4699 2413 4699 2431 4700 2430 4700 2405 4700 2432 4701 2431 4701 2413 4701 2433 4702 2413 4702 2416 4702 2433 4703 2416 4703 2417 4703 2433 4704 2432 4704 2413 4704 2434 4705 2433 4705 2417 4705 2435 4706 2417 4706 2420 4706 2435 4707 2434 4707 2417 4707 2436 4708 2420 4708 2155 4708 2436 4709 2435 4709 2420 4709 1882 4710 2155 4710 1689 4710 1882 4711 2436 4711 2155 4711 1723 4712 2422 4712 1724 4712 2436 4713 1882 4713 1880 4713 1753 4714 2437 4714 1754 4714 1754 4715 2438 4715 1394 4715 2437 4716 2438 4716 1754 4716 2438 4717 2439 4717 1394 4717 1752 4718 2440 4718 1753 4718 2437 4719 2440 4719 2438 4719 1753 4720 2440 4720 2437 4720 2439 4721 2441 4721 1394 4721 2440 4722 2442 4722 2438 4722 2438 4723 2442 4723 2439 4723 1751 4724 2443 4724 1752 4724 1750 4725 2443 4725 1751 4725 1752 4726 2443 4726 2440 4726 2441 4727 2444 4727 1394 4727 2442 4728 2445 4728 2439 4728 2439 4729 2445 4729 2441 4729 2443 4730 2446 4730 2440 4730 2440 4731 2446 4731 2442 4731 2444 4732 2447 4732 1394 4732 2441 4733 2448 4733 2444 4733 2445 4734 2448 4734 2441 4734 2442 4735 2449 4735 2445 4735 2446 4736 2449 4736 2442 4736 2447 4737 2450 4737 1394 4737 1749 4738 2451 4738 1750 4738 2443 4739 2451 4739 2446 4739 1750 4740 2451 4740 2443 4740 2448 4741 2452 4741 2444 4741 2444 4742 2452 4742 2447 4742 2449 4743 2453 4743 2445 4743 2445 4744 2453 4744 2448 4744 2450 4745 2454 4745 1394 4745 2446 4746 2455 4746 2449 4746 2451 4747 2455 4747 2446 4747 2452 4748 2456 4748 2447 4748 2447 4749 2456 4749 2450 4749 1748 4750 2457 4750 1749 4750 1747 4751 2457 4751 1748 4751 1749 4752 2457 4752 2451 4752 2453 4753 2458 4753 2448 4753 2448 4754 2458 4754 2452 4754 2454 4755 2459 4755 1394 4755 2449 4756 2460 4756 2453 4756 2455 4757 2460 4757 2449 4757 2450 4758 2461 4758 2454 4758 2456 4759 2461 4759 2450 4759 2457 4760 2462 4760 2451 4760 2451 4761 2462 4761 2455 4761 2458 4762 2463 4762 2452 4762 2452 4763 2463 4763 2456 4763 2459 4764 2464 4764 1394 4764 2460 4765 2465 4765 2453 4765 2453 4766 2465 4766 2458 4766 2461 4767 2466 4767 2454 4767 2454 4768 2466 4768 2459 4768 2462 4769 2467 4769 2455 4769 2455 4770 2467 4770 2460 4770 2456 4771 2468 4771 2461 4771 2463 4772 2468 4772 2456 4772 1747 4773 2469 4773 2457 4773 1746 4774 2469 4774 1747 4774 2457 4775 2469 4775 2462 4775 2464 4776 2470 4776 1394 4776 1394 4777 2470 4777 1820 4777 2458 4778 2471 4778 2463 4778 2465 4779 2471 4779 2458 4779 2466 4780 2472 4780 2459 4780 2459 4781 2472 4781 2464 4781 2460 4782 2473 4782 2465 4782 2467 4783 2473 4783 2460 4783 2461 4784 2474 4784 2466 4784 2468 4785 2474 4785 2461 4785 2469 4786 2475 4786 2462 4786 2462 4787 2475 4787 2467 4787 1820 4788 2476 4788 1823 4788 2470 4789 2476 4789 1820 4789 2463 4790 2477 4790 2468 4790 2471 4791 2477 4791 2463 4791 1745 4792 2478 4792 1746 4792 1746 4793 2478 4793 2469 4793 2464 4794 2479 4794 2470 4794 2472 4795 2479 4795 2464 4795 2473 4796 2480 4796 2465 4796 2465 4797 2480 4797 2471 4797 2466 4798 2481 4798 2472 4798 2474 4799 2481 4799 2466 4799 2475 4800 2482 4800 2467 4800 2467 4801 2482 4801 2473 4801 2468 4802 2483 4802 2474 4802 2477 4803 2483 4803 2468 4803 2469 4804 2484 4804 2475 4804 2478 4805 2484 4805 2469 4805 1823 4806 2485 4806 1824 4806 2479 4807 2485 4807 2470 4807 2476 4808 2485 4808 1823 4808 2470 4809 2485 4809 2476 4809 2471 4810 2486 4810 2477 4810 2480 4811 2486 4811 2471 4811 2481 4812 2487 4812 2472 4812 2472 4813 2487 4813 2479 4813 2482 4814 2488 4814 2473 4814 2473 4815 2488 4815 2480 4815 2483 4816 2489 4816 2474 4816 2474 4817 2489 4817 2481 4817 2475 4818 2490 4818 2482 4818 2484 4819 2490 4819 2475 4819 2486 4820 2491 4820 2477 4820 2477 4821 2491 4821 2483 4821 1744 4822 2492 4822 1745 4822 1743 4823 2492 4823 1744 4823 2478 4824 2492 4824 2484 4824 1745 4825 2492 4825 2478 4825 2479 4826 2493 4826 2485 4826 2487 4827 2493 4827 2479 4827 2480 4828 2494 4828 2486 4828 2488 4829 2494 4829 2480 4829 2481 4830 2495 4830 2487 4830 2489 4831 2495 4831 2481 4831 2490 4832 2496 4832 2482 4832 2482 4833 2496 4833 2488 4833 2483 4834 2497 4834 2489 4834 2491 4835 2497 4835 2483 4835 2492 4836 2498 4836 2484 4836 2484 4837 2498 4837 2490 4837 1824 4838 2499 4838 1827 4838 1827 4839 2499 4839 1829 4839 2493 4840 2499 4840 2485 4840 2485 4841 2499 4841 1824 4841 2486 4842 2500 4842 2491 4842 2494 4843 2500 4843 2486 4843 1743 4844 2501 4844 2492 4844 1742 4845 2501 4845 1743 4845 2495 4846 2502 4846 2487 4846 2487 4847 2502 4847 2493 4847 2488 4848 2503 4848 2494 4848 2496 4849 2503 4849 2488 4849 2497 4850 2504 4850 2489 4850 2489 4851 2504 4851 2495 4851 2490 4852 2505 4852 2496 4852 2498 4853 2505 4853 2490 4853 2491 4854 2506 4854 2497 4854 2500 4855 2506 4855 2491 4855 2492 4856 2507 4856 2498 4856 2501 4857 2507 4857 2492 4857 1829 4858 2508 4858 1830 4858 2493 4859 2508 4859 2499 4859 2499 4860 2508 4860 1829 4860 2502 4861 2508 4861 2493 4861 2494 4862 2509 4862 2500 4862 2503 4863 2509 4863 2494 4863 2504 4864 2510 4864 2495 4864 2495 4865 2510 4865 2502 4865 2496 4866 2511 4866 2503 4866 2505 4867 2511 4867 2496 4867 2506 4868 2512 4868 2497 4868 2497 4869 2512 4869 2504 4869 2498 4870 2513 4870 2505 4870 2507 4871 2513 4871 2498 4871 2509 4872 2514 4872 2500 4872 2500 4873 2514 4873 2506 4873 1741 4874 2515 4874 1742 4874 1740 4875 2515 4875 1741 4875 1742 4876 2515 4876 2501 4876 2501 4877 2515 4877 2507 4877 2502 4878 2516 4878 2508 4878 2510 4879 2516 4879 2502 4879 2511 4880 2517 4880 2503 4880 2503 4881 2517 4881 2509 4881 2504 4882 2518 4882 2510 4882 2512 4883 2518 4883 2504 4883 2505 4884 2519 4884 2511 4884 2513 4885 2519 4885 2505 4885 2506 4886 2520 4886 2512 4886 2514 4887 2520 4887 2506 4887 2507 4888 2521 4888 2513 4888 2515 4889 2521 4889 2507 4889 2508 4890 2522 4890 1830 4890 1830 4891 2522 4891 1833 4891 1833 4892 2522 4892 1834 4892 2516 4893 2522 4893 2508 4893 2509 4894 2523 4894 2514 4894 2517 4895 2523 4895 2509 4895 1739 4896 2524 4896 1740 4896 1740 4897 2524 4897 2515 4897 2518 4898 2525 4898 2510 4898 2510 4899 2525 4899 2516 4899 2519 4900 2526 4900 2511 4900 2511 4901 2526 4901 2517 4901 2520 4902 2527 4902 2512 4902 2512 4903 2527 4903 2518 4903 2521 4904 2528 4904 2513 4904 2513 4905 2528 4905 2519 4905 2514 4906 2529 4906 2520 4906 2523 4907 2529 4907 2514 4907 2515 4908 2530 4908 2521 4908 2524 4909 2530 4909 2515 4909 2522 4910 2531 4910 1834 4910 2516 4911 2531 4911 2522 4911 2525 4912 2531 4912 2516 4912 1834 4913 2531 4913 1837 4913 2526 4914 2532 4914 2517 4914 2517 4915 2532 4915 2523 4915 2527 4916 2533 4916 2518 4916 2518 4917 2533 4917 2525 4917 2519 4918 2534 4918 2526 4918 2528 4919 2534 4919 2519 4919 2529 4920 2535 4920 2520 4920 2520 4921 2535 4921 2527 4921 2521 4922 2536 4922 2528 4922 2530 4923 2536 4923 2521 4923 2532 4924 2537 4924 2523 4924 2523 4925 2537 4925 2529 4925 1739 4926 2538 4926 2524 4926 1738 4927 2538 4927 1739 4927 2524 4928 2538 4928 2530 4928 2533 4929 2539 4929 2525 4929 2525 4930 2539 4930 2531 4930 2526 4931 2540 4931 2532 4931 2534 4932 2540 4932 2526 4932 2527 4933 2541 4933 2533 4933 2535 4934 2541 4934 2527 4934 2528 4935 2542 4935 2534 4935 2536 4936 2542 4936 2528 4936 2529 4937 2543 4937 2535 4937 2537 4938 2543 4938 2529 4938 2530 4939 2544 4939 2536 4939 2538 4940 2544 4940 2530 4940 2531 4941 2545 4941 1837 4941 1837 4942 2545 4942 1839 4942 2539 4943 2545 4943 2531 4943 2540 4944 2546 4944 2532 4944 2532 4945 2546 4945 2537 4945 1737 4946 2547 4946 1738 4946 1736 4947 2547 4947 1737 4947 1738 4948 2547 4948 2538 4948 2541 4949 2548 4949 2533 4949 2533 4950 2548 4950 2539 4950 2542 4951 2549 4951 2534 4951 2534 4952 2549 4952 2540 4952 2535 4953 2550 4953 2541 4953 2543 4954 2550 4954 2535 4954 2536 4955 2551 4955 2542 4955 2544 4956 2551 4956 2536 4956 2537 4957 2552 4957 2543 4957 2546 4958 2552 4958 2537 4958 2538 4959 2553 4959 2544 4959 2547 4960 2553 4960 2538 4960 1839 4961 2554 4961 1841 4961 1841 4962 2554 4962 1842 4962 2548 4963 2554 4963 2539 4963 2545 4964 2554 4964 1839 4964 2539 4965 2554 4965 2545 4965 2540 4966 2555 4966 2546 4966 2549 4967 2555 4967 2540 4967 2541 4968 2556 4968 2548 4968 2550 4969 2556 4969 2541 4969 2542 4970 2557 4970 2549 4970 2551 4971 2557 4971 2542 4971 2552 4972 2558 4972 2543 4972 2543 4973 2558 4973 2550 4973 2553 4974 2559 4974 2544 4974 2544 4975 2559 4975 2551 4975 2555 4976 2560 4976 2546 4976 2546 4977 2560 4977 2552 4977 1736 4978 2561 4978 2547 4978 1735 4979 2561 4979 1736 4979 2547 4980 2561 4980 2553 4980 2548 4981 2562 4981 2554 4981 2556 4982 2562 4982 2548 4982 2549 4983 2563 4983 2555 4983 2557 4984 2563 4984 2549 4984 2558 4985 2564 4985 2550 4985 2550 4986 2564 4986 2556 4986 2559 4987 2565 4987 2551 4987 2551 4988 2565 4988 2557 4988 2552 4989 2566 4989 2558 4989 2560 4990 2566 4990 2552 4990 2553 4991 2567 4991 2559 4991 2561 4992 2567 4992 2553 4992 2562 4993 2568 4993 2554 4993 1842 4994 2568 4994 1845 4994 2554 4995 2568 4995 1842 4995 2563 4996 2569 4996 2555 4996 2555 4997 2569 4997 2560 4997 1734 4998 2570 4998 1735 4998 1733 4999 2570 4999 1734 4999 1735 5000 2570 5000 2561 5000 2556 5001 2571 5001 2562 5001 2564 5002 2571 5002 2556 5002 2557 5003 2572 5003 2563 5003 2565 5004 2572 5004 2557 5004 2566 5005 2573 5005 2558 5005 2558 5006 2573 5006 2564 5006 2559 5007 2574 5007 2565 5007 2567 5008 2574 5008 2559 5008 2560 5009 2575 5009 2566 5009 2569 5010 2575 5010 2560 5010 2570 5011 2576 5011 2561 5011 2561 5012 2576 5012 2567 5012 2571 5013 2577 5013 2562 5013 1845 5014 2577 5014 1847 5014 1847 5015 2577 5015 1849 5015 2568 5016 2577 5016 1845 5016 2562 5017 2577 5017 2568 5017 2563 5018 2578 5018 2569 5018 2572 5019 2578 5019 2563 5019 2573 5020 2579 5020 2564 5020 2564 5021 2579 5021 2571 5021 2565 5022 2580 5022 2572 5022 2574 5023 2580 5023 2565 5023 2575 5024 2581 5024 2566 5024 2566 5025 2581 5025 2573 5025 2567 5026 2582 5026 2574 5026 2576 5027 2582 5027 2567 5027 2569 5028 2583 5028 2575 5028 2578 5029 2583 5029 2569 5029 1732 5030 2584 5030 1733 5030 2570 5031 2584 5031 2576 5031 1733 5032 2584 5032 2570 5032 2579 5033 2585 5033 2571 5033 2571 5034 2585 5034 2577 5034 2572 5035 2586 5035 2578 5035 2580 5036 2586 5036 2572 5036 2573 5037 2587 5037 2579 5037 2581 5038 2587 5038 2573 5038 2582 5039 2588 5039 2574 5039 2574 5040 2588 5040 2580 5040 2575 5041 2589 5041 2581 5041 2583 5042 2589 5042 2575 5042 2576 5043 2590 5043 2582 5043 2584 5044 2590 5044 2576 5044 1849 5045 2591 5045 1850 5045 2577 5046 2591 5046 1849 5046 2585 5047 2591 5047 2577 5047 2586 5048 2592 5048 2578 5048 2578 5049 2592 5049 2583 5049 1731 5050 2593 5050 1732 5050 1732 5051 2593 5051 2584 5051 2587 5052 2594 5052 2579 5052 2579 5053 2594 5053 2585 5053 2580 5054 2595 5054 2586 5054 2588 5055 2595 5055 2580 5055 2589 5056 2596 5056 2581 5056 2581 5057 2596 5057 2587 5057 2590 5058 2597 5058 2582 5058 2582 5059 2597 5059 2588 5059 2583 5060 2598 5060 2589 5060 2592 5061 2598 5061 2583 5061 2584 5062 2599 5062 2590 5062 2593 5063 2599 5063 2584 5063 2591 5064 2600 5064 1850 5064 2585 5065 2600 5065 2591 5065 2594 5066 2600 5066 2585 5066 1850 5067 2600 5067 1853 5067 2586 5068 2601 5068 2592 5068 2595 5069 2601 5069 2586 5069 2596 5070 2602 5070 2587 5070 2587 5071 2602 5071 2594 5071 2597 5072 2603 5072 2588 5072 2588 5073 2603 5073 2595 5073 2598 5074 2604 5074 2589 5074 2589 5075 2604 5075 2596 5075 2590 5076 2605 5076 2597 5076 2599 5077 2605 5077 2590 5077 2601 5078 2606 5078 2592 5078 2592 5079 2606 5079 2598 5079 2593 5080 2607 5080 2599 5080 1731 5081 2607 5081 2593 5081 1730 5082 2607 5082 1731 5082 1729 5083 2607 5083 1730 5083 2594 5084 2608 5084 2600 5084 2602 5085 2608 5085 2594 5085 2595 5086 2609 5086 2601 5086 2603 5087 2609 5087 2595 5087 2596 5088 2610 5088 2602 5088 2604 5089 2610 5089 2596 5089 2597 5090 2611 5090 2603 5090 2605 5091 2611 5091 2597 5091 2598 5092 2612 5092 2604 5092 2606 5093 2612 5093 2598 5093 2607 5094 2613 5094 2599 5094 2599 5095 2613 5095 2605 5095 2600 5096 2614 5096 1853 5096 2608 5097 2614 5097 2600 5097 1853 5098 2614 5098 1854 5098 1854 5099 2614 5099 1857 5099 2609 5100 2615 5100 2601 5100 2601 5101 2615 5101 2606 5101 1728 5102 2616 5102 1729 5102 1729 5103 2616 5103 2607 5103 2602 5104 2617 5104 2608 5104 2610 5105 2617 5105 2602 5105 2611 5106 2618 5106 2603 5106 2603 5107 2618 5107 2609 5107 2604 5108 2619 5108 2610 5108 2612 5109 2619 5109 2604 5109 2613 5110 2620 5110 2605 5110 2605 5111 2620 5111 2611 5111 2615 5112 2621 5112 2606 5112 2606 5113 2621 5113 2612 5113 2607 5114 2622 5114 2613 5114 2616 5115 2622 5115 2607 5115 1857 5116 2623 5116 1859 5116 2617 5117 2623 5117 2608 5117 2608 5118 2623 5118 2614 5118 2614 5119 2623 5119 1857 5119 2609 5120 2624 5120 2615 5120 2618 5121 2624 5121 2609 5121 2610 5122 2625 5122 2617 5122 2619 5123 2625 5123 2610 5123 2611 5124 2626 5124 2618 5124 2620 5125 2626 5125 2611 5125 2612 5126 2627 5126 2619 5126 2621 5127 2627 5127 2612 5127 2622 5128 2628 5128 2613 5128 2613 5129 2628 5129 2620 5129 2615 5130 2629 5130 2621 5130 2624 5131 2629 5131 2615 5131 2616 5132 2630 5132 2622 5132 1727 5133 2630 5133 1728 5133 1726 5134 2630 5134 1727 5134 1728 5135 2630 5135 2616 5135 2617 5136 2631 5136 2623 5136 2625 5137 2631 5137 2617 5137 2626 5138 2632 5138 2618 5138 2618 5139 2632 5139 2624 5139 2619 5140 2633 5140 2625 5140 2627 5141 2633 5141 2619 5141 2628 5142 2634 5142 2620 5142 2620 5143 2634 5143 2626 5143 2621 5144 2635 5144 2627 5144 2629 5145 2635 5145 2621 5145 2622 5146 2636 5146 2628 5146 2630 5147 2636 5147 2622 5147 2631 5148 2637 5148 2623 5148 1859 5149 2637 5149 1860 5149 1860 5150 2637 5150 1863 5150 2623 5151 2637 5151 1859 5151 2624 5152 2638 5152 2629 5152 2632 5153 2638 5153 2624 5153 1726 5154 2639 5154 2630 5154 1725 5155 2639 5155 1726 5155 2633 5156 2640 5156 2625 5156 2625 5157 2640 5157 2631 5157 2626 5158 2641 5158 2632 5158 2634 5159 2641 5159 2626 5159 2627 5160 2642 5160 2633 5160 2635 5161 2642 5161 2627 5161 2628 5162 2643 5162 2634 5162 2636 5163 2643 5163 2628 5163 2629 5164 2644 5164 2635 5164 2638 5165 2644 5165 2629 5165 2639 5166 2645 5166 2630 5166 2630 5167 2645 5167 2636 5167 2631 5168 2646 5168 2637 5168 2637 5169 2646 5169 1863 5169 1863 5170 2646 5170 1864 5170 2640 5171 2646 5171 2631 5171 2632 5172 2647 5172 2638 5172 2641 5173 2647 5173 2632 5173 2633 5174 2648 5174 2640 5174 2642 5175 2648 5175 2633 5175 2634 5176 2649 5176 2641 5176 2643 5177 2649 5177 2634 5177 2635 5178 2650 5178 2642 5178 2644 5179 2650 5179 2635 5179 2636 5180 2651 5180 2643 5180 2645 5181 2651 5181 2636 5181 2647 5182 2652 5182 2638 5182 2638 5183 2652 5183 2644 5183 1724 5184 2653 5184 1725 5184 2639 5185 2653 5185 2645 5185 2423 5186 2653 5186 2422 5186 1725 5187 2653 5187 2639 5187 2422 5188 2653 5188 1724 5188 2648 5189 2654 5189 2640 5189 2640 5190 2654 5190 2646 5190 2641 5191 2655 5191 2647 5191 2649 5192 2655 5192 2641 5192 2642 5193 2656 5193 2648 5193 2650 5194 2656 5194 2642 5194 2643 5195 2657 5195 2649 5195 2651 5196 2657 5196 2643 5196 2644 5197 2658 5197 2650 5197 2652 5198 2658 5198 2644 5198 2653 5199 2659 5199 2645 5199 2423 5200 2659 5200 2653 5200 2424 5201 2659 5201 2423 5201 2645 5202 2659 5202 2651 5202 2654 5203 2660 5203 2646 5203 1864 5204 2660 5204 1867 5204 2646 5205 2660 5205 1864 5205 2647 5206 2661 5206 2652 5206 2655 5207 2661 5207 2647 5207 2648 5208 2662 5208 2654 5208 2656 5209 2662 5209 2648 5209 2649 5210 2663 5210 2655 5210 2657 5211 2663 5211 2649 5211 2658 5212 2664 5212 2650 5212 2650 5213 2664 5213 2656 5213 2659 5214 2665 5214 2651 5214 2651 5215 2665 5215 2657 5215 2424 5216 2665 5216 2659 5216 2425 5217 2665 5217 2424 5217 2426 5218 2665 5218 2425 5218 2652 5219 2666 5219 2658 5219 2661 5220 2666 5220 2652 5220 2662 5221 2667 5221 2654 5221 2660 5222 2667 5222 1867 5222 2654 5223 2667 5223 2660 5223 1867 5224 2667 5224 1869 5224 1869 5225 2667 5225 1870 5225 2663 5226 2668 5226 2655 5226 2655 5227 2668 5227 2661 5227 2656 5228 2669 5228 2662 5228 2664 5229 2669 5229 2656 5229 2665 5230 2670 5230 2657 5230 2657 5231 2670 5231 2663 5231 2426 5232 2670 5232 2665 5232 2427 5233 2670 5233 2426 5233 2658 5234 2671 5234 2664 5234 2666 5235 2671 5235 2658 5235 2661 5236 2672 5236 2666 5236 2668 5237 2672 5237 2661 5237 2669 5238 2673 5238 2662 5238 2662 5239 2673 5239 2667 5239 2663 5240 2674 5240 2668 5240 2427 5241 2674 5241 2670 5241 2428 5242 2674 5242 2427 5242 2670 5243 2674 5243 2663 5243 2671 5244 2675 5244 2664 5244 2664 5245 2675 5245 2669 5245 2666 5246 2676 5246 2671 5246 2672 5247 2676 5247 2666 5247 2667 5248 2677 5248 1870 5248 2673 5249 2677 5249 2667 5249 1870 5250 2677 5250 1873 5250 2668 5251 2678 5251 2672 5251 2674 5252 2678 5252 2668 5252 2428 5253 2678 5253 2674 5253 2429 5254 2678 5254 2428 5254 2430 5255 2678 5255 2429 5255 2669 5256 2679 5256 2673 5256 2675 5257 2679 5257 2669 5257 2676 5258 2680 5258 2671 5258 2671 5259 2680 5259 2675 5259 2672 5260 2681 5260 2676 5260 2678 5261 2681 5261 2672 5261 2431 5262 2681 5262 2430 5262 2430 5263 2681 5263 2678 5263 1873 5264 2682 5264 1874 5264 1874 5265 2682 5265 1876 5265 2679 5266 2682 5266 2673 5266 2673 5267 2682 5267 2677 5267 2677 5268 2682 5268 1873 5268 2675 5269 2683 5269 2679 5269 2680 5270 2683 5270 2675 5270 2681 5271 2684 5271 2676 5271 2676 5272 2684 5272 2680 5272 2432 5273 2684 5273 2431 5273 2431 5274 2684 5274 2681 5274 2683 5275 2685 5275 2679 5275 2679 5276 2685 5276 2682 5276 2680 5277 2686 5277 2683 5277 2432 5278 2686 5278 2684 5278 2433 5279 2686 5279 2432 5279 2434 5280 2686 5280 2433 5280 2684 5281 2686 5281 2680 5281 2685 5282 2687 5282 2682 5282 2682 5283 2687 5283 1876 5283 1876 5284 2687 5284 1879 5284 2434 5285 2688 5285 2686 5285 2435 5286 2688 5286 2434 5286 2686 5287 2688 5287 2683 5287 2683 5288 2688 5288 2685 5288 2687 5289 2689 5289 1879 5289 2688 5290 2689 5290 2685 5290 1880 5291 2689 5291 2436 5291 2685 5292 2689 5292 2687 5292 1879 5293 2689 5293 1880 5293 2436 5294 2689 5294 2435 5294 2435 5295 2689 5295 2688 5295 1883 5296 2690 5296 1881 5296 2691 5297 1819 5297 1818 5297 1822 5298 2692 5298 1821 5298 1821 5299 2693 5299 993 5299 2692 5300 2693 5300 1821 5300 2693 5301 2694 5301 993 5301 1825 5302 2695 5302 1822 5302 2692 5303 2695 5303 2693 5303 1822 5304 2695 5304 2692 5304 2694 5305 2696 5305 993 5305 2695 5306 2697 5306 2693 5306 2693 5307 2697 5307 2694 5307 1826 5308 2698 5308 1825 5308 1828 5309 2698 5309 1826 5309 1825 5310 2698 5310 2695 5310 2696 5311 2699 5311 993 5311 2697 5312 2700 5312 2694 5312 2694 5313 2700 5313 2696 5313 2695 5314 2701 5314 2697 5314 2698 5315 2701 5315 2695 5315 2699 5316 2702 5316 993 5316 2696 5317 2703 5317 2699 5317 2700 5318 2703 5318 2696 5318 2697 5319 2704 5319 2700 5319 2701 5320 2704 5320 2697 5320 2702 5321 2705 5321 993 5321 1831 5322 2706 5322 1828 5322 2698 5323 2706 5323 2701 5323 1828 5324 2706 5324 2698 5324 2703 5325 2707 5325 2699 5325 2699 5326 2707 5326 2702 5326 2704 5327 2708 5327 2700 5327 2700 5328 2708 5328 2703 5328 2705 5329 2709 5329 993 5329 2701 5330 2710 5330 2704 5330 2706 5331 2710 5331 2701 5331 2707 5332 2711 5332 2702 5332 2702 5333 2711 5333 2705 5333 1832 5334 2712 5334 1831 5334 1835 5335 2712 5335 1832 5335 1831 5336 2712 5336 2706 5336 2708 5337 2713 5337 2703 5337 2703 5338 2713 5338 2707 5338 2709 5339 2714 5339 993 5339 2710 5340 2715 5340 2704 5340 2704 5341 2715 5341 2708 5341 2705 5342 2716 5342 2709 5342 2711 5343 2716 5343 2705 5343 2706 5344 2717 5344 2710 5344 2712 5345 2717 5345 2706 5345 2713 5346 2718 5346 2707 5346 2707 5347 2718 5347 2711 5347 2714 5348 2719 5348 993 5348 2715 5349 2720 5349 2708 5349 2708 5350 2720 5350 2713 5350 2709 5351 2721 5351 2714 5351 2716 5352 2721 5352 2709 5352 2710 5353 2722 5353 2715 5353 2717 5354 2722 5354 2710 5354 2711 5355 2723 5355 2716 5355 2718 5356 2723 5356 2711 5356 1835 5357 2724 5357 2712 5357 1836 5358 2724 5358 1835 5358 2712 5359 2724 5359 2717 5359 2719 5360 2725 5360 993 5360 993 5361 2725 5361 1788 5361 2720 5362 2726 5362 2713 5362 2713 5363 2726 5363 2718 5363 2714 5364 2727 5364 2719 5364 2721 5365 2727 5365 2714 5365 2715 5366 2728 5366 2720 5366 2722 5367 2728 5367 2715 5367 2716 5368 2729 5368 2721 5368 2723 5369 2729 5369 2716 5369 2724 5370 2730 5370 2717 5370 2717 5371 2730 5371 2722 5371 1788 5372 2731 5372 1789 5372 2725 5373 2731 5373 1788 5373 2718 5374 2732 5374 2723 5374 2726 5375 2732 5375 2718 5375 1838 5376 2733 5376 1836 5376 1836 5377 2733 5377 2724 5377 2727 5378 2734 5378 2719 5378 2719 5379 2734 5379 2725 5379 2728 5380 2735 5380 2720 5380 2720 5381 2735 5381 2726 5381 2721 5382 2736 5382 2727 5382 2729 5383 2736 5383 2721 5383 2730 5384 2737 5384 2722 5384 2722 5385 2737 5385 2728 5385 2723 5386 2738 5386 2729 5386 2732 5387 2738 5387 2723 5387 2724 5388 2739 5388 2730 5388 2733 5389 2739 5389 2724 5389 1789 5390 2740 5390 1790 5390 2734 5391 2740 5391 2725 5391 2731 5392 2740 5392 1789 5392 2725 5393 2740 5393 2731 5393 2726 5394 2741 5394 2732 5394 2735 5395 2741 5395 2726 5395 2727 5396 2742 5396 2734 5396 2736 5397 2742 5397 2727 5397 2728 5398 2743 5398 2735 5398 2737 5399 2743 5399 2728 5399 2729 5400 2744 5400 2736 5400 2738 5401 2744 5401 2729 5401 2730 5402 2745 5402 2737 5402 2739 5403 2745 5403 2730 5403 2741 5404 2746 5404 2732 5404 2732 5405 2746 5405 2738 5405 1840 5406 2747 5406 1838 5406 1843 5407 2747 5407 1840 5407 2733 5408 2747 5408 2739 5408 1838 5409 2747 5409 2733 5409 2734 5410 2748 5410 2740 5410 2742 5411 2748 5411 2734 5411 2735 5412 2749 5412 2741 5412 2743 5413 2749 5413 2735 5413 2744 5414 2750 5414 2736 5414 2736 5415 2750 5415 2742 5415 2745 5416 2751 5416 2737 5416 2737 5417 2751 5417 2743 5417 2738 5418 2752 5418 2744 5418 2746 5419 2752 5419 2738 5419 2747 5420 2753 5420 2739 5420 2739 5421 2753 5421 2745 5421 2748 5422 2754 5422 2740 5422 2740 5423 2754 5423 1790 5423 1790 5424 2754 5424 1791 5424 1791 5425 2754 5425 1792 5425 2741 5426 2755 5426 2746 5426 2749 5427 2755 5427 2741 5427 1843 5428 2756 5428 2747 5428 1844 5429 2756 5429 1843 5429 2742 5430 2757 5430 2748 5430 2750 5431 2757 5431 2742 5431 2751 5432 2758 5432 2743 5432 2743 5433 2758 5433 2749 5433 2752 5434 2759 5434 2744 5434 2744 5435 2759 5435 2750 5435 2745 5436 2760 5436 2751 5436 2753 5437 2760 5437 2745 5437 2746 5438 2761 5438 2752 5438 2755 5439 2761 5439 2746 5439 2747 5440 2762 5440 2753 5440 2756 5441 2762 5441 2747 5441 2757 5442 2763 5442 2748 5442 2748 5443 2763 5443 2754 5443 1792 5444 2763 5444 1793 5444 2754 5445 2763 5445 1792 5445 2749 5446 2764 5446 2755 5446 2758 5447 2764 5447 2749 5447 2750 5448 2765 5448 2757 5448 2759 5449 2765 5449 2750 5449 2760 5450 2766 5450 2751 5450 2751 5451 2766 5451 2758 5451 2761 5452 2767 5452 2752 5452 2752 5453 2767 5453 2759 5453 2762 5454 2768 5454 2753 5454 2753 5455 2768 5455 2760 5455 2764 5456 2769 5456 2755 5456 2755 5457 2769 5457 2761 5457 1846 5458 2770 5458 1844 5458 1848 5459 2770 5459 1846 5459 1844 5460 2770 5460 2756 5460 2756 5461 2770 5461 2762 5461 2757 5462 2771 5462 2763 5462 2765 5463 2771 5463 2757 5463 2758 5464 2772 5464 2764 5464 2766 5465 2772 5465 2758 5465 2759 5466 2773 5466 2765 5466 2767 5467 2773 5467 2759 5467 2760 5468 2774 5468 2766 5468 2768 5469 2774 5469 2760 5469 2761 5470 2775 5470 2767 5470 2769 5471 2775 5471 2761 5471 2762 5472 2776 5472 2768 5472 2770 5473 2776 5473 2762 5473 1793 5474 2777 5474 1794 5474 1794 5475 2777 5475 1795 5475 2763 5476 2777 5476 1793 5476 2771 5477 2777 5477 2763 5477 2764 5478 2778 5478 2769 5478 2772 5479 2778 5479 2764 5479 1851 5480 2779 5480 1848 5480 1848 5481 2779 5481 2770 5481 2773 5482 2780 5482 2765 5482 2765 5483 2780 5483 2771 5483 2774 5484 2781 5484 2766 5484 2766 5485 2781 5485 2772 5485 2775 5486 2782 5486 2767 5486 2767 5487 2782 5487 2773 5487 2776 5488 2783 5488 2768 5488 2768 5489 2783 5489 2774 5489 2769 5490 2784 5490 2775 5490 2778 5491 2784 5491 2769 5491 2770 5492 2785 5492 2776 5492 2779 5493 2785 5493 2770 5493 1795 5494 2786 5494 1796 5494 2777 5495 2786 5495 1795 5495 2780 5496 2786 5496 2771 5496 2771 5497 2786 5497 2777 5497 2781 5498 2787 5498 2772 5498 2772 5499 2787 5499 2778 5499 2773 5500 2788 5500 2780 5500 2782 5501 2788 5501 2773 5501 2774 5502 2789 5502 2781 5502 2783 5503 2789 5503 2774 5503 2775 5504 2790 5504 2782 5504 2784 5505 2790 5505 2775 5505 2776 5506 2791 5506 2783 5506 2785 5507 2791 5507 2776 5507 2787 5508 2792 5508 2778 5508 2778 5509 2792 5509 2784 5509 1851 5510 2793 5510 2779 5510 1852 5511 2793 5511 1851 5511 2779 5512 2793 5512 2785 5512 2788 5513 2794 5513 2780 5513 2780 5514 2794 5514 2786 5514 2789 5515 2795 5515 2781 5515 2781 5516 2795 5516 2787 5516 2782 5517 2796 5517 2788 5517 2790 5518 2796 5518 2782 5518 2783 5519 2797 5519 2789 5519 2791 5520 2797 5520 2783 5520 2792 5521 2798 5521 2784 5521 2784 5522 2798 5522 2790 5522 2785 5523 2799 5523 2791 5523 2793 5524 2799 5524 2785 5524 2794 5525 2800 5525 2786 5525 2786 5526 2800 5526 1796 5526 1796 5527 2800 5527 1797 5527 2787 5528 2801 5528 2792 5528 2795 5529 2801 5529 2787 5529 1855 5530 2802 5530 1852 5530 1856 5531 2802 5531 1855 5531 1852 5532 2802 5532 2793 5532 2788 5533 2803 5533 2794 5533 2796 5534 2803 5534 2788 5534 2797 5535 2804 5535 2789 5535 2789 5536 2804 5536 2795 5536 2790 5537 2805 5537 2796 5537 2798 5538 2805 5538 2790 5538 2791 5539 2806 5539 2797 5539 2799 5540 2806 5540 2791 5540 2792 5541 2807 5541 2798 5541 2801 5542 2807 5542 2792 5542 2793 5543 2808 5543 2799 5543 2802 5544 2808 5544 2793 5544 1797 5545 2809 5545 1798 5545 1798 5546 2809 5546 1799 5546 2794 5547 2809 5547 2800 5547 2803 5548 2809 5548 2794 5548 2800 5549 2809 5549 1797 5549 2795 5550 2810 5550 2801 5550 2804 5551 2810 5551 2795 5551 2796 5552 2811 5552 2803 5552 2805 5553 2811 5553 2796 5553 2797 5554 2812 5554 2804 5554 2806 5555 2812 5555 2797 5555 2807 5556 2813 5556 2798 5556 2798 5557 2813 5557 2805 5557 2808 5558 2814 5558 2799 5558 2799 5559 2814 5559 2806 5559 2810 5560 2815 5560 2801 5560 2801 5561 2815 5561 2807 5561 1856 5562 2816 5562 2802 5562 1858 5563 2816 5563 1856 5563 2802 5564 2816 5564 2808 5564 2803 5565 2817 5565 2809 5565 2811 5566 2817 5566 2803 5566 2804 5567 2818 5567 2810 5567 2812 5568 2818 5568 2804 5568 2813 5569 2819 5569 2805 5569 2805 5570 2819 5570 2811 5570 2814 5571 2820 5571 2806 5571 2806 5572 2820 5572 2812 5572 2807 5573 2821 5573 2813 5573 2815 5574 2821 5574 2807 5574 2808 5575 2822 5575 2814 5575 2816 5576 2822 5576 2808 5576 2817 5577 2823 5577 2809 5577 1799 5578 2823 5578 1800 5578 2809 5579 2823 5579 1799 5579 2818 5580 2824 5580 2810 5580 2810 5581 2824 5581 2815 5581 1861 5582 2825 5582 1858 5582 1862 5583 2825 5583 1861 5583 1858 5584 2825 5584 2816 5584 2811 5585 2826 5585 2817 5585 2819 5586 2826 5586 2811 5586 2820 5587 2827 5587 2812 5587 2812 5588 2827 5588 2818 5588 2813 5589 2828 5589 2819 5589 2821 5590 2828 5590 2813 5590 2822 5591 2829 5591 2814 5591 2814 5592 2829 5592 2820 5592 2815 5593 2830 5593 2821 5593 2824 5594 2830 5594 2815 5594 2825 5595 2831 5595 2816 5595 2816 5596 2831 5596 2822 5596 2826 5597 2832 5597 2817 5597 2817 5598 2832 5598 2823 5598 1800 5599 2832 5599 1801 5599 1801 5600 2832 5600 1802 5600 2823 5601 2832 5601 1800 5601 2818 5602 2833 5602 2824 5602 2827 5603 2833 5603 2818 5603 2828 5604 2834 5604 2819 5604 2819 5605 2834 5605 2826 5605 2820 5606 2835 5606 2827 5606 2829 5607 2835 5607 2820 5607 2821 5608 2836 5608 2828 5608 2830 5609 2836 5609 2821 5609 2831 5610 2837 5610 2822 5610 2822 5611 2837 5611 2829 5611 2833 5612 2838 5612 2824 5612 2824 5613 2838 5613 2830 5613 1865 5614 2839 5614 1862 5614 1862 5615 2839 5615 2825 5615 2825 5616 2839 5616 2831 5616 2834 5617 2840 5617 2826 5617 2826 5618 2840 5618 2832 5618 2827 5619 2841 5619 2833 5619 2835 5620 2841 5620 2827 5620 2828 5621 2842 5621 2834 5621 2836 5622 2842 5622 2828 5622 2829 5623 2843 5623 2835 5623 2837 5624 2843 5624 2829 5624 2838 5625 2844 5625 2830 5625 2830 5626 2844 5626 2836 5626 2839 5627 2845 5627 2831 5627 2831 5628 2845 5628 2837 5628 2840 5629 2846 5629 2832 5629 1802 5630 2846 5630 1803 5630 2832 5631 2846 5631 1802 5631 2841 5632 2847 5632 2833 5632 2833 5633 2847 5633 2838 5633 1866 5634 2848 5634 1865 5634 1865 5635 2848 5635 2839 5635 2842 5636 2849 5636 2834 5636 2834 5637 2849 5637 2840 5637 2835 5638 2850 5638 2841 5638 2843 5639 2850 5639 2835 5639 2836 5640 2851 5640 2842 5640 2844 5641 2851 5641 2836 5641 2837 5642 2852 5642 2843 5642 2845 5643 2852 5643 2837 5643 2847 5644 2853 5644 2838 5644 2838 5645 2853 5645 2844 5645 2839 5646 2854 5646 2845 5646 2848 5647 2854 5647 2839 5647 2846 5648 2855 5648 1803 5648 2849 5649 2855 5649 2840 5649 1803 5650 2855 5650 1804 5650 2840 5651 2855 5651 2846 5651 2850 5652 2856 5652 2841 5652 2841 5653 2856 5653 2847 5653 2842 5654 2857 5654 2849 5654 2851 5655 2857 5655 2842 5655 2852 5656 2858 5656 2843 5656 2843 5657 2858 5657 2850 5657 2844 5658 2859 5658 2851 5658 2853 5659 2859 5659 2844 5659 2854 5660 2860 5660 2845 5660 2845 5661 2860 5661 2852 5661 2856 5662 2861 5662 2847 5662 2847 5663 2861 5663 2853 5663 1866 5664 2862 5664 2848 5664 1868 5665 2862 5665 1866 5665 1871 5666 2862 5666 1868 5666 2848 5667 2862 5667 2854 5667 2857 5668 2863 5668 2849 5668 2849 5669 2863 5669 2855 5669 2858 5670 2864 5670 2850 5670 2850 5671 2864 5671 2856 5671 2859 5672 2865 5672 2851 5672 2851 5673 2865 5673 2857 5673 2860 5674 2866 5674 2852 5674 2852 5675 2866 5675 2858 5675 2853 5676 2867 5676 2859 5676 2861 5677 2867 5677 2853 5677 2854 5678 2868 5678 2860 5678 2862 5679 2868 5679 2854 5679 2855 5680 2869 5680 1804 5680 2863 5681 2869 5681 2855 5681 1804 5682 2869 5682 1805 5682 1805 5683 2869 5683 1806 5683 2856 5684 2870 5684 2861 5684 2864 5685 2870 5685 2856 5685 1871 5686 2871 5686 2862 5686 1872 5687 2871 5687 1871 5687 2857 5688 2872 5688 2863 5688 2865 5689 2872 5689 2857 5689 2866 5690 2873 5690 2858 5690 2858 5691 2873 5691 2864 5691 2867 5692 2874 5692 2859 5692 2859 5693 2874 5693 2865 5693 2860 5694 2875 5694 2866 5694 2868 5695 2875 5695 2860 5695 2861 5696 2876 5696 2867 5696 2870 5697 2876 5697 2861 5697 2871 5698 2877 5698 2862 5698 2862 5699 2877 5699 2868 5699 1806 5700 2878 5700 1807 5700 2872 5701 2878 5701 2863 5701 2863 5702 2878 5702 2869 5702 2869 5703 2878 5703 1806 5703 2864 5704 2879 5704 2870 5704 2873 5705 2879 5705 2864 5705 2874 5706 2880 5706 2865 5706 2865 5707 2880 5707 2872 5707 2866 5708 2881 5708 2873 5708 2875 5709 2881 5709 2866 5709 2867 5710 2882 5710 2874 5710 2876 5711 2882 5711 2867 5711 2868 5712 2883 5712 2875 5712 2877 5713 2883 5713 2868 5713 2870 5714 2884 5714 2876 5714 2879 5715 2884 5715 2870 5715 2871 5716 2885 5716 2877 5716 1875 5717 2885 5717 1872 5717 1877 5718 2885 5718 1875 5718 1872 5719 2885 5719 2871 5719 2880 5720 2886 5720 2872 5720 2872 5721 2886 5721 2878 5721 2881 5722 2887 5722 2873 5722 2873 5723 2887 5723 2879 5723 2874 5724 2888 5724 2880 5724 2882 5725 2888 5725 2874 5725 2883 5726 2889 5726 2875 5726 2875 5727 2889 5727 2881 5727 2884 5728 2890 5728 2876 5728 2876 5729 2890 5729 2882 5729 2885 5730 2891 5730 2877 5730 2877 5731 2891 5731 2883 5731 2878 5732 2892 5732 1807 5732 1807 5733 2892 5733 1808 5733 1808 5734 2892 5734 1809 5734 2886 5735 2892 5735 2878 5735 2887 5736 2893 5736 2879 5736 2879 5737 2893 5737 2884 5737 1877 5738 2894 5738 2885 5738 1878 5739 2894 5739 1877 5739 2888 5740 2895 5740 2880 5740 2880 5741 2895 5741 2886 5741 2889 5742 2896 5742 2881 5742 2881 5743 2896 5743 2887 5743 2890 5744 2897 5744 2882 5744 2882 5745 2897 5745 2888 5745 2883 5746 2898 5746 2889 5746 2891 5747 2898 5747 2883 5747 2884 5748 2899 5748 2890 5748 2893 5749 2899 5749 2884 5749 2885 5750 2900 5750 2891 5750 2894 5751 2900 5751 2885 5751 2892 5752 2901 5752 1809 5752 2886 5753 2901 5753 2892 5753 1809 5754 2901 5754 1810 5754 2895 5755 2901 5755 2886 5755 2896 5756 2902 5756 2887 5756 2887 5757 2902 5757 2893 5757 2888 5758 2903 5758 2895 5758 2897 5759 2903 5759 2888 5759 2889 5760 2904 5760 2896 5760 2898 5761 2904 5761 2889 5761 2890 5762 2905 5762 2897 5762 2899 5763 2905 5763 2890 5763 2891 5764 2906 5764 2898 5764 2900 5765 2906 5765 2891 5765 2893 5766 2907 5766 2899 5766 2902 5767 2907 5767 2893 5767 1881 5768 2908 5768 1878 5768 2894 5769 2908 5769 2900 5769 1878 5770 2908 5770 2894 5770 2909 5771 2908 5771 2690 5771 2690 5772 2908 5772 1881 5772 2903 5773 2910 5773 2895 5773 2895 5774 2910 5774 2901 5774 2896 5775 2911 5775 2902 5775 2904 5776 2911 5776 2896 5776 2905 5777 2912 5777 2897 5777 2897 5778 2912 5778 2903 5778 2906 5779 2913 5779 2898 5779 2898 5780 2913 5780 2904 5780 2899 5781 2914 5781 2905 5781 2907 5782 2914 5782 2899 5782 2908 5783 2915 5783 2900 5783 2909 5784 2915 5784 2908 5784 2916 5785 2915 5785 2909 5785 2900 5786 2915 5786 2906 5786 2910 5787 2917 5787 2901 5787 1810 5788 2917 5788 1811 5788 2901 5789 2917 5789 1810 5789 2902 5790 2918 5790 2907 5790 2911 5791 2918 5791 2902 5791 2903 5792 2919 5792 2910 5792 2912 5793 2919 5793 2903 5793 2913 5794 2920 5794 2904 5794 2904 5795 2920 5795 2911 5795 2905 5796 2921 5796 2912 5796 2914 5797 2921 5797 2905 5797 2906 5798 2922 5798 2913 5798 2916 5799 2922 5799 2915 5799 2923 5800 2922 5800 2916 5800 2924 5801 2922 5801 2923 5801 2915 5802 2922 5802 2906 5802 2907 5803 2925 5803 2914 5803 2918 5804 2925 5804 2907 5804 2917 5805 2926 5805 1811 5805 1811 5806 2926 5806 1812 5806 1812 5807 2926 5807 1813 5807 2910 5808 2926 5808 2917 5808 2919 5809 2926 5809 2910 5809 2911 5810 2927 5810 2918 5810 2920 5811 2927 5811 2911 5811 2912 5812 2928 5812 2919 5812 2921 5813 2928 5813 2912 5813 2922 5814 2929 5814 2913 5814 2913 5815 2929 5815 2920 5815 2924 5816 2929 5816 2922 5816 2930 5817 2929 5817 2924 5817 2914 5818 2931 5818 2921 5818 2925 5819 2931 5819 2914 5819 2927 5820 2932 5820 2918 5820 2918 5821 2932 5821 2925 5821 2928 5822 2933 5822 2919 5822 2919 5823 2933 5823 2926 5823 2920 5824 2934 5824 2927 5824 2930 5825 2934 5825 2929 5825 2935 5826 2934 5826 2930 5826 2929 5827 2934 5827 2920 5827 2931 5828 2936 5828 2921 5828 2921 5829 2936 5829 2928 5829 2925 5830 2937 5830 2931 5830 2932 5831 2937 5831 2925 5831 1813 5832 2938 5832 1814 5832 2933 5833 2938 5833 2926 5833 2926 5834 2938 5834 1813 5834 2927 5835 2939 5835 2932 5835 2934 5836 2939 5836 2927 5836 2935 5837 2939 5837 2934 5837 2940 5838 2939 5838 2935 5838 2941 5839 2939 5839 2940 5839 2936 5840 2942 5840 2928 5840 2928 5841 2942 5841 2933 5841 2937 5842 2943 5842 2931 5842 2931 5843 2943 5843 2936 5843 2939 5844 2944 5844 2932 5844 2932 5845 2944 5845 2937 5845 2945 5846 2944 5846 2941 5846 2941 5847 2944 5847 2939 5847 2942 5848 2946 5848 2933 5848 1814 5849 2946 5849 1815 5849 1815 5850 2946 5850 1816 5850 2938 5851 2946 5851 1814 5851 2933 5852 2946 5852 2938 5852 2936 5853 2947 5853 2942 5853 2943 5854 2947 5854 2936 5854 2937 5855 2948 5855 2943 5855 2944 5856 2948 5856 2937 5856 2949 5857 2948 5857 2945 5857 2945 5858 2948 5858 2944 5858 2942 5859 2950 5859 2946 5859 2947 5860 2950 5860 2942 5860 2943 5861 2951 5861 2947 5861 2949 5862 2951 5862 2948 5862 2952 5863 2951 5863 2949 5863 2953 5864 2951 5864 2952 5864 2948 5865 2951 5865 2943 5865 1816 5866 2954 5866 1817 5866 2946 5867 2954 5867 1816 5867 2950 5868 2954 5868 2946 5868 2953 5869 2955 5869 2951 5869 2951 5870 2955 5870 2947 5870 2956 5871 2955 5871 2953 5871 2947 5872 2955 5872 2950 5872 2954 5873 2957 5873 1817 5873 2950 5874 2957 5874 2954 5874 2956 5875 2957 5875 2955 5875 2955 5876 2957 5876 2950 5876 1818 5877 2957 5877 2691 5877 1817 5878 2957 5878 1818 5878 2691 5879 2957 5879 2956 5879 2690 5880 1883 5880 1690 5880 2690 5881 1690 5881 1886 5881 2909 5882 1886 5882 2105 5882 2909 5883 2690 5883 1886 5883 2916 5884 2105 5884 2112 5884 2916 5885 2909 5885 2105 5885 2923 5886 2112 5886 2119 5886 2923 5887 2916 5887 2112 5887 2924 5888 2119 5888 2120 5888 2924 5889 2923 5889 2119 5889 2930 5890 2120 5890 2126 5890 2930 5891 2924 5891 2120 5891 2935 5892 2126 5892 2131 5892 2935 5893 2131 5893 2136 5893 2935 5894 2930 5894 2126 5894 2940 5895 2136 5895 2137 5895 2940 5896 2935 5896 2136 5896 2941 5897 2940 5897 2137 5897 2945 5898 2137 5898 2141 5898 2945 5899 2141 5899 2145 5899 2945 5900 2941 5900 2137 5900 2949 5901 2945 5901 2145 5901 2952 5902 2145 5902 2148 5902 2952 5903 2148 5903 2149 5903 2952 5904 2949 5904 2145 5904 2953 5905 2952 5905 2149 5905 2956 5906 2149 5906 2152 5906 2956 5907 2953 5907 2149 5907 2691 5908 2152 5908 1887 5908 2691 5909 2956 5909 2152 5909 1819 5910 1887 5910 1626 5910 1819 5911 2691 5911 1887 5911</p>
        </triangles>
      </mesh>
    </geometry>
  </library_geometries>
  <library_materials>
    <material id="mat_Body001" name="Body001">
      <instance_effect url="#effect_Body001"/>
    </material>
  </library_materials>
  <library_visual_scenes>
    <visual_scene id="myscene">
      <node id="node0" name="node0">
        <instance_geometry url="#geometry0">
          <bind_material>
            <technique_common>
              <instance_material symbol="ref_Body001" target="#mat_Body001"/>
            </technique_common>
          </bind_material>
        </instance_geometry>
      </node>
    </visual_scene>
  </library_visual_scenes>
  <scene>
    <instance_visual_scene url="#myscene"/>
  </scene>
</COLLADA>
